INFO:     Started server process [6302]
INFO:     Waiting for application startup.
2026-05-23 21:51:28.371 | INFO     | api:startup:25 - Starting Recruitment AI API...
2026-05-23 21:51:28.371 | INFO     | database.mongodb:connect:18 - Connecting to MongoDB at mongodb+srv://fatimahhadeell_db_user:famahehe1@cluster0.5fn4umo.mongodb.net/recruitment_ai?appName=Cluster0 ...
2026-05-23 21:51:30.846 | SUCCESS  | database.mongodb:connect:25 - Connected to MongoDB. Database: 'recruitment_ai'
2026-05-23 21:51:30.846 | INFO     | database.mongodb:create_indexes:105 - Creating database indexes...
2026-05-23 21:51:32.250 | SUCCESS  | database.mongodb:create_indexes:114 - Database indexes created.
2026-05-23 21:51:35.037 | INFO     | api:background_pipeline:37 - Background poller started. Checking every 5 minutes.
2026-05-23 21:51:35.037 | SUCCESS  | api:startup:53 - API ready.
INFO:     Application startup complete.
INFO:     Uvicorn running on http://0.0.0.0:8000 (Press CTRL+C to quit)
INFO:     192.168.18.14:50904 - "GET /api/v1/interview/verify/24162946-542c-4354-9faf-2262e9390ce5 HTTP/1.1" 200 OK
INFO:     127.0.0.1:50905 - "GET /api/v1/stats HTTP/1.1" 200 OK
INFO:     127.0.0.1:50905 - "GET /api/v1/jobs HTTP/1.1" 200 OK
INFO:     127.0.0.1:50905 - "GET /api/v1/jobs/69f509c2bc3c3a0a6303fbc8/candidates HTTP/1.1" 200 OK
INFO:     127.0.0.1:50905 - "GET /api/v1/jobs/6a09c1ac706a290bda80c131/candidates HTTP/1.1" 200 OK
INFO:     127.0.0.1:50911 - "GET /api/v1/stats HTTP/1.1" 200 OK
INFO:     127.0.0.1:50911 - "GET /api/v1/jobs HTTP/1.1" 200 OK
INFO:     127.0.0.1:50911 - "GET /api/v1/jobs/69f509c2bc3c3a0a6303fbc8/candidates HTTP/1.1" 200 OK
INFO:     127.0.0.1:50911 - "GET /api/v1/jobs/6a09c1ac706a290bda80c131/candidates HTTP/1.1" 200 OK
INFO:     127.0.0.1:50917 - "GET /api/v1/stats HTTP/1.1" 200 OK
INFO:     127.0.0.1:50917 - "GET /api/v1/jobs HTTP/1.1" 200 OK
INFO:     127.0.0.1:50917 - "GET /api/v1/jobs/69f509c2bc3c3a0a6303fbc8/candidates HTTP/1.1" 200 OK
INFO:     127.0.0.1:50917 - "GET /api/v1/jobs/6a09c1ac706a290bda80c131/candidates HTTP/1.1" 200 OK
INFO:     127.0.0.1:50921 - "GET /api/v1/stats HTTP/1.1" 200 OK
INFO:     127.0.0.1:50921 - "GET /api/v1/jobs HTTP/1.1" 200 OK
INFO:     127.0.0.1:50921 - "GET /api/v1/jobs/69f509c2bc3c3a0a6303fbc8/candidates HTTP/1.1" 200 OK
INFO:     127.0.0.1:50921 - "GET /api/v1/jobs/6a09c1ac706a290bda80c131/candidates HTTP/1.1" 200 OK
2026-05-24 04:54:53.917 | INFO     | api:background_pipeline:41 - Poller: checking for new CVs...
2026-05-24 04:54:58.905 | DEBUG    | intake.google_auth:get_google_credentials:26 - Google credentials loaded and token refreshed. Service account: recruitment-ai-service@recruitment-ai-494910.iam.gserviceaccount.com
2026-05-24 04:54:58.907 | DEBUG    | intake.drive_fetcher:_connect:59 - DriveFetcher: Google API session established.
2026-05-24 04:55:01.372 | DEBUG    | intake.drive_fetcher:_read_sheet_rows:80 - Read 8 rows from Google Sheets.
2026-05-24 04:55:01.373 | INFO     | intake.drive_fetcher:run:44 - DriveFetcher: 8 total form submissions found.
INFO:     127.0.0.1:50976 - "GET /api/v1/stats HTTP/1.1" 500 Internal Server Error
ERROR:    Exception in ASGI application
Traceback (most recent call last):
  File "/Users/fatoo/recruitment_ai/venv/lib/python3.11/site-packages/pymongo/synchronous/pool.py", line 1035, in connect
    networking_interface = _configured_socket_interface(self.address, self.opts)
                           ^^^^^^^^^^^^^^^^^^^^^^^^^^^^^^^^^^^^^^^^^^^^^^^^^^^^^
  File "/Users/fatoo/recruitment_ai/venv/lib/python3.11/site-packages/pymongo/pool_shared.py", line 480, in _configured_socket_interface
    sock = _create_connection(address, options)
           ^^^^^^^^^^^^^^^^^^^^^^^^^^^^^^^^^^^^
  File "/Users/fatoo/recruitment_ai/venv/lib/python3.11/site-packages/pymongo/pool_shared.py", line 385, in _create_connection
    for res in socket.getaddrinfo(host, port, family=family, type=socket.SOCK_STREAM):  # type: ignore[attr-defined, unused-ignore]
               ^^^^^^^^^^^^^^^^^^^^^^^^^^^^^^^^^^^^^^^^^^^^^^^^^^^^^^^^^^^^^^^^^^^^^^
  File "/usr/local/Cellar/python@3.11/3.11.15/Frameworks/Python.framework/Versions/3.11/lib/python3.11/socket.py", line 974, in getaddrinfo
    for res in _socket.getaddrinfo(host, port, family, type, proto, flags):
               ^^^^^^^^^^^^^^^^^^^^^^^^^^^^^^^^^^^^^^^^^^^^^^^^^^^^^^^^^^^
socket.gaierror: [Errno 8] nodename nor servname provided, or not known

The above exception was the direct cause of the following exception:

Traceback (most recent call last):
  File "/Users/fatoo/recruitment_ai/venv/lib/python3.11/site-packages/uvicorn/protocols/http/httptools_impl.py", line 421, in run_asgi
    result = await app(  # type: ignore[func-returns-value]
             ^^^^^^^^^^^^^^^^^^^^^^^^^^^^^^^^^^^^^^^^^^^^^^
  File "/Users/fatoo/recruitment_ai/venv/lib/python3.11/site-packages/uvicorn/middleware/proxy_headers.py", line 56, in __call__
    return await self.app(scope, receive, send)
           ^^^^^^^^^^^^^^^^^^^^^^^^^^^^^^^^^^^^
  File "/Users/fatoo/recruitment_ai/venv/lib/python3.11/site-packages/fastapi/applications.py", line 1159, in __call__
    await super().__call__(scope, receive, send)
  File "/Users/fatoo/recruitment_ai/venv/lib/python3.11/site-packages/starlette/applications.py", line 90, in __call__
    await self.middleware_stack(scope, receive, send)
  File "/Users/fatoo/recruitment_ai/venv/lib/python3.11/site-packages/starlette/middleware/errors.py", line 186, in __call__
    raise exc
  File "/Users/fatoo/recruitment_ai/venv/lib/python3.11/site-packages/starlette/middleware/errors.py", line 164, in __call__
    await self.app(scope, receive, _send)
  File "/Users/fatoo/recruitment_ai/venv/lib/python3.11/site-packages/starlette/middleware/cors.py", line 96, in __call__
    await self.simple_response(scope, receive, send, request_headers=headers)
  File "/Users/fatoo/recruitment_ai/venv/lib/python3.11/site-packages/starlette/middleware/cors.py", line 154, in simple_response
    await self.app(scope, receive, send)
  File "/Users/fatoo/recruitment_ai/venv/lib/python3.11/site-packages/starlette/middleware/exceptions.py", line 63, in __call__
    await wrap_app_handling_exceptions(self.app, conn)(scope, receive, send)
  File "/Users/fatoo/recruitment_ai/venv/lib/python3.11/site-packages/starlette/_exception_handler.py", line 53, in wrapped_app
    raise exc
  File "/Users/fatoo/recruitment_ai/venv/lib/python3.11/site-packages/starlette/_exception_handler.py", line 42, in wrapped_app
    await app(scope, receive, sender)
  File "/Users/fatoo/recruitment_ai/venv/lib/python3.11/site-packages/fastapi/middleware/asyncexitstack.py", line 18, in __call__
    await self.app(scope, receive, send)
  File "/Users/fatoo/recruitment_ai/venv/lib/python3.11/site-packages/starlette/routing.py", line 660, in __call__
    await self.middleware_stack(scope, receive, send)
  File "/Users/fatoo/recruitment_ai/venv/lib/python3.11/site-packages/starlette/routing.py", line 680, in app
    await route.handle(scope, receive, send)
  File "/Users/fatoo/recruitment_ai/venv/lib/python3.11/site-packages/starlette/routing.py", line 276, in handle
    await self.app(scope, receive, send)
  File "/Users/fatoo/recruitment_ai/venv/lib/python3.11/site-packages/fastapi/routing.py", line 134, in app
    await wrap_app_handling_exceptions(app, request)(scope, receive, send)
  File "/Users/fatoo/recruitment_ai/venv/lib/python3.11/site-packages/starlette/_exception_handler.py", line 53, in wrapped_app
    raise exc
  File "/Users/fatoo/recruitment_ai/venv/lib/python3.11/site-packages/starlette/_exception_handler.py", line 42, in wrapped_app
    await app(scope, receive, sender)
  File "/Users/fatoo/recruitment_ai/venv/lib/python3.11/site-packages/fastapi/routing.py", line 120, in app
    response = await f(request)
               ^^^^^^^^^^^^^^^^
  File "/Users/fatoo/recruitment_ai/venv/lib/python3.11/site-packages/fastapi/routing.py", line 674, in app
    raw_response = await run_endpoint_function(
                   ^^^^^^^^^^^^^^^^^^^^^^^^^^^^
  File "/Users/fatoo/recruitment_ai/venv/lib/python3.11/site-packages/fastapi/routing.py", line 328, in run_endpoint_function
    return await dependant.call(**values)
           ^^^^^^^^^^^^^^^^^^^^^^^^^^^^^^
  File "/Users/fatoo/recruitment_ai/api/__init__.py", line 194, in get_stats
    return db_manager.get_stats()
           ^^^^^^^^^^^^^^^^^^^^^^
  File "/Users/fatoo/recruitment_ai/database/mongodb.py", line 150, in get_stats
    "jobs":          {"total": self.jobs.count_documents({}), "active": self.jobs.count_documents({"status": "active"})},
                               ^^^^^^^^^^^^^^^^^^^^^^^^^^^^^
  File "/Users/fatoo/recruitment_ai/venv/lib/python3.11/site-packages/pymongo/synchronous/collection.py", line 2162, in count_documents
    return self._retryable_non_cursor_read(_cmd, session, _Op.COUNT)
           ^^^^^^^^^^^^^^^^^^^^^^^^^^^^^^^^^^^^^^^^^^^^^^^^^^^^^^^^^
  File "/Users/fatoo/recruitment_ai/venv/lib/python3.11/site-packages/pymongo/synchronous/collection.py", line 2176, in _retryable_non_cursor_read
    return client._retryable_read(func, self._read_preference_for(s), s, operation)
           ^^^^^^^^^^^^^^^^^^^^^^^^^^^^^^^^^^^^^^^^^^^^^^^^^^^^^^^^^^^^^^^^^^^^^^^^
  File "/Users/fatoo/recruitment_ai/venv/lib/python3.11/site-packages/pymongo/synchronous/mongo_client.py", line 2076, in _retryable_read
    return self._retry_internal(
           ^^^^^^^^^^^^^^^^^^^^^
  File "/Users/fatoo/recruitment_ai/venv/lib/python3.11/site-packages/pymongo/_csot.py", line 125, in csot_wrapper
    return func(self, *args, **kwargs)
           ^^^^^^^^^^^^^^^^^^^^^^^^^^^
  File "/Users/fatoo/recruitment_ai/venv/lib/python3.11/site-packages/pymongo/synchronous/mongo_client.py", line 2038, in _retry_internal
    ).run()
      ^^^^^
  File "/Users/fatoo/recruitment_ai/venv/lib/python3.11/site-packages/pymongo/synchronous/mongo_client.py", line 2822, in run
    self._check_last_error()
  File "/Users/fatoo/recruitment_ai/venv/lib/python3.11/site-packages/pymongo/synchronous/mongo_client.py", line 2968, in _check_last_error
    raise self._last_error
  File "/Users/fatoo/recruitment_ai/venv/lib/python3.11/site-packages/pymongo/synchronous/mongo_client.py", line 2811, in run
    res = self._read() if self._is_read else self._write()
          ^^^^^^^^^^^^
  File "/Users/fatoo/recruitment_ai/venv/lib/python3.11/site-packages/pymongo/synchronous/mongo_client.py", line 3029, in _read
    with self._client._conn_from_server(self._read_pref, self._server, self._session) as (
  File "/usr/local/Cellar/python@3.11/3.11.15/Frameworks/Python.framework/Versions/3.11/lib/python3.11/contextlib.py", line 137, in __enter__
    return next(self.gen)
           ^^^^^^^^^^^^^^
  File "/Users/fatoo/recruitment_ai/venv/lib/python3.11/site-packages/pymongo/synchronous/mongo_client.py", line 1885, in _conn_from_server
    with self._checkout(server, session) as conn:
  File "/usr/local/Cellar/python@3.11/3.11.15/Frameworks/Python.framework/Versions/3.11/lib/python3.11/contextlib.py", line 137, in __enter__
    return next(self.gen)
           ^^^^^^^^^^^^^^
  File "/Users/fatoo/recruitment_ai/venv/lib/python3.11/site-packages/pymongo/synchronous/mongo_client.py", line 1795, in _checkout
    with server.checkout(handler=err_handler) as conn:
  File "/usr/local/Cellar/python@3.11/3.11.15/Frameworks/Python.framework/Versions/3.11/lib/python3.11/contextlib.py", line 137, in __enter__
    return next(self.gen)
           ^^^^^^^^^^^^^^
  File "/Users/fatoo/recruitment_ai/venv/lib/python3.11/site-packages/pymongo/synchronous/pool.py", line 1125, in checkout
    conn = self._get_conn(checkout_started_time, handler=handler)
           ^^^^^^^^^^^^^^^^^^^^^^^^^^^^^^^^^^^^^^^^^^^^^^^^^^^^^^
  File "/Users/fatoo/recruitment_ai/venv/lib/python3.11/site-packages/pymongo/synchronous/pool.py", line 1287, in _get_conn
    conn = self.connect(handler=handler)
           ^^^^^^^^^^^^^^^^^^^^^^^^^^^^^
  File "/Users/fatoo/recruitment_ai/venv/lib/python3.11/site-packages/pymongo/synchronous/pool.py", line 1059, in connect
    _raise_connection_failure(self.address, error, timeout_details=details)
  File "/Users/fatoo/recruitment_ai/venv/lib/python3.11/site-packages/pymongo/pool_shared.py", line 148, in _raise_connection_failure
    raise AutoReconnect(msg) from error
pymongo.errors.AutoReconnect: ac-koa0oqn-shard-00-01.5fn4umo.mongodb.net:27017: [Errno 8] nodename nor servname provided, or not known (configured timeouts: connectTimeoutMS: 20000.0ms)
INFO:     127.0.0.1:50990 - "GET /api/v1/jobs HTTP/1.1" 200 OK
INFO:     127.0.0.1:51011 - "GET /api/v1/jobs/69f509c2bc3c3a0a6303fbc8/candidates HTTP/1.1" 200 OK
INFO:     127.0.0.1:51011 - "GET /api/v1/jobs/6a09c1ac706a290bda80c131/candidates HTTP/1.1" 200 OK
2026-05-24 17:29:04.472 | ERROR    | intake.drive_fetcher:run:50 - Error processing row: ac-koa0oqn-shard-00-01.5fn4umo.mongodb.net:27017: connection closed (configured timeouts: connectTimeoutMS: 20000.0ms)
2026-05-24 17:29:07.593 | INFO     | intake.drive_fetcher:run:52 - DriveFetcher complete. New: 0, Skipped: 7, Errors: 1
2026-05-24 17:29:07.761 | INFO     | extraction:process_pending_candidates:67 - Text extraction: found 0 candidates with status RECEIVED.
2026-05-24 17:29:07.762 | INFO     | extraction:process_pending_candidates:109 - Text extraction complete. Processed: 0, Failed: 0, Skipped: 0
2026-05-24 17:29:07.924 | INFO     | scoring.pipeline:run_scoring_pipeline:17 - Scoring pipeline: 0 candidates with status PROCESSING.
2026-05-24 17:29:07.924 | INFO     | scoring.pipeline:run_scoring_pipeline:89 - Scoring complete. {'scored': 0, 'shortlisted': 0, 'not_selected': 0, 'failed': 0}
2026-05-24 17:29:08.084 | INFO     | scoring.mcq_scorer:process_mcq_responses:73 - Checking MCQ responses for job: Software Engineer
2026-05-24 17:29:09.538 | DEBUG    | intake.google_auth:get_google_credentials:26 - Google credentials loaded and token refreshed. Service account: recruitment-ai-service@recruitment-ai-494910.iam.gserviceaccount.com
2026-05-24 17:29:10.951 | DEBUG    | scoring.mcq_scorer:process_mcq_responses:149 - Already scored: Fatimah Adeel - skipping
2026-05-24 17:29:11.515 | DEBUG    | scoring.mcq_scorer:process_mcq_responses:149 - Already scored: test candidate 2 - skipping
2026-05-24 17:29:11.716 | DEBUG    | scoring.mcq_scorer:process_mcq_responses:149 - Already scored: Fatimah Adeel - skipping
2026-05-24 17:29:12.068 | DEBUG    | scoring.mcq_scorer:process_mcq_responses:149 - Already scored: Sulleman Mir - skipping
2026-05-24 17:29:12.071 | INFO     | scoring.mcq_scorer:process_mcq_responses:73 - Checking MCQ responses for job: Data Analyst
2026-05-24 17:29:19.029 | DEBUG    | intake.google_auth:get_google_credentials:26 - Google credentials loaded and token refreshed. Service account: recruitment-ai-service@recruitment-ai-494910.iam.gserviceaccount.com
2026-05-24 17:29:20.366 | DEBUG    | scoring.mcq_scorer:process_mcq_responses:149 - Already scored: Muhammad Ibrahim Mir - skipping
2026-05-24 17:29:20.607 | DEBUG    | scoring.mcq_scorer:process_mcq_responses:149 - Already scored: Muhammad Ibrahim Mir - skipping
2026-05-24 17:29:20.608 | INFO     | scoring.mcq_scorer:process_mcq_responses:184 - MCQ processing complete: {'processed': 0, 'skipped': 7, 'errors': 0}
2026-05-24 17:29:20.781 | INFO     | notifications:notify_shortlisted_candidates:165 - Notification check: 0 shortlisted candidates.
2026-05-24 17:29:21.802 | INFO     | notifications:notify_shortlisted_candidates:233 - Notifications done: {'sent': 0, 'skipped': 0, 'failed': 0}
2026-05-24 17:29:21.986 | INFO     | notifications:notify_rejected_candidates:344 - Rejection check: 1 rejected candidates.
2026-05-24 17:29:22.169 | INFO     | notifications:notify_rejected_candidates:369 - Rejection notifications done: {'sent': 0, 'skipped': 1, 'failed': 0}
2026-05-24 17:29:22.169 | INFO     | api:background_pipeline:48 - Poller: cycle complete.
2026-05-24 18:04:10.489 | INFO     | api:background_pipeline:41 - Poller: checking for new CVs...
2026-05-24 18:04:11.384 | DEBUG    | intake.google_auth:get_google_credentials:26 - Google credentials loaded and token refreshed. Service account: recruitment-ai-service@recruitment-ai-494910.iam.gserviceaccount.com
2026-05-24 18:04:11.387 | DEBUG    | intake.drive_fetcher:_connect:59 - DriveFetcher: Google API session established.
2026-05-24 18:04:12.311 | DEBUG    | intake.drive_fetcher:_read_sheet_rows:80 - Read 8 rows from Google Sheets.
2026-05-24 18:04:12.311 | INFO     | intake.drive_fetcher:run:44 - DriveFetcher: 8 total form submissions found.
2026-05-24 18:04:13.631 | WARNING  | intake.drive_fetcher:_process_row:101 - No active job found for: ''
2026-05-24 18:04:14.784 | INFO     | intake.drive_fetcher:run:52 - DriveFetcher complete. New: 0, Skipped: 8, Errors: 0
2026-05-24 18:04:14.952 | INFO     | extraction:process_pending_candidates:67 - Text extraction: found 0 candidates with status RECEIVED.
2026-05-24 18:04:14.953 | INFO     | extraction:process_pending_candidates:109 - Text extraction complete. Processed: 0, Failed: 0, Skipped: 0
2026-05-24 18:04:15.116 | INFO     | scoring.pipeline:run_scoring_pipeline:17 - Scoring pipeline: 0 candidates with status PROCESSING.
2026-05-24 18:04:15.117 | INFO     | scoring.pipeline:run_scoring_pipeline:89 - Scoring complete. {'scored': 0, 'shortlisted': 0, 'not_selected': 0, 'failed': 0}
2026-05-24 18:04:15.285 | INFO     | scoring.mcq_scorer:process_mcq_responses:73 - Checking MCQ responses for job: Software Engineer
2026-05-24 18:04:15.871 | DEBUG    | intake.google_auth:get_google_credentials:26 - Google credentials loaded and token refreshed. Service account: recruitment-ai-service@recruitment-ai-494910.iam.gserviceaccount.com
2026-05-24 18:04:17.436 | DEBUG    | scoring.mcq_scorer:process_mcq_responses:149 - Already scored: Fatimah Adeel - skipping
2026-05-24 18:04:17.941 | DEBUG    | scoring.mcq_scorer:process_mcq_responses:149 - Already scored: test candidate 2 - skipping
2026-05-24 18:04:18.102 | DEBUG    | scoring.mcq_scorer:process_mcq_responses:149 - Already scored: Fatimah Adeel - skipping
2026-05-24 18:04:18.278 | DEBUG    | scoring.mcq_scorer:process_mcq_responses:149 - Already scored: Sulleman Mir - skipping
2026-05-24 18:04:18.278 | INFO     | scoring.mcq_scorer:process_mcq_responses:73 - Checking MCQ responses for job: Data Analyst
2026-05-24 18:04:18.991 | DEBUG    | intake.google_auth:get_google_credentials:26 - Google credentials loaded and token refreshed. Service account: recruitment-ai-service@recruitment-ai-494910.iam.gserviceaccount.com
2026-05-24 18:04:20.189 | DEBUG    | scoring.mcq_scorer:process_mcq_responses:149 - Already scored: Muhammad Ibrahim Mir - skipping
2026-05-24 18:04:20.348 | DEBUG    | scoring.mcq_scorer:process_mcq_responses:149 - Already scored: Muhammad Ibrahim Mir - skipping
2026-05-24 18:04:20.349 | INFO     | scoring.mcq_scorer:process_mcq_responses:184 - MCQ processing complete: {'processed': 0, 'skipped': 7, 'errors': 0}
2026-05-24 18:04:20.516 | INFO     | notifications:notify_shortlisted_candidates:165 - Notification check: 0 shortlisted candidates.
2026-05-24 18:04:21.466 | INFO     | notifications:notify_shortlisted_candidates:233 - Notifications done: {'sent': 0, 'skipped': 0, 'failed': 0}
2026-05-24 18:04:21.624 | INFO     | notifications:notify_rejected_candidates:344 - Rejection check: 1 rejected candidates.
2026-05-24 18:04:21.781 | INFO     | notifications:notify_rejected_candidates:369 - Rejection notifications done: {'sent': 0, 'skipped': 1, 'failed': 0}
2026-05-24 18:04:21.781 | INFO     | api:background_pipeline:48 - Poller: cycle complete.
2026-05-24 18:09:21.779 | INFO     | api:background_pipeline:41 - Poller: checking for new CVs...
2026-05-24 18:09:22.377 | DEBUG    | intake.google_auth:get_google_credentials:26 - Google credentials loaded and token refreshed. Service account: recruitment-ai-service@recruitment-ai-494910.iam.gserviceaccount.com
2026-05-24 18:09:22.378 | DEBUG    | intake.drive_fetcher:_connect:59 - DriveFetcher: Google API session established.
2026-05-24 18:09:23.709 | DEBUG    | intake.drive_fetcher:_read_sheet_rows:80 - Read 8 rows from Google Sheets.
2026-05-24 18:09:23.710 | INFO     | intake.drive_fetcher:run:44 - DriveFetcher: 8 total form submissions found.
2026-05-24 18:09:23.874 | WARNING  | intake.drive_fetcher:_process_row:101 - No active job found for: ''
2026-05-24 18:09:24.980 | INFO     | intake.drive_fetcher:run:52 - DriveFetcher complete. New: 0, Skipped: 8, Errors: 0
2026-05-24 18:09:25.140 | INFO     | extraction:process_pending_candidates:67 - Text extraction: found 0 candidates with status RECEIVED.
2026-05-24 18:09:25.140 | INFO     | extraction:process_pending_candidates:109 - Text extraction complete. Processed: 0, Failed: 0, Skipped: 0
2026-05-24 18:09:25.298 | INFO     | scoring.pipeline:run_scoring_pipeline:17 - Scoring pipeline: 0 candidates with status PROCESSING.
2026-05-24 18:09:25.298 | INFO     | scoring.pipeline:run_scoring_pipeline:89 - Scoring complete. {'scored': 0, 'shortlisted': 0, 'not_selected': 0, 'failed': 0}
2026-05-24 18:09:25.462 | INFO     | scoring.mcq_scorer:process_mcq_responses:73 - Checking MCQ responses for job: Software Engineer
2026-05-24 18:09:26.009 | DEBUG    | intake.google_auth:get_google_credentials:26 - Google credentials loaded and token refreshed. Service account: recruitment-ai-service@recruitment-ai-494910.iam.gserviceaccount.com
2026-05-24 18:09:27.393 | DEBUG    | scoring.mcq_scorer:process_mcq_responses:149 - Already scored: Fatimah Adeel - skipping
2026-05-24 18:09:27.870 | DEBUG    | scoring.mcq_scorer:process_mcq_responses:149 - Already scored: test candidate 2 - skipping
2026-05-24 18:09:28.029 | DEBUG    | scoring.mcq_scorer:process_mcq_responses:149 - Already scored: Fatimah Adeel - skipping
2026-05-24 18:09:28.191 | DEBUG    | scoring.mcq_scorer:process_mcq_responses:149 - Already scored: Sulleman Mir - skipping
2026-05-24 18:09:28.192 | INFO     | scoring.mcq_scorer:process_mcq_responses:73 - Checking MCQ responses for job: Data Analyst
2026-05-24 18:09:28.731 | DEBUG    | intake.google_auth:get_google_credentials:26 - Google credentials loaded and token refreshed. Service account: recruitment-ai-service@recruitment-ai-494910.iam.gserviceaccount.com
2026-05-24 18:09:29.678 | DEBUG    | scoring.mcq_scorer:process_mcq_responses:149 - Already scored: Muhammad Ibrahim Mir - skipping
2026-05-24 18:09:29.836 | DEBUG    | scoring.mcq_scorer:process_mcq_responses:149 - Already scored: Muhammad Ibrahim Mir - skipping
2026-05-24 18:09:29.840 | INFO     | scoring.mcq_scorer:process_mcq_responses:184 - MCQ processing complete: {'processed': 0, 'skipped': 7, 'errors': 0}
2026-05-24 18:09:30.001 | INFO     | notifications:notify_shortlisted_candidates:165 - Notification check: 0 shortlisted candidates.
2026-05-24 18:09:30.950 | INFO     | notifications:notify_shortlisted_candidates:233 - Notifications done: {'sent': 0, 'skipped': 0, 'failed': 0}
2026-05-24 18:09:31.109 | INFO     | notifications:notify_rejected_candidates:344 - Rejection check: 1 rejected candidates.
2026-05-24 18:09:31.272 | INFO     | notifications:notify_rejected_candidates:369 - Rejection notifications done: {'sent': 0, 'skipped': 1, 'failed': 0}
2026-05-24 18:09:31.272 | INFO     | api:background_pipeline:48 - Poller: cycle complete.
2026-05-24 18:14:31.272 | INFO     | api:background_pipeline:41 - Poller: checking for new CVs...
2026-05-24 18:14:31.853 | DEBUG    | intake.google_auth:get_google_credentials:26 - Google credentials loaded and token refreshed. Service account: recruitment-ai-service@recruitment-ai-494910.iam.gserviceaccount.com
2026-05-24 18:14:31.856 | DEBUG    | intake.drive_fetcher:_connect:59 - DriveFetcher: Google API session established.
2026-05-24 18:14:33.113 | DEBUG    | intake.drive_fetcher:_read_sheet_rows:80 - Read 8 rows from Google Sheets.
2026-05-24 18:14:33.113 | INFO     | intake.drive_fetcher:run:44 - DriveFetcher: 8 total form submissions found.
2026-05-24 18:14:33.271 | WARNING  | intake.drive_fetcher:_process_row:101 - No active job found for: ''
2026-05-24 18:14:34.396 | INFO     | intake.drive_fetcher:run:52 - DriveFetcher complete. New: 0, Skipped: 8, Errors: 0
2026-05-24 18:14:34.556 | INFO     | extraction:process_pending_candidates:67 - Text extraction: found 0 candidates with status RECEIVED.
2026-05-24 18:14:34.556 | INFO     | extraction:process_pending_candidates:109 - Text extraction complete. Processed: 0, Failed: 0, Skipped: 0
2026-05-24 18:14:34.714 | INFO     | scoring.pipeline:run_scoring_pipeline:17 - Scoring pipeline: 0 candidates with status PROCESSING.
2026-05-24 18:14:34.714 | INFO     | scoring.pipeline:run_scoring_pipeline:89 - Scoring complete. {'scored': 0, 'shortlisted': 0, 'not_selected': 0, 'failed': 0}
2026-05-24 18:14:34.874 | INFO     | scoring.mcq_scorer:process_mcq_responses:73 - Checking MCQ responses for job: Software Engineer
2026-05-24 18:14:35.429 | DEBUG    | intake.google_auth:get_google_credentials:26 - Google credentials loaded and token refreshed. Service account: recruitment-ai-service@recruitment-ai-494910.iam.gserviceaccount.com
2026-05-24 18:14:36.991 | DEBUG    | scoring.mcq_scorer:process_mcq_responses:149 - Already scored: Fatimah Adeel - skipping
2026-05-24 18:14:37.467 | DEBUG    | scoring.mcq_scorer:process_mcq_responses:149 - Already scored: test candidate 2 - skipping
2026-05-24 18:14:37.625 | DEBUG    | scoring.mcq_scorer:process_mcq_responses:149 - Already scored: Fatimah Adeel - skipping
2026-05-24 18:14:37.783 | DEBUG    | scoring.mcq_scorer:process_mcq_responses:149 - Already scored: Sulleman Mir - skipping
2026-05-24 18:14:37.783 | INFO     | scoring.mcq_scorer:process_mcq_responses:73 - Checking MCQ responses for job: Data Analyst
2026-05-24 18:14:38.345 | DEBUG    | intake.google_auth:get_google_credentials:26 - Google credentials loaded and token refreshed. Service account: recruitment-ai-service@recruitment-ai-494910.iam.gserviceaccount.com
2026-05-24 18:14:39.892 | DEBUG    | scoring.mcq_scorer:process_mcq_responses:149 - Already scored: Muhammad Ibrahim Mir - skipping
2026-05-24 18:14:40.050 | DEBUG    | scoring.mcq_scorer:process_mcq_responses:149 - Already scored: Muhammad Ibrahim Mir - skipping
2026-05-24 18:14:40.051 | INFO     | scoring.mcq_scorer:process_mcq_responses:184 - MCQ processing complete: {'processed': 0, 'skipped': 7, 'errors': 0}
2026-05-24 18:14:40.213 | INFO     | notifications:notify_shortlisted_candidates:165 - Notification check: 0 shortlisted candidates.
2026-05-24 18:14:41.168 | INFO     | notifications:notify_shortlisted_candidates:233 - Notifications done: {'sent': 0, 'skipped': 0, 'failed': 0}
2026-05-24 18:14:41.327 | INFO     | notifications:notify_rejected_candidates:344 - Rejection check: 1 rejected candidates.
2026-05-24 18:14:41.491 | INFO     | notifications:notify_rejected_candidates:369 - Rejection notifications done: {'sent': 0, 'skipped': 1, 'failed': 0}
2026-05-24 18:14:41.491 | INFO     | api:background_pipeline:48 - Poller: cycle complete.
2026-05-24 18:19:41.489 | INFO     | api:background_pipeline:41 - Poller: checking for new CVs...
2026-05-24 18:19:42.075 | DEBUG    | intake.google_auth:get_google_credentials:26 - Google credentials loaded and token refreshed. Service account: recruitment-ai-service@recruitment-ai-494910.iam.gserviceaccount.com
2026-05-24 18:19:42.077 | DEBUG    | intake.drive_fetcher:_connect:59 - DriveFetcher: Google API session established.
2026-05-24 18:19:43.328 | DEBUG    | intake.drive_fetcher:_read_sheet_rows:80 - Read 8 rows from Google Sheets.
2026-05-24 18:19:43.328 | INFO     | intake.drive_fetcher:run:44 - DriveFetcher: 8 total form submissions found.
2026-05-24 18:19:43.494 | WARNING  | intake.drive_fetcher:_process_row:101 - No active job found for: ''
2026-05-24 18:19:44.609 | INFO     | intake.drive_fetcher:run:52 - DriveFetcher complete. New: 0, Skipped: 8, Errors: 0
2026-05-24 18:19:44.771 | INFO     | extraction:process_pending_candidates:67 - Text extraction: found 0 candidates with status RECEIVED.
2026-05-24 18:19:44.771 | INFO     | extraction:process_pending_candidates:109 - Text extraction complete. Processed: 0, Failed: 0, Skipped: 0
2026-05-24 18:19:44.935 | INFO     | scoring.pipeline:run_scoring_pipeline:17 - Scoring pipeline: 0 candidates with status PROCESSING.
2026-05-24 18:19:44.935 | INFO     | scoring.pipeline:run_scoring_pipeline:89 - Scoring complete. {'scored': 0, 'shortlisted': 0, 'not_selected': 0, 'failed': 0}
2026-05-24 18:19:45.101 | INFO     | scoring.mcq_scorer:process_mcq_responses:73 - Checking MCQ responses for job: Software Engineer
2026-05-24 18:19:45.681 | DEBUG    | intake.google_auth:get_google_credentials:26 - Google credentials loaded and token refreshed. Service account: recruitment-ai-service@recruitment-ai-494910.iam.gserviceaccount.com
2026-05-24 18:19:47.159 | DEBUG    | scoring.mcq_scorer:process_mcq_responses:149 - Already scored: Fatimah Adeel - skipping
2026-05-24 18:19:47.647 | DEBUG    | scoring.mcq_scorer:process_mcq_responses:149 - Already scored: test candidate 2 - skipping
2026-05-24 18:19:47.807 | DEBUG    | scoring.mcq_scorer:process_mcq_responses:149 - Already scored: Fatimah Adeel - skipping
2026-05-24 18:19:47.968 | DEBUG    | scoring.mcq_scorer:process_mcq_responses:149 - Already scored: Sulleman Mir - skipping
2026-05-24 18:19:47.968 | INFO     | scoring.mcq_scorer:process_mcq_responses:73 - Checking MCQ responses for job: Data Analyst
2026-05-24 18:19:48.509 | DEBUG    | intake.google_auth:get_google_credentials:26 - Google credentials loaded and token refreshed. Service account: recruitment-ai-service@recruitment-ai-494910.iam.gserviceaccount.com
2026-05-24 18:19:49.909 | DEBUG    | scoring.mcq_scorer:process_mcq_responses:149 - Already scored: Muhammad Ibrahim Mir - skipping
2026-05-24 18:19:50.070 | DEBUG    | scoring.mcq_scorer:process_mcq_responses:149 - Already scored: Muhammad Ibrahim Mir - skipping
2026-05-24 18:19:50.070 | INFO     | scoring.mcq_scorer:process_mcq_responses:184 - MCQ processing complete: {'processed': 0, 'skipped': 7, 'errors': 0}
2026-05-24 18:19:50.231 | INFO     | notifications:notify_shortlisted_candidates:165 - Notification check: 0 shortlisted candidates.
2026-05-24 18:19:51.253 | INFO     | notifications:notify_shortlisted_candidates:233 - Notifications done: {'sent': 0, 'skipped': 0, 'failed': 0}
2026-05-24 18:19:51.411 | INFO     | notifications:notify_rejected_candidates:344 - Rejection check: 1 rejected candidates.
2026-05-24 18:19:51.570 | INFO     | notifications:notify_rejected_candidates:369 - Rejection notifications done: {'sent': 0, 'skipped': 1, 'failed': 0}
2026-05-24 18:19:51.570 | INFO     | api:background_pipeline:48 - Poller: cycle complete.
INFO:     127.0.0.1:51180 - "GET /api/v1/stats HTTP/1.1" 200 OK
INFO:     127.0.0.1:51180 - "GET /api/v1/jobs HTTP/1.1" 200 OK
INFO:     127.0.0.1:51180 - "GET /api/v1/jobs/69f509c2bc3c3a0a6303fbc8/candidates HTTP/1.1" 200 OK
INFO:     127.0.0.1:51180 - "GET /api/v1/jobs/6a09c1ac706a290bda80c131/candidates HTTP/1.1" 200 OK
INFO:     127.0.0.1:51185 - "GET /api/v1/stats HTTP/1.1" 200 OK
INFO:     127.0.0.1:51185 - "GET /api/v1/jobs HTTP/1.1" 200 OK
INFO:     127.0.0.1:51185 - "GET /api/v1/jobs/69f509c2bc3c3a0a6303fbc8/candidates HTTP/1.1" 200 OK
INFO:     127.0.0.1:51185 - "GET /api/v1/jobs/6a09c1ac706a290bda80c131/candidates HTTP/1.1" 200 OK
INFO:     127.0.0.1:51189 - "GET /api/v1/stats HTTP/1.1" 200 OK
INFO:     127.0.0.1:51189 - "GET /api/v1/jobs HTTP/1.1" 200 OK
INFO:     127.0.0.1:51189 - "GET /api/v1/jobs/69f509c2bc3c3a0a6303fbc8/candidates HTTP/1.1" 200 OK
INFO:     127.0.0.1:51189 - "GET /api/v1/jobs/6a09c1ac706a290bda80c131/candidates HTTP/1.1" 200 OK
2026-05-24 18:24:51.568 | INFO     | api:background_pipeline:41 - Poller: checking for new CVs...
2026-05-24 18:24:52.167 | DEBUG    | intake.google_auth:get_google_credentials:26 - Google credentials loaded and token refreshed. Service account: recruitment-ai-service@recruitment-ai-494910.iam.gserviceaccount.com
2026-05-24 18:24:52.168 | DEBUG    | intake.drive_fetcher:_connect:59 - DriveFetcher: Google API session established.
2026-05-24 18:24:53.526 | DEBUG    | intake.drive_fetcher:_read_sheet_rows:80 - Read 8 rows from Google Sheets.
2026-05-24 18:24:53.526 | INFO     | intake.drive_fetcher:run:44 - DriveFetcher: 8 total form submissions found.
2026-05-24 18:24:53.684 | WARNING  | intake.drive_fetcher:_process_row:101 - No active job found for: ''
2026-05-24 18:24:54.829 | INFO     | intake.drive_fetcher:run:52 - DriveFetcher complete. New: 0, Skipped: 8, Errors: 0
2026-05-24 18:24:55.007 | INFO     | extraction:process_pending_candidates:67 - Text extraction: found 0 candidates with status RECEIVED.
2026-05-24 18:24:55.007 | INFO     | extraction:process_pending_candidates:109 - Text extraction complete. Processed: 0, Failed: 0, Skipped: 0
2026-05-24 18:24:55.167 | INFO     | scoring.pipeline:run_scoring_pipeline:17 - Scoring pipeline: 0 candidates with status PROCESSING.
2026-05-24 18:24:55.167 | INFO     | scoring.pipeline:run_scoring_pipeline:89 - Scoring complete. {'scored': 0, 'shortlisted': 0, 'not_selected': 0, 'failed': 0}
2026-05-24 18:24:55.326 | INFO     | scoring.mcq_scorer:process_mcq_responses:73 - Checking MCQ responses for job: Software Engineer
2026-05-24 18:24:55.902 | DEBUG    | intake.google_auth:get_google_credentials:26 - Google credentials loaded and token refreshed. Service account: recruitment-ai-service@recruitment-ai-494910.iam.gserviceaccount.com
2026-05-24 18:24:57.627 | DEBUG    | scoring.mcq_scorer:process_mcq_responses:149 - Already scored: Fatimah Adeel - skipping
2026-05-24 18:24:58.116 | DEBUG    | scoring.mcq_scorer:process_mcq_responses:149 - Already scored: test candidate 2 - skipping
2026-05-24 18:24:58.284 | DEBUG    | scoring.mcq_scorer:process_mcq_responses:149 - Already scored: Fatimah Adeel - skipping
2026-05-24 18:24:58.446 | DEBUG    | scoring.mcq_scorer:process_mcq_responses:149 - Already scored: Sulleman Mir - skipping
2026-05-24 18:24:58.446 | INFO     | scoring.mcq_scorer:process_mcq_responses:73 - Checking MCQ responses for job: Data Analyst
2026-05-24 18:24:59.010 | DEBUG    | intake.google_auth:get_google_credentials:26 - Google credentials loaded and token refreshed. Service account: recruitment-ai-service@recruitment-ai-494910.iam.gserviceaccount.com
2026-05-24 18:25:00.710 | DEBUG    | scoring.mcq_scorer:process_mcq_responses:149 - Already scored: Muhammad Ibrahim Mir - skipping
2026-05-24 18:25:00.889 | DEBUG    | scoring.mcq_scorer:process_mcq_responses:149 - Already scored: Muhammad Ibrahim Mir - skipping
2026-05-24 18:25:00.890 | INFO     | scoring.mcq_scorer:process_mcq_responses:184 - MCQ processing complete: {'processed': 0, 'skipped': 7, 'errors': 0}
2026-05-24 18:25:01.056 | INFO     | notifications:notify_shortlisted_candidates:165 - Notification check: 0 shortlisted candidates.
2026-05-24 18:25:02.036 | INFO     | notifications:notify_shortlisted_candidates:233 - Notifications done: {'sent': 0, 'skipped': 0, 'failed': 0}
2026-05-24 18:25:02.210 | INFO     | notifications:notify_rejected_candidates:344 - Rejection check: 1 rejected candidates.
2026-05-24 18:25:02.375 | INFO     | notifications:notify_rejected_candidates:369 - Rejection notifications done: {'sent': 0, 'skipped': 1, 'failed': 0}
2026-05-24 18:25:02.376 | INFO     | api:background_pipeline:48 - Poller: cycle complete.
INFO:     127.0.0.1:51197 - "GET /api/v1/stats HTTP/1.1" 200 OK
INFO:     127.0.0.1:51197 - "GET /api/v1/jobs HTTP/1.1" 200 OK
INFO:     127.0.0.1:51197 - "GET /api/v1/jobs/69f509c2bc3c3a0a6303fbc8/candidates HTTP/1.1" 200 OK
INFO:     127.0.0.1:51197 - "GET /api/v1/jobs/6a09c1ac706a290bda80c131/candidates HTTP/1.1" 200 OK
INFO:     127.0.0.1:51201 - "GET /api/v1/stats HTTP/1.1" 200 OK
INFO:     127.0.0.1:51201 - "GET /api/v1/jobs HTTP/1.1" 200 OK
INFO:     127.0.0.1:51201 - "GET /api/v1/jobs/69f509c2bc3c3a0a6303fbc8/candidates HTTP/1.1" 200 OK
INFO:     127.0.0.1:51201 - "GET /api/v1/jobs/6a09c1ac706a290bda80c131/candidates HTTP/1.1" 200 OK
INFO:     127.0.0.1:51203 - "GET /api/v1/stats HTTP/1.1" 200 OK
INFO:     127.0.0.1:51203 - "GET /api/v1/jobs HTTP/1.1" 200 OK
INFO:     127.0.0.1:51203 - "GET /api/v1/jobs/69f509c2bc3c3a0a6303fbc8/candidates HTTP/1.1" 200 OK
INFO:     127.0.0.1:51203 - "GET /api/v1/jobs/6a09c1ac706a290bda80c131/candidates HTTP/1.1" 200 OK
INFO:     127.0.0.1:51221 - "GET /api/v1/stats HTTP/1.1" 200 OK
INFO:     127.0.0.1:51221 - "GET /api/v1/jobs HTTP/1.1" 200 OK
INFO:     127.0.0.1:51221 - "GET /api/v1/jobs/69f509c2bc3c3a0a6303fbc8/candidates HTTP/1.1" 200 OK
INFO:     127.0.0.1:51221 - "GET /api/v1/jobs/6a09c1ac706a290bda80c131/candidates HTTP/1.1" 200 OK
2026-05-24 18:30:02.375 | INFO     | api:background_pipeline:41 - Poller: checking for new CVs...
2026-05-24 18:30:03.163 | DEBUG    | intake.google_auth:get_google_credentials:26 - Google credentials loaded and token refreshed. Service account: recruitment-ai-service@recruitment-ai-494910.iam.gserviceaccount.com
2026-05-24 18:30:03.166 | DEBUG    | intake.drive_fetcher:_connect:59 - DriveFetcher: Google API session established.
2026-05-24 18:30:04.429 | DEBUG    | intake.drive_fetcher:_read_sheet_rows:80 - Read 8 rows from Google Sheets.
2026-05-24 18:30:04.429 | INFO     | intake.drive_fetcher:run:44 - DriveFetcher: 8 total form submissions found.
2026-05-24 18:30:04.587 | WARNING  | intake.drive_fetcher:_process_row:101 - No active job found for: ''
2026-05-24 18:30:05.725 | INFO     | intake.drive_fetcher:run:52 - DriveFetcher complete. New: 0, Skipped: 8, Errors: 0
2026-05-24 18:30:05.888 | INFO     | extraction:process_pending_candidates:67 - Text extraction: found 0 candidates with status RECEIVED.
2026-05-24 18:30:05.888 | INFO     | extraction:process_pending_candidates:109 - Text extraction complete. Processed: 0, Failed: 0, Skipped: 0
2026-05-24 18:30:06.049 | INFO     | scoring.pipeline:run_scoring_pipeline:17 - Scoring pipeline: 0 candidates with status PROCESSING.
2026-05-24 18:30:06.050 | INFO     | scoring.pipeline:run_scoring_pipeline:89 - Scoring complete. {'scored': 0, 'shortlisted': 0, 'not_selected': 0, 'failed': 0}
2026-05-24 18:30:06.215 | INFO     | scoring.mcq_scorer:process_mcq_responses:73 - Checking MCQ responses for job: Software Engineer
2026-05-24 18:30:06.793 | DEBUG    | intake.google_auth:get_google_credentials:26 - Google credentials loaded and token refreshed. Service account: recruitment-ai-service@recruitment-ai-494910.iam.gserviceaccount.com
2026-05-24 18:30:07.757 | DEBUG    | scoring.mcq_scorer:process_mcq_responses:149 - Already scored: Fatimah Adeel - skipping
2026-05-24 18:30:08.260 | DEBUG    | scoring.mcq_scorer:process_mcq_responses:149 - Already scored: test candidate 2 - skipping
2026-05-24 18:30:08.423 | DEBUG    | scoring.mcq_scorer:process_mcq_responses:149 - Already scored: Fatimah Adeel - skipping
2026-05-24 18:30:08.582 | DEBUG    | scoring.mcq_scorer:process_mcq_responses:149 - Already scored: Sulleman Mir - skipping
2026-05-24 18:30:08.582 | INFO     | scoring.mcq_scorer:process_mcq_responses:73 - Checking MCQ responses for job: Data Analyst
2026-05-24 18:30:09.171 | DEBUG    | intake.google_auth:get_google_credentials:26 - Google credentials loaded and token refreshed. Service account: recruitment-ai-service@recruitment-ai-494910.iam.gserviceaccount.com
2026-05-24 18:30:10.629 | DEBUG    | scoring.mcq_scorer:process_mcq_responses:149 - Already scored: Muhammad Ibrahim Mir - skipping
2026-05-24 18:30:10.792 | DEBUG    | scoring.mcq_scorer:process_mcq_responses:149 - Already scored: Muhammad Ibrahim Mir - skipping
2026-05-24 18:30:10.792 | INFO     | scoring.mcq_scorer:process_mcq_responses:184 - MCQ processing complete: {'processed': 0, 'skipped': 7, 'errors': 0}
2026-05-24 18:30:10.955 | INFO     | notifications:notify_shortlisted_candidates:165 - Notification check: 0 shortlisted candidates.
2026-05-24 18:30:11.909 | INFO     | notifications:notify_shortlisted_candidates:233 - Notifications done: {'sent': 0, 'skipped': 0, 'failed': 0}
2026-05-24 18:30:12.069 | INFO     | notifications:notify_rejected_candidates:344 - Rejection check: 1 rejected candidates.
2026-05-24 18:30:12.232 | INFO     | notifications:notify_rejected_candidates:369 - Rejection notifications done: {'sent': 0, 'skipped': 1, 'failed': 0}
2026-05-24 18:30:12.233 | INFO     | api:background_pipeline:48 - Poller: cycle complete.
INFO:     127.0.0.1:51230 - "GET /api/v1/stats HTTP/1.1" 200 OK
INFO:     127.0.0.1:51230 - "GET /api/v1/jobs HTTP/1.1" 200 OK
INFO:     127.0.0.1:51230 - "GET /api/v1/jobs/69f509c2bc3c3a0a6303fbc8/candidates HTTP/1.1" 200 OK
INFO:     127.0.0.1:51230 - "GET /api/v1/jobs/6a09c1ac706a290bda80c131/candidates HTTP/1.1" 200 OK
INFO:     127.0.0.1:51233 - "GET /api/v1/stats HTTP/1.1" 200 OK
INFO:     127.0.0.1:51233 - "GET /api/v1/jobs HTTP/1.1" 200 OK
INFO:     127.0.0.1:51233 - "GET /api/v1/jobs/69f509c2bc3c3a0a6303fbc8/candidates HTTP/1.1" 200 OK
INFO:     127.0.0.1:51233 - "GET /api/v1/jobs/6a09c1ac706a290bda80c131/candidates HTTP/1.1" 200 OK
INFO:     127.0.0.1:51235 - "GET /api/v1/stats HTTP/1.1" 200 OK
INFO:     127.0.0.1:51235 - "GET /api/v1/jobs HTTP/1.1" 200 OK
INFO:     127.0.0.1:51235 - "GET /api/v1/jobs/69f509c2bc3c3a0a6303fbc8/candidates HTTP/1.1" 200 OK
INFO:     127.0.0.1:51235 - "GET /api/v1/jobs/6a09c1ac706a290bda80c131/candidates HTTP/1.1" 200 OK
INFO:     127.0.0.1:51236 - "GET /api/v1/stats HTTP/1.1" 200 OK
INFO:     127.0.0.1:51236 - "GET /api/v1/jobs HTTP/1.1" 200 OK
INFO:     127.0.0.1:51236 - "GET /api/v1/jobs/69f509c2bc3c3a0a6303fbc8/candidates HTTP/1.1" 200 OK
INFO:     127.0.0.1:51236 - "GET /api/v1/jobs/6a09c1ac706a290bda80c131/candidates HTTP/1.1" 200 OK
INFO:     127.0.0.1:51244 - "GET /api/v1/stats HTTP/1.1" 200 OK
INFO:     127.0.0.1:51244 - "GET /api/v1/jobs HTTP/1.1" 200 OK
INFO:     127.0.0.1:51244 - "GET /api/v1/jobs/69f509c2bc3c3a0a6303fbc8/candidates HTTP/1.1" 200 OK
INFO:     127.0.0.1:51244 - "GET /api/v1/jobs/6a09c1ac706a290bda80c131/candidates HTTP/1.1" 200 OK
2026-05-24 18:35:12.273 | INFO     | api:background_pipeline:41 - Poller: checking for new CVs...
2026-05-24 18:35:12.894 | DEBUG    | intake.google_auth:get_google_credentials:26 - Google credentials loaded and token refreshed. Service account: recruitment-ai-service@recruitment-ai-494910.iam.gserviceaccount.com
2026-05-24 18:35:12.897 | DEBUG    | intake.drive_fetcher:_connect:59 - DriveFetcher: Google API session established.
2026-05-24 18:35:14.421 | DEBUG    | intake.drive_fetcher:_read_sheet_rows:80 - Read 8 rows from Google Sheets.
2026-05-24 18:35:14.421 | INFO     | intake.drive_fetcher:run:44 - DriveFetcher: 8 total form submissions found.
2026-05-24 18:35:14.579 | WARNING  | intake.drive_fetcher:_process_row:101 - No active job found for: ''
2026-05-24 18:35:15.705 | INFO     | intake.drive_fetcher:run:52 - DriveFetcher complete. New: 0, Skipped: 8, Errors: 0
2026-05-24 18:35:15.868 | INFO     | extraction:process_pending_candidates:67 - Text extraction: found 0 candidates with status RECEIVED.
2026-05-24 18:35:15.868 | INFO     | extraction:process_pending_candidates:109 - Text extraction complete. Processed: 0, Failed: 0, Skipped: 0
2026-05-24 18:35:16.026 | INFO     | scoring.pipeline:run_scoring_pipeline:17 - Scoring pipeline: 0 candidates with status PROCESSING.
2026-05-24 18:35:16.030 | INFO     | scoring.pipeline:run_scoring_pipeline:89 - Scoring complete. {'scored': 0, 'shortlisted': 0, 'not_selected': 0, 'failed': 0}
2026-05-24 18:35:16.188 | INFO     | scoring.mcq_scorer:process_mcq_responses:73 - Checking MCQ responses for job: Software Engineer
2026-05-24 18:35:16.782 | DEBUG    | intake.google_auth:get_google_credentials:26 - Google credentials loaded and token refreshed. Service account: recruitment-ai-service@recruitment-ai-494910.iam.gserviceaccount.com
2026-05-24 18:35:17.845 | DEBUG    | scoring.mcq_scorer:process_mcq_responses:149 - Already scored: Fatimah Adeel - skipping
2026-05-24 18:35:18.327 | DEBUG    | scoring.mcq_scorer:process_mcq_responses:149 - Already scored: test candidate 2 - skipping
2026-05-24 18:35:18.515 | DEBUG    | scoring.mcq_scorer:process_mcq_responses:149 - Already scored: Fatimah Adeel - skipping
2026-05-24 18:35:18.673 | DEBUG    | scoring.mcq_scorer:process_mcq_responses:149 - Already scored: Sulleman Mir - skipping
2026-05-24 18:35:18.673 | INFO     | scoring.mcq_scorer:process_mcq_responses:73 - Checking MCQ responses for job: Data Analyst
2026-05-24 18:35:19.266 | DEBUG    | intake.google_auth:get_google_credentials:26 - Google credentials loaded and token refreshed. Service account: recruitment-ai-service@recruitment-ai-494910.iam.gserviceaccount.com
2026-05-24 18:35:20.942 | DEBUG    | scoring.mcq_scorer:process_mcq_responses:149 - Already scored: Muhammad Ibrahim Mir - skipping
2026-05-24 18:35:21.103 | DEBUG    | scoring.mcq_scorer:process_mcq_responses:149 - Already scored: Muhammad Ibrahim Mir - skipping
2026-05-24 18:35:21.103 | INFO     | scoring.mcq_scorer:process_mcq_responses:184 - MCQ processing complete: {'processed': 0, 'skipped': 7, 'errors': 0}
2026-05-24 18:35:21.262 | INFO     | notifications:notify_shortlisted_candidates:165 - Notification check: 0 shortlisted candidates.
2026-05-24 18:35:22.239 | INFO     | notifications:notify_shortlisted_candidates:233 - Notifications done: {'sent': 0, 'skipped': 0, 'failed': 0}
2026-05-24 18:35:22.397 | INFO     | notifications:notify_rejected_candidates:344 - Rejection check: 1 rejected candidates.
2026-05-24 18:35:22.555 | INFO     | notifications:notify_rejected_candidates:369 - Rejection notifications done: {'sent': 0, 'skipped': 1, 'failed': 0}
2026-05-24 18:35:22.555 | INFO     | api:background_pipeline:48 - Poller: cycle complete.
INFO:     127.0.0.1:51253 - "GET /api/v1/stats HTTP/1.1" 200 OK
INFO:     127.0.0.1:51253 - "GET /api/v1/jobs HTTP/1.1" 200 OK
INFO:     127.0.0.1:51253 - "GET /api/v1/jobs/69f509c2bc3c3a0a6303fbc8/candidates HTTP/1.1" 200 OK
INFO:     127.0.0.1:51253 - "GET /api/v1/jobs/6a09c1ac706a290bda80c131/candidates HTTP/1.1" 200 OK
INFO:     127.0.0.1:51262 - "GET /api/v1/stats HTTP/1.1" 200 OK
INFO:     127.0.0.1:51262 - "GET /api/v1/jobs HTTP/1.1" 200 OK
INFO:     127.0.0.1:51262 - "GET /api/v1/jobs/69f509c2bc3c3a0a6303fbc8/candidates HTTP/1.1" 200 OK
INFO:     127.0.0.1:51262 - "GET /api/v1/jobs/6a09c1ac706a290bda80c131/candidates HTTP/1.1" 200 OK
INFO:     127.0.0.1:51263 - "GET /api/v1/stats HTTP/1.1" 200 OK
INFO:     127.0.0.1:51263 - "GET /api/v1/jobs HTTP/1.1" 200 OK
INFO:     127.0.0.1:51263 - "GET /api/v1/jobs/69f509c2bc3c3a0a6303fbc8/candidates HTTP/1.1" 200 OK
INFO:     127.0.0.1:51263 - "GET /api/v1/jobs/6a09c1ac706a290bda80c131/candidates HTTP/1.1" 200 OK
INFO:     127.0.0.1:51264 - "GET /api/v1/stats HTTP/1.1" 200 OK
INFO:     127.0.0.1:51264 - "GET /api/v1/jobs HTTP/1.1" 200 OK
INFO:     127.0.0.1:51264 - "GET /api/v1/jobs/69f509c2bc3c3a0a6303fbc8/candidates HTTP/1.1" 200 OK
INFO:     127.0.0.1:51264 - "GET /api/v1/jobs/6a09c1ac706a290bda80c131/candidates HTTP/1.1" 200 OK
INFO:     127.0.0.1:51265 - "GET /api/v1/stats HTTP/1.1" 200 OK
INFO:     127.0.0.1:51265 - "GET /api/v1/jobs HTTP/1.1" 200 OK
INFO:     127.0.0.1:51265 - "GET /api/v1/jobs/69f509c2bc3c3a0a6303fbc8/candidates HTTP/1.1" 200 OK
INFO:     127.0.0.1:51265 - "GET /api/v1/jobs/6a09c1ac706a290bda80c131/candidates HTTP/1.1" 200 OK
2026-05-24 18:40:22.557 | INFO     | api:background_pipeline:41 - Poller: checking for new CVs...
2026-05-24 18:40:23.146 | DEBUG    | intake.google_auth:get_google_credentials:26 - Google credentials loaded and token refreshed. Service account: recruitment-ai-service@recruitment-ai-494910.iam.gserviceaccount.com
2026-05-24 18:40:23.148 | DEBUG    | intake.drive_fetcher:_connect:59 - DriveFetcher: Google API session established.
2026-05-24 18:40:24.474 | DEBUG    | intake.drive_fetcher:_read_sheet_rows:80 - Read 8 rows from Google Sheets.
2026-05-24 18:40:24.474 | INFO     | intake.drive_fetcher:run:44 - DriveFetcher: 8 total form submissions found.
2026-05-24 18:40:24.633 | WARNING  | intake.drive_fetcher:_process_row:101 - No active job found for: ''
2026-05-24 18:40:25.745 | INFO     | intake.drive_fetcher:run:52 - DriveFetcher complete. New: 0, Skipped: 8, Errors: 0
2026-05-24 18:40:25.905 | INFO     | extraction:process_pending_candidates:67 - Text extraction: found 0 candidates with status RECEIVED.
2026-05-24 18:40:25.905 | INFO     | extraction:process_pending_candidates:109 - Text extraction complete. Processed: 0, Failed: 0, Skipped: 0
2026-05-24 18:40:26.063 | INFO     | scoring.pipeline:run_scoring_pipeline:17 - Scoring pipeline: 0 candidates with status PROCESSING.
2026-05-24 18:40:26.063 | INFO     | scoring.pipeline:run_scoring_pipeline:89 - Scoring complete. {'scored': 0, 'shortlisted': 0, 'not_selected': 0, 'failed': 0}
2026-05-24 18:40:26.221 | INFO     | scoring.mcq_scorer:process_mcq_responses:73 - Checking MCQ responses for job: Software Engineer
2026-05-24 18:40:26.767 | DEBUG    | intake.google_auth:get_google_credentials:26 - Google credentials loaded and token refreshed. Service account: recruitment-ai-service@recruitment-ai-494910.iam.gserviceaccount.com
2026-05-24 18:40:28.244 | DEBUG    | scoring.mcq_scorer:process_mcq_responses:149 - Already scored: Fatimah Adeel - skipping
2026-05-24 18:40:28.817 | DEBUG    | scoring.mcq_scorer:process_mcq_responses:149 - Already scored: test candidate 2 - skipping
2026-05-24 18:40:29.061 | DEBUG    | scoring.mcq_scorer:process_mcq_responses:149 - Already scored: Fatimah Adeel - skipping
2026-05-24 18:40:29.234 | DEBUG    | scoring.mcq_scorer:process_mcq_responses:149 - Already scored: Sulleman Mir - skipping
2026-05-24 18:40:29.235 | INFO     | scoring.mcq_scorer:process_mcq_responses:73 - Checking MCQ responses for job: Data Analyst
2026-05-24 18:40:29.963 | DEBUG    | intake.google_auth:get_google_credentials:26 - Google credentials loaded and token refreshed. Service account: recruitment-ai-service@recruitment-ai-494910.iam.gserviceaccount.com
2026-05-24 18:40:31.497 | DEBUG    | scoring.mcq_scorer:process_mcq_responses:149 - Already scored: Muhammad Ibrahim Mir - skipping
2026-05-24 18:40:31.658 | DEBUG    | scoring.mcq_scorer:process_mcq_responses:149 - Already scored: Muhammad Ibrahim Mir - skipping
2026-05-24 18:40:31.658 | INFO     | scoring.mcq_scorer:process_mcq_responses:184 - MCQ processing complete: {'processed': 0, 'skipped': 7, 'errors': 0}
2026-05-24 18:40:31.819 | INFO     | notifications:notify_shortlisted_candidates:165 - Notification check: 0 shortlisted candidates.
2026-05-24 18:40:32.774 | INFO     | notifications:notify_shortlisted_candidates:233 - Notifications done: {'sent': 0, 'skipped': 0, 'failed': 0}
2026-05-24 18:40:32.950 | INFO     | notifications:notify_rejected_candidates:344 - Rejection check: 1 rejected candidates.
2026-05-24 18:40:33.110 | INFO     | notifications:notify_rejected_candidates:369 - Rejection notifications done: {'sent': 0, 'skipped': 1, 'failed': 0}
2026-05-24 18:40:33.110 | INFO     | api:background_pipeline:48 - Poller: cycle complete.
INFO:     127.0.0.1:51281 - "GET /api/v1/stats HTTP/1.1" 200 OK
INFO:     127.0.0.1:51281 - "GET /api/v1/jobs HTTP/1.1" 200 OK
INFO:     127.0.0.1:51281 - "GET /api/v1/jobs/69f509c2bc3c3a0a6303fbc8/candidates HTTP/1.1" 200 OK
INFO:     127.0.0.1:51281 - "GET /api/v1/jobs/6a09c1ac706a290bda80c131/candidates HTTP/1.1" 200 OK
INFO:     127.0.0.1:51283 - "GET /api/v1/stats HTTP/1.1" 200 OK
INFO:     127.0.0.1:51283 - "GET /api/v1/jobs HTTP/1.1" 200 OK
INFO:     127.0.0.1:51283 - "GET /api/v1/jobs/69f509c2bc3c3a0a6303fbc8/candidates HTTP/1.1" 200 OK
INFO:     127.0.0.1:51283 - "GET /api/v1/jobs/6a09c1ac706a290bda80c131/candidates HTTP/1.1" 200 OK
INFO:     127.0.0.1:51285 - "GET /api/v1/stats HTTP/1.1" 200 OK
INFO:     127.0.0.1:51285 - "GET /api/v1/jobs HTTP/1.1" 200 OK
INFO:     127.0.0.1:51285 - "GET /api/v1/jobs/69f509c2bc3c3a0a6303fbc8/candidates HTTP/1.1" 200 OK
INFO:     127.0.0.1:51285 - "GET /api/v1/jobs/6a09c1ac706a290bda80c131/candidates HTTP/1.1" 200 OK
INFO:     127.0.0.1:51291 - "GET /api/v1/stats HTTP/1.1" 200 OK
INFO:     127.0.0.1:51291 - "GET /api/v1/jobs HTTP/1.1" 200 OK
INFO:     127.0.0.1:51291 - "GET /api/v1/jobs/69f509c2bc3c3a0a6303fbc8/candidates HTTP/1.1" 200 OK
INFO:     127.0.0.1:51291 - "GET /api/v1/jobs/6a09c1ac706a290bda80c131/candidates HTTP/1.1" 200 OK
INFO:     127.0.0.1:51293 - "GET /api/v1/stats HTTP/1.1" 200 OK
INFO:     127.0.0.1:51293 - "GET /api/v1/jobs HTTP/1.1" 200 OK
INFO:     127.0.0.1:51293 - "GET /api/v1/jobs/69f509c2bc3c3a0a6303fbc8/candidates HTTP/1.1" 200 OK
INFO:     127.0.0.1:51293 - "GET /api/v1/jobs/6a09c1ac706a290bda80c131/candidates HTTP/1.1" 200 OK
2026-05-24 18:45:33.109 | INFO     | api:background_pipeline:41 - Poller: checking for new CVs...
2026-05-24 18:45:33.718 | DEBUG    | intake.google_auth:get_google_credentials:26 - Google credentials loaded and token refreshed. Service account: recruitment-ai-service@recruitment-ai-494910.iam.gserviceaccount.com
2026-05-24 18:45:33.726 | DEBUG    | intake.drive_fetcher:_connect:59 - DriveFetcher: Google API session established.
2026-05-24 18:45:35.246 | DEBUG    | intake.drive_fetcher:_read_sheet_rows:80 - Read 8 rows from Google Sheets.
2026-05-24 18:45:35.246 | INFO     | intake.drive_fetcher:run:44 - DriveFetcher: 8 total form submissions found.
2026-05-24 18:45:35.404 | WARNING  | intake.drive_fetcher:_process_row:101 - No active job found for: ''
2026-05-24 18:45:36.526 | INFO     | intake.drive_fetcher:run:52 - DriveFetcher complete. New: 0, Skipped: 8, Errors: 0
2026-05-24 18:45:36.692 | INFO     | extraction:process_pending_candidates:67 - Text extraction: found 0 candidates with status RECEIVED.
2026-05-24 18:45:36.692 | INFO     | extraction:process_pending_candidates:109 - Text extraction complete. Processed: 0, Failed: 0, Skipped: 0
2026-05-24 18:45:36.850 | INFO     | scoring.pipeline:run_scoring_pipeline:17 - Scoring pipeline: 0 candidates with status PROCESSING.
2026-05-24 18:45:36.850 | INFO     | scoring.pipeline:run_scoring_pipeline:89 - Scoring complete. {'scored': 0, 'shortlisted': 0, 'not_selected': 0, 'failed': 0}
2026-05-24 18:45:37.010 | INFO     | scoring.mcq_scorer:process_mcq_responses:73 - Checking MCQ responses for job: Software Engineer
2026-05-24 18:45:37.563 | DEBUG    | intake.google_auth:get_google_credentials:26 - Google credentials loaded and token refreshed. Service account: recruitment-ai-service@recruitment-ai-494910.iam.gserviceaccount.com
2026-05-24 18:45:39.091 | DEBUG    | scoring.mcq_scorer:process_mcq_responses:149 - Already scored: Fatimah Adeel - skipping
2026-05-24 18:45:39.572 | DEBUG    | scoring.mcq_scorer:process_mcq_responses:149 - Already scored: test candidate 2 - skipping
2026-05-24 18:45:39.730 | DEBUG    | scoring.mcq_scorer:process_mcq_responses:149 - Already scored: Fatimah Adeel - skipping
2026-05-24 18:45:39.889 | DEBUG    | scoring.mcq_scorer:process_mcq_responses:149 - Already scored: Sulleman Mir - skipping
2026-05-24 18:45:39.889 | INFO     | scoring.mcq_scorer:process_mcq_responses:73 - Checking MCQ responses for job: Data Analyst
2026-05-24 18:45:40.423 | DEBUG    | intake.google_auth:get_google_credentials:26 - Google credentials loaded and token refreshed. Service account: recruitment-ai-service@recruitment-ai-494910.iam.gserviceaccount.com
2026-05-24 18:45:42.017 | DEBUG    | scoring.mcq_scorer:process_mcq_responses:149 - Already scored: Muhammad Ibrahim Mir - skipping
2026-05-24 18:45:42.178 | DEBUG    | scoring.mcq_scorer:process_mcq_responses:149 - Already scored: Muhammad Ibrahim Mir - skipping
2026-05-24 18:45:42.178 | INFO     | scoring.mcq_scorer:process_mcq_responses:184 - MCQ processing complete: {'processed': 0, 'skipped': 7, 'errors': 0}
2026-05-24 18:45:42.346 | INFO     | notifications:notify_shortlisted_candidates:165 - Notification check: 0 shortlisted candidates.
2026-05-24 18:45:43.316 | INFO     | notifications:notify_shortlisted_candidates:233 - Notifications done: {'sent': 0, 'skipped': 0, 'failed': 0}
2026-05-24 18:45:43.473 | INFO     | notifications:notify_rejected_candidates:344 - Rejection check: 1 rejected candidates.
2026-05-24 18:45:43.640 | INFO     | notifications:notify_rejected_candidates:369 - Rejection notifications done: {'sent': 0, 'skipped': 1, 'failed': 0}
2026-05-24 18:45:43.640 | INFO     | api:background_pipeline:48 - Poller: cycle complete.
INFO:     127.0.0.1:51300 - "GET /api/v1/stats HTTP/1.1" 200 OK
INFO:     127.0.0.1:51300 - "GET /api/v1/jobs HTTP/1.1" 200 OK
INFO:     127.0.0.1:51300 - "GET /api/v1/jobs/69f509c2bc3c3a0a6303fbc8/candidates HTTP/1.1" 200 OK
INFO:     127.0.0.1:51300 - "GET /api/v1/jobs/6a09c1ac706a290bda80c131/candidates HTTP/1.1" 200 OK
INFO:     127.0.0.1:51302 - "GET /api/v1/stats HTTP/1.1" 200 OK
INFO:     127.0.0.1:51302 - "GET /api/v1/jobs HTTP/1.1" 200 OK
INFO:     127.0.0.1:51302 - "GET /api/v1/jobs/69f509c2bc3c3a0a6303fbc8/candidates HTTP/1.1" 200 OK
INFO:     127.0.0.1:51302 - "GET /api/v1/jobs/6a09c1ac706a290bda80c131/candidates HTTP/1.1" 200 OK
INFO:     127.0.0.1:51313 - "GET /api/v1/stats HTTP/1.1" 200 OK
INFO:     127.0.0.1:51313 - "GET /api/v1/jobs HTTP/1.1" 200 OK
INFO:     127.0.0.1:51313 - "GET /api/v1/jobs/69f509c2bc3c3a0a6303fbc8/candidates HTTP/1.1" 200 OK
INFO:     127.0.0.1:51313 - "GET /api/v1/jobs/6a09c1ac706a290bda80c131/candidates HTTP/1.1" 200 OK
INFO:     127.0.0.1:51314 - "GET /api/v1/stats HTTP/1.1" 200 OK
INFO:     127.0.0.1:51314 - "GET /api/v1/jobs HTTP/1.1" 200 OK
INFO:     127.0.0.1:51314 - "GET /api/v1/jobs/69f509c2bc3c3a0a6303fbc8/candidates HTTP/1.1" 200 OK
INFO:     127.0.0.1:51314 - "GET /api/v1/jobs/6a09c1ac706a290bda80c131/candidates HTTP/1.1" 200 OK
2026-05-24 18:50:43.673 | INFO     | api:background_pipeline:41 - Poller: checking for new CVs...
2026-05-24 18:50:44.300 | DEBUG    | intake.google_auth:get_google_credentials:26 - Google credentials loaded and token refreshed. Service account: recruitment-ai-service@recruitment-ai-494910.iam.gserviceaccount.com
2026-05-24 18:50:44.302 | DEBUG    | intake.drive_fetcher:_connect:59 - DriveFetcher: Google API session established.
2026-05-24 18:50:45.512 | DEBUG    | intake.drive_fetcher:_read_sheet_rows:80 - Read 8 rows from Google Sheets.
2026-05-24 18:50:45.520 | INFO     | intake.drive_fetcher:run:44 - DriveFetcher: 8 total form submissions found.
INFO:     127.0.0.1:51321 - "GET /api/v1/stats HTTP/1.1" 200 OK
INFO:     127.0.0.1:51321 - "GET /api/v1/jobs HTTP/1.1" 200 OK
INFO:     127.0.0.1:51321 - "GET /api/v1/jobs/69f509c2bc3c3a0a6303fbc8/candidates HTTP/1.1" 200 OK
INFO:     127.0.0.1:51321 - "GET /api/v1/jobs/6a09c1ac706a290bda80c131/candidates HTTP/1.1" 200 OK
2026-05-24 18:50:46.815 | WARNING  | intake.drive_fetcher:_process_row:101 - No active job found for: ''
2026-05-24 18:50:47.926 | INFO     | intake.drive_fetcher:run:52 - DriveFetcher complete. New: 0, Skipped: 8, Errors: 0
2026-05-24 18:50:48.085 | INFO     | extraction:process_pending_candidates:67 - Text extraction: found 0 candidates with status RECEIVED.
2026-05-24 18:50:48.085 | INFO     | extraction:process_pending_candidates:109 - Text extraction complete. Processed: 0, Failed: 0, Skipped: 0
2026-05-24 18:50:48.246 | INFO     | scoring.pipeline:run_scoring_pipeline:17 - Scoring pipeline: 0 candidates with status PROCESSING.
2026-05-24 18:50:48.246 | INFO     | scoring.pipeline:run_scoring_pipeline:89 - Scoring complete. {'scored': 0, 'shortlisted': 0, 'not_selected': 0, 'failed': 0}
2026-05-24 18:50:48.404 | INFO     | scoring.mcq_scorer:process_mcq_responses:73 - Checking MCQ responses for job: Software Engineer
2026-05-24 18:50:48.973 | DEBUG    | intake.google_auth:get_google_credentials:26 - Google credentials loaded and token refreshed. Service account: recruitment-ai-service@recruitment-ai-494910.iam.gserviceaccount.com
2026-05-24 18:50:50.413 | DEBUG    | scoring.mcq_scorer:process_mcq_responses:149 - Already scored: Fatimah Adeel - skipping
2026-05-24 18:50:51.040 | DEBUG    | scoring.mcq_scorer:process_mcq_responses:149 - Already scored: test candidate 2 - skipping
2026-05-24 18:50:51.204 | DEBUG    | scoring.mcq_scorer:process_mcq_responses:149 - Already scored: Fatimah Adeel - skipping
2026-05-24 18:50:51.392 | DEBUG    | scoring.mcq_scorer:process_mcq_responses:149 - Already scored: Sulleman Mir - skipping
2026-05-24 18:50:51.392 | INFO     | scoring.mcq_scorer:process_mcq_responses:73 - Checking MCQ responses for job: Data Analyst
2026-05-24 18:50:51.947 | DEBUG    | intake.google_auth:get_google_credentials:26 - Google credentials loaded and token refreshed. Service account: recruitment-ai-service@recruitment-ai-494910.iam.gserviceaccount.com
2026-05-24 18:50:53.477 | DEBUG    | scoring.mcq_scorer:process_mcq_responses:149 - Already scored: Muhammad Ibrahim Mir - skipping
2026-05-24 18:50:53.646 | DEBUG    | scoring.mcq_scorer:process_mcq_responses:149 - Already scored: Muhammad Ibrahim Mir - skipping
2026-05-24 18:50:53.646 | INFO     | scoring.mcq_scorer:process_mcq_responses:184 - MCQ processing complete: {'processed': 0, 'skipped': 7, 'errors': 0}
2026-05-24 18:50:53.807 | INFO     | notifications:notify_shortlisted_candidates:165 - Notification check: 0 shortlisted candidates.
2026-05-24 18:50:54.753 | INFO     | notifications:notify_shortlisted_candidates:233 - Notifications done: {'sent': 0, 'skipped': 0, 'failed': 0}
2026-05-24 18:50:54.911 | INFO     | notifications:notify_rejected_candidates:344 - Rejection check: 1 rejected candidates.
2026-05-24 18:50:55.080 | INFO     | notifications:notify_rejected_candidates:369 - Rejection notifications done: {'sent': 0, 'skipped': 1, 'failed': 0}
2026-05-24 18:50:55.081 | INFO     | api:background_pipeline:48 - Poller: cycle complete.
INFO:     127.0.0.1:51330 - "GET /api/v1/stats HTTP/1.1" 200 OK
INFO:     127.0.0.1:51330 - "GET /api/v1/jobs HTTP/1.1" 200 OK
INFO:     127.0.0.1:51330 - "GET /api/v1/jobs/69f509c2bc3c3a0a6303fbc8/candidates HTTP/1.1" 200 OK
INFO:     127.0.0.1:51330 - "GET /api/v1/jobs/6a09c1ac706a290bda80c131/candidates HTTP/1.1" 200 OK
INFO:     127.0.0.1:51331 - "GET /api/v1/stats HTTP/1.1" 200 OK
INFO:     127.0.0.1:51331 - "GET /api/v1/jobs HTTP/1.1" 200 OK
INFO:     127.0.0.1:51331 - "GET /api/v1/jobs/69f509c2bc3c3a0a6303fbc8/candidates HTTP/1.1" 200 OK
INFO:     127.0.0.1:51331 - "GET /api/v1/jobs/6a09c1ac706a290bda80c131/candidates HTTP/1.1" 200 OK
INFO:     127.0.0.1:51339 - "GET /api/v1/stats HTTP/1.1" 200 OK
INFO:     127.0.0.1:51339 - "GET /api/v1/jobs HTTP/1.1" 200 OK
INFO:     127.0.0.1:51339 - "GET /api/v1/jobs/69f509c2bc3c3a0a6303fbc8/candidates HTTP/1.1" 200 OK
INFO:     127.0.0.1:51339 - "GET /api/v1/jobs/6a09c1ac706a290bda80c131/candidates HTTP/1.1" 200 OK
INFO:     127.0.0.1:51340 - "GET /api/v1/stats HTTP/1.1" 200 OK
INFO:     127.0.0.1:51340 - "GET /api/v1/jobs HTTP/1.1" 200 OK
INFO:     127.0.0.1:51340 - "GET /api/v1/jobs/69f509c2bc3c3a0a6303fbc8/candidates HTTP/1.1" 200 OK
INFO:     127.0.0.1:51340 - "GET /api/v1/jobs/6a09c1ac706a290bda80c131/candidates HTTP/1.1" 200 OK
2026-05-24 18:55:55.160 | INFO     | api:background_pipeline:41 - Poller: checking for new CVs...
2026-05-24 18:55:55.998 | DEBUG    | intake.google_auth:get_google_credentials:26 - Google credentials loaded and token refreshed. Service account: recruitment-ai-service@recruitment-ai-494910.iam.gserviceaccount.com
2026-05-24 18:55:55.999 | DEBUG    | intake.drive_fetcher:_connect:59 - DriveFetcher: Google API session established.
2026-05-24 18:55:57.608 | DEBUG    | intake.drive_fetcher:_read_sheet_rows:80 - Read 8 rows from Google Sheets.
2026-05-24 18:55:57.609 | INFO     | intake.drive_fetcher:run:44 - DriveFetcher: 8 total form submissions found.
2026-05-24 18:55:57.916 | WARNING  | intake.drive_fetcher:_process_row:101 - No active job found for: ''
2026-05-24 18:55:59.870 | INFO     | intake.drive_fetcher:run:52 - DriveFetcher complete. New: 0, Skipped: 8, Errors: 0
2026-05-24 18:56:00.076 | INFO     | extraction:process_pending_candidates:67 - Text extraction: found 0 candidates with status RECEIVED.
2026-05-24 18:56:00.077 | INFO     | extraction:process_pending_candidates:109 - Text extraction complete. Processed: 0, Failed: 0, Skipped: 0
2026-05-24 18:56:00.284 | INFO     | scoring.pipeline:run_scoring_pipeline:17 - Scoring pipeline: 0 candidates with status PROCESSING.
2026-05-24 18:56:00.285 | INFO     | scoring.pipeline:run_scoring_pipeline:89 - Scoring complete. {'scored': 0, 'shortlisted': 0, 'not_selected': 0, 'failed': 0}
2026-05-24 18:56:00.512 | INFO     | scoring.mcq_scorer:process_mcq_responses:73 - Checking MCQ responses for job: Software Engineer
INFO:     127.0.0.1:51355 - "GET /api/v1/stats HTTP/1.1" 200 OK
INFO:     127.0.0.1:51355 - "GET /api/v1/jobs HTTP/1.1" 200 OK
2026-05-24 18:56:01.918 | DEBUG    | intake.google_auth:get_google_credentials:26 - Google credentials loaded and token refreshed. Service account: recruitment-ai-service@recruitment-ai-494910.iam.gserviceaccount.com
INFO:     127.0.0.1:51355 - "GET /api/v1/jobs/69f509c2bc3c3a0a6303fbc8/candidates HTTP/1.1" 200 OK
INFO:     127.0.0.1:51355 - "GET /api/v1/jobs/6a09c1ac706a290bda80c131/candidates HTTP/1.1" 200 OK
2026-05-24 18:56:03.961 | DEBUG    | scoring.mcq_scorer:process_mcq_responses:149 - Already scored: Fatimah Adeel - skipping
2026-05-24 18:56:04.576 | DEBUG    | scoring.mcq_scorer:process_mcq_responses:149 - Already scored: test candidate 2 - skipping
2026-05-24 18:56:04.780 | DEBUG    | scoring.mcq_scorer:process_mcq_responses:149 - Already scored: Fatimah Adeel - skipping
2026-05-24 18:56:04.983 | DEBUG    | scoring.mcq_scorer:process_mcq_responses:149 - Already scored: Sulleman Mir - skipping
2026-05-24 18:56:04.984 | INFO     | scoring.mcq_scorer:process_mcq_responses:73 - Checking MCQ responses for job: Data Analyst
2026-05-24 18:56:06.013 | DEBUG    | intake.google_auth:get_google_credentials:26 - Google credentials loaded and token refreshed. Service account: recruitment-ai-service@recruitment-ai-494910.iam.gserviceaccount.com
2026-05-24 18:56:07.850 | DEBUG    | scoring.mcq_scorer:process_mcq_responses:149 - Already scored: Muhammad Ibrahim Mir - skipping
2026-05-24 18:56:08.084 | DEBUG    | scoring.mcq_scorer:process_mcq_responses:149 - Already scored: Muhammad Ibrahim Mir - skipping
2026-05-24 18:56:08.084 | INFO     | scoring.mcq_scorer:process_mcq_responses:184 - MCQ processing complete: {'processed': 0, 'skipped': 7, 'errors': 0}
2026-05-24 18:56:08.362 | INFO     | notifications:notify_shortlisted_candidates:165 - Notification check: 0 shortlisted candidates.
2026-05-24 18:56:09.998 | INFO     | notifications:notify_shortlisted_candidates:233 - Notifications done: {'sent': 0, 'skipped': 0, 'failed': 0}
2026-05-24 18:56:10.206 | INFO     | notifications:notify_rejected_candidates:344 - Rejection check: 1 rejected candidates.
2026-05-24 18:56:10.612 | INFO     | notifications:notify_rejected_candidates:369 - Rejection notifications done: {'sent': 0, 'skipped': 1, 'failed': 0}
2026-05-24 18:56:10.612 | INFO     | api:background_pipeline:48 - Poller: cycle complete.
INFO:     127.0.0.1:51382 - "GET /api/v1/health HTTP/1.1" 200 OK
INFO:     127.0.0.1:51387 - "GET /api/v1/stats HTTP/1.1" 200 OK
INFO:     127.0.0.1:51387 - "GET /api/v1/jobs HTTP/1.1" 200 OK
INFO:     127.0.0.1:51387 - "GET /api/v1/jobs/69f509c2bc3c3a0a6303fbc8/candidates HTTP/1.1" 200 OK
INFO:     127.0.0.1:51387 - "GET /api/v1/jobs/6a09c1ac706a290bda80c131/candidates HTTP/1.1" 200 OK
INFO:     127.0.0.1:51397 - "GET /api/v1/stats HTTP/1.1" 200 OK
INFO:     127.0.0.1:51397 - "GET /api/v1/jobs HTTP/1.1" 200 OK
INFO:     127.0.0.1:51397 - "GET /api/v1/jobs/69f509c2bc3c3a0a6303fbc8/candidates HTTP/1.1" 200 OK
INFO:     127.0.0.1:51397 - "GET /api/v1/jobs/6a09c1ac706a290bda80c131/candidates HTTP/1.1" 200 OK
INFO:     127.0.0.1:51403 - "GET /api/v1/stats HTTP/1.1" 200 OK
INFO:     127.0.0.1:51403 - "GET /api/v1/jobs HTTP/1.1" 200 OK
INFO:     127.0.0.1:51403 - "GET /api/v1/jobs/69f509c2bc3c3a0a6303fbc8/candidates HTTP/1.1" 200 OK
INFO:     127.0.0.1:51403 - "GET /api/v1/jobs/6a09c1ac706a290bda80c131/candidates HTTP/1.1" 200 OK
INFO:     127.0.0.1:51406 - "GET /api/v1/jobs HTTP/1.1" 200 OK
INFO:     127.0.0.1:51406 - "GET /api/v1/jobs/69f509c2bc3c3a0a6303fbc8/candidates HTTP/1.1" 200 OK
INFO:     127.0.0.1:51406 - "GET /api/v1/jobs/6a09c1ac706a290bda80c131/candidates HTTP/1.1" 200 OK
INFO:     127.0.0.1:51407 - "GET /api/v1/stats HTTP/1.1" 200 OK
INFO:     127.0.0.1:51407 - "GET /api/v1/jobs HTTP/1.1" 200 OK
INFO:     127.0.0.1:51407 - "GET /api/v1/jobs/69f509c2bc3c3a0a6303fbc8/candidates HTTP/1.1" 200 OK
INFO:     127.0.0.1:51407 - "GET /api/v1/jobs/6a09c1ac706a290bda80c131/candidates HTTP/1.1" 200 OK
2026-05-24 19:05:56.940 | DEBUG    | intake.google_auth:get_google_credentials:26 - Google credentials loaded and token refreshed. Service account: recruitment-ai-service@recruitment-ai-494910.iam.gserviceaccount.com
2026-05-24 19:05:56.959 | DEBUG    | intake.drive_fetcher:_connect:59 - DriveFetcher: Google API session established.
2026-05-24 19:05:58.389 | DEBUG    | intake.drive_fetcher:_read_sheet_rows:80 - Read 8 rows from Google Sheets.
2026-05-24 19:05:58.390 | INFO     | intake.drive_fetcher:run:44 - DriveFetcher: 8 total form submissions found.
2026-05-24 19:05:58.549 | WARNING  | intake.drive_fetcher:_process_row:101 - No active job found for: ''
2026-05-24 19:05:59.670 | INFO     | intake.drive_fetcher:run:52 - DriveFetcher complete. New: 0, Skipped: 8, Errors: 0
INFO:     127.0.0.1:51408 - "POST /api/v1/pipeline/fetch HTTP/1.1" 200 OK
2026-05-24 19:06:01.961 | INFO     | extraction:process_pending_candidates:67 - Text extraction: found 0 candidates with status RECEIVED.
2026-05-24 19:06:01.961 | INFO     | extraction:process_pending_candidates:109 - Text extraction complete. Processed: 0, Failed: 0, Skipped: 0
INFO:     127.0.0.1:51408 - "POST /api/v1/pipeline/extract HTTP/1.1" 200 OK
2026-05-24 19:06:03.971 | INFO     | scoring.pipeline:run_scoring_pipeline:17 - Scoring pipeline: 0 candidates with status PROCESSING.
2026-05-24 19:06:03.972 | INFO     | scoring.pipeline:run_scoring_pipeline:89 - Scoring complete. {'scored': 0, 'shortlisted': 0, 'not_selected': 0, 'failed': 0}
INFO:     127.0.0.1:51408 - "POST /api/v1/pipeline/score HTTP/1.1" 200 OK
2026-05-24 19:06:05.588 | INFO     | scoring.mcq_scorer:process_mcq_responses:73 - Checking MCQ responses for job: Software Engineer
2026-05-24 19:06:06.268 | DEBUG    | intake.google_auth:get_google_credentials:26 - Google credentials loaded and token refreshed. Service account: recruitment-ai-service@recruitment-ai-494910.iam.gserviceaccount.com
2026-05-24 19:06:07.914 | DEBUG    | scoring.mcq_scorer:process_mcq_responses:149 - Already scored: Fatimah Adeel - skipping
2026-05-24 19:06:08.420 | DEBUG    | scoring.mcq_scorer:process_mcq_responses:149 - Already scored: test candidate 2 - skipping
2026-05-24 19:06:08.580 | DEBUG    | scoring.mcq_scorer:process_mcq_responses:149 - Already scored: Fatimah Adeel - skipping
2026-05-24 19:06:08.743 | DEBUG    | scoring.mcq_scorer:process_mcq_responses:149 - Already scored: Sulleman Mir - skipping
2026-05-24 19:06:08.743 | INFO     | scoring.mcq_scorer:process_mcq_responses:73 - Checking MCQ responses for job: Data Analyst
2026-05-24 19:06:09.366 | DEBUG    | intake.google_auth:get_google_credentials:26 - Google credentials loaded and token refreshed. Service account: recruitment-ai-service@recruitment-ai-494910.iam.gserviceaccount.com
2026-05-24 19:06:11.035 | DEBUG    | scoring.mcq_scorer:process_mcq_responses:149 - Already scored: Muhammad Ibrahim Mir - skipping
2026-05-24 19:06:11.219 | DEBUG    | scoring.mcq_scorer:process_mcq_responses:149 - Already scored: Muhammad Ibrahim Mir - skipping
2026-05-24 19:06:11.219 | INFO     | scoring.mcq_scorer:process_mcq_responses:184 - MCQ processing complete: {'processed': 0, 'skipped': 7, 'errors': 0}
INFO:     127.0.0.1:51408 - "POST /api/v1/pipeline/mcq HTTP/1.1" 200 OK
2026-05-24 19:06:12.557 | INFO     | notifications:notify_shortlisted_candidates:165 - Notification check: 0 shortlisted candidates.
2026-05-24 19:06:13.518 | INFO     | notifications:notify_shortlisted_candidates:233 - Notifications done: {'sent': 0, 'skipped': 0, 'failed': 0}
2026-05-24 19:06:13.677 | INFO     | notifications:notify_rejected_candidates:344 - Rejection check: 1 rejected candidates.
2026-05-24 19:06:13.840 | INFO     | notifications:notify_rejected_candidates:369 - Rejection notifications done: {'sent': 0, 'skipped': 1, 'failed': 0}
2026-05-24 19:06:14.008 | INFO     | notifications:notify_mcq_passed_candidates:246 - MCQ passed notification check: 4 candidates.
2026-05-24 19:06:14.660 | INFO     | notifications:notify_mcq_passed_candidates:288 - MCQ passed notifications done: {'sent': 0, 'skipped': 4, 'failed': 0}
2026-05-24 19:06:14.982 | INFO     | notifications:notify_mcq_failed_candidates:329 - MCQ failed notifications done: {'sent': 0, 'skipped': 1, 'failed': 0}
INFO:     127.0.0.1:51408 - "POST /api/v1/pipeline/notify HTTP/1.1" 200 OK
INFO:     127.0.0.1:51415 - "GET /api/v1/jobs HTTP/1.1" 200 OK
2026-05-24 19:06:34.293 | INFO     | api:background_pipeline:41 - Poller: checking for new CVs...
2026-05-24 19:06:35.057 | DEBUG    | intake.google_auth:get_google_credentials:26 - Google credentials loaded and token refreshed. Service account: recruitment-ai-service@recruitment-ai-494910.iam.gserviceaccount.com
2026-05-24 19:06:35.061 | DEBUG    | intake.drive_fetcher:_connect:59 - DriveFetcher: Google API session established.
2026-05-24 19:06:35.718 | DEBUG    | intake.drive_fetcher:_read_sheet_rows:80 - Read 8 rows from Google Sheets.
2026-05-24 19:06:35.718 | INFO     | intake.drive_fetcher:run:44 - DriveFetcher: 8 total form submissions found.
2026-05-24 19:06:35.942 | WARNING  | intake.drive_fetcher:_process_row:101 - No active job found for: ''
2026-05-24 19:06:37.089 | INFO     | intake.drive_fetcher:run:52 - DriveFetcher complete. New: 0, Skipped: 8, Errors: 0
2026-05-24 19:06:37.251 | INFO     | extraction:process_pending_candidates:67 - Text extraction: found 0 candidates with status RECEIVED.
2026-05-24 19:06:37.251 | INFO     | extraction:process_pending_candidates:109 - Text extraction complete. Processed: 0, Failed: 0, Skipped: 0
2026-05-24 19:06:37.415 | INFO     | scoring.pipeline:run_scoring_pipeline:17 - Scoring pipeline: 0 candidates with status PROCESSING.
2026-05-24 19:06:37.415 | INFO     | scoring.pipeline:run_scoring_pipeline:89 - Scoring complete. {'scored': 0, 'shortlisted': 0, 'not_selected': 0, 'failed': 0}
2026-05-24 19:06:37.578 | INFO     | scoring.mcq_scorer:process_mcq_responses:73 - Checking MCQ responses for job: Software Engineer
2026-05-24 19:06:38.399 | DEBUG    | intake.google_auth:get_google_credentials:26 - Google credentials loaded and token refreshed. Service account: recruitment-ai-service@recruitment-ai-494910.iam.gserviceaccount.com
2026-05-24 19:06:39.761 | DEBUG    | scoring.mcq_scorer:process_mcq_responses:149 - Already scored: Fatimah Adeel - skipping
2026-05-24 19:06:40.375 | DEBUG    | scoring.mcq_scorer:process_mcq_responses:149 - Already scored: test candidate 2 - skipping
2026-05-24 19:06:40.654 | DEBUG    | scoring.mcq_scorer:process_mcq_responses:149 - Already scored: Fatimah Adeel - skipping
2026-05-24 19:06:40.932 | DEBUG    | scoring.mcq_scorer:process_mcq_responses:149 - Already scored: Sulleman Mir - skipping
2026-05-24 19:06:40.933 | INFO     | scoring.mcq_scorer:process_mcq_responses:73 - Checking MCQ responses for job: Data Analyst
2026-05-24 19:06:41.742 | DEBUG    | intake.google_auth:get_google_credentials:26 - Google credentials loaded and token refreshed. Service account: recruitment-ai-service@recruitment-ai-494910.iam.gserviceaccount.com
2026-05-24 19:06:43.014 | DEBUG    | scoring.mcq_scorer:process_mcq_responses:149 - Already scored: Muhammad Ibrahim Mir - skipping
2026-05-24 19:06:43.181 | DEBUG    | scoring.mcq_scorer:process_mcq_responses:149 - Already scored: Muhammad Ibrahim Mir - skipping
2026-05-24 19:06:43.182 | INFO     | scoring.mcq_scorer:process_mcq_responses:184 - MCQ processing complete: {'processed': 0, 'skipped': 7, 'errors': 0}
2026-05-24 19:06:43.343 | INFO     | notifications:notify_shortlisted_candidates:165 - Notification check: 0 shortlisted candidates.
2026-05-24 19:06:44.328 | INFO     | notifications:notify_shortlisted_candidates:233 - Notifications done: {'sent': 0, 'skipped': 0, 'failed': 0}
2026-05-24 19:06:44.493 | INFO     | notifications:notify_rejected_candidates:344 - Rejection check: 1 rejected candidates.
2026-05-24 19:06:44.662 | INFO     | notifications:notify_rejected_candidates:369 - Rejection notifications done: {'sent': 0, 'skipped': 1, 'failed': 0}
2026-05-24 19:06:44.663 | INFO     | api:background_pipeline:48 - Poller: cycle complete.
INFO:     127.0.0.1:51426 - "GET /api/v1/stats HTTP/1.1" 200 OK
INFO:     127.0.0.1:51426 - "GET /api/v1/jobs HTTP/1.1" 200 OK
INFO:     127.0.0.1:51426 - "GET /api/v1/jobs/69f509c2bc3c3a0a6303fbc8/candidates HTTP/1.1" 200 OK
INFO:     127.0.0.1:51426 - "GET /api/v1/jobs/6a09c1ac706a290bda80c131/candidates HTTP/1.1" 200 OK
INFO:     127.0.0.1:51428 - "GET /api/v1/jobs HTTP/1.1" 200 OK
INFO:     127.0.0.1:51428 - "GET /api/v1/jobs/69f509c2bc3c3a0a6303fbc8/candidates HTTP/1.1" 200 OK
INFO:     127.0.0.1:51428 - "GET /api/v1/jobs/6a09c1ac706a290bda80c131/candidates HTTP/1.1" 200 OK
INFO:     127.0.0.1:51432 - "GET /api/v1/stats HTTP/1.1" 200 OK
INFO:     127.0.0.1:51432 - "GET /api/v1/jobs HTTP/1.1" 200 OK
INFO:     127.0.0.1:51432 - "GET /api/v1/jobs/69f509c2bc3c3a0a6303fbc8/candidates HTTP/1.1" 200 OK
INFO:     127.0.0.1:51432 - "GET /api/v1/jobs/6a09c1ac706a290bda80c131/candidates HTTP/1.1" 200 OK
INFO:     127.0.0.1:51440 - "GET /api/v1/stats HTTP/1.1" 200 OK
INFO:     127.0.0.1:51440 - "GET /api/v1/jobs HTTP/1.1" 200 OK
INFO:     127.0.0.1:51440 - "GET /api/v1/jobs/69f509c2bc3c3a0a6303fbc8/candidates HTTP/1.1" 200 OK
INFO:     127.0.0.1:51440 - "GET /api/v1/jobs/6a09c1ac706a290bda80c131/candidates HTTP/1.1" 200 OK
INFO:     127.0.0.1:51443 - "GET /api/v1/stats HTTP/1.1" 200 OK
INFO:     127.0.0.1:51443 - "GET /api/v1/jobs HTTP/1.1" 200 OK
INFO:     127.0.0.1:51443 - "GET /api/v1/jobs/69f509c2bc3c3a0a6303fbc8/candidates HTTP/1.1" 200 OK
INFO:     127.0.0.1:51443 - "GET /api/v1/jobs/6a09c1ac706a290bda80c131/candidates HTTP/1.1" 200 OK
INFO:     127.0.0.1:51450 - "GET /api/v1/stats HTTP/1.1" 200 OK
INFO:     127.0.0.1:51450 - "GET /api/v1/jobs HTTP/1.1" 200 OK
INFO:     127.0.0.1:51450 - "GET /api/v1/jobs/69f509c2bc3c3a0a6303fbc8/candidates HTTP/1.1" 200 OK
INFO:     127.0.0.1:51450 - "GET /api/v1/jobs/6a09c1ac706a290bda80c131/candidates HTTP/1.1" 200 OK
2026-05-24 19:11:44.666 | INFO     | api:background_pipeline:41 - Poller: checking for new CVs...
2026-05-24 19:11:46.185 | DEBUG    | intake.google_auth:get_google_credentials:26 - Google credentials loaded and token refreshed. Service account: recruitment-ai-service@recruitment-ai-494910.iam.gserviceaccount.com
2026-05-24 19:11:46.188 | DEBUG    | intake.drive_fetcher:_connect:59 - DriveFetcher: Google API session established.
2026-05-24 19:11:48.258 | DEBUG    | intake.drive_fetcher:_read_sheet_rows:80 - Read 8 rows from Google Sheets.
2026-05-24 19:11:48.258 | INFO     | intake.drive_fetcher:run:44 - DriveFetcher: 8 total form submissions found.
2026-05-24 19:11:48.425 | WARNING  | intake.drive_fetcher:_process_row:101 - No active job found for: ''
2026-05-24 19:11:49.552 | INFO     | intake.drive_fetcher:run:52 - DriveFetcher complete. New: 0, Skipped: 8, Errors: 0
2026-05-24 19:11:49.714 | INFO     | extraction:process_pending_candidates:67 - Text extraction: found 0 candidates with status RECEIVED.
2026-05-24 19:11:49.714 | INFO     | extraction:process_pending_candidates:109 - Text extraction complete. Processed: 0, Failed: 0, Skipped: 0
2026-05-24 19:11:49.872 | INFO     | scoring.pipeline:run_scoring_pipeline:17 - Scoring pipeline: 0 candidates with status PROCESSING.
2026-05-24 19:11:49.872 | INFO     | scoring.pipeline:run_scoring_pipeline:89 - Scoring complete. {'scored': 0, 'shortlisted': 0, 'not_selected': 0, 'failed': 0}
2026-05-24 19:11:50.039 | INFO     | scoring.mcq_scorer:process_mcq_responses:73 - Checking MCQ responses for job: Software Engineer
2026-05-24 19:11:50.772 | DEBUG    | intake.google_auth:get_google_credentials:26 - Google credentials loaded and token refreshed. Service account: recruitment-ai-service@recruitment-ai-494910.iam.gserviceaccount.com
2026-05-24 19:11:52.022 | DEBUG    | scoring.mcq_scorer:process_mcq_responses:149 - Already scored: Fatimah Adeel - skipping
2026-05-24 19:11:52.751 | DEBUG    | scoring.mcq_scorer:process_mcq_responses:149 - Already scored: test candidate 2 - skipping
2026-05-24 19:11:52.918 | DEBUG    | scoring.mcq_scorer:process_mcq_responses:149 - Already scored: Fatimah Adeel - skipping
2026-05-24 19:11:53.090 | DEBUG    | scoring.mcq_scorer:process_mcq_responses:149 - Already scored: Sulleman Mir - skipping
2026-05-24 19:11:53.090 | INFO     | scoring.mcq_scorer:process_mcq_responses:73 - Checking MCQ responses for job: Data Analyst
2026-05-24 19:11:53.800 | DEBUG    | intake.google_auth:get_google_credentials:26 - Google credentials loaded and token refreshed. Service account: recruitment-ai-service@recruitment-ai-494910.iam.gserviceaccount.com
2026-05-24 19:11:55.345 | DEBUG    | scoring.mcq_scorer:process_mcq_responses:149 - Already scored: Muhammad Ibrahim Mir - skipping
2026-05-24 19:11:55.544 | DEBUG    | scoring.mcq_scorer:process_mcq_responses:149 - Already scored: Muhammad Ibrahim Mir - skipping
2026-05-24 19:11:55.544 | INFO     | scoring.mcq_scorer:process_mcq_responses:184 - MCQ processing complete: {'processed': 0, 'skipped': 7, 'errors': 0}
2026-05-24 19:11:55.715 | INFO     | notifications:notify_shortlisted_candidates:165 - Notification check: 0 shortlisted candidates.
2026-05-24 19:11:56.807 | INFO     | notifications:notify_shortlisted_candidates:233 - Notifications done: {'sent': 0, 'skipped': 0, 'failed': 0}
2026-05-24 19:11:56.994 | INFO     | notifications:notify_rejected_candidates:344 - Rejection check: 1 rejected candidates.
2026-05-24 19:11:57.218 | INFO     | notifications:notify_rejected_candidates:369 - Rejection notifications done: {'sent': 0, 'skipped': 1, 'failed': 0}
2026-05-24 19:11:57.218 | INFO     | api:background_pipeline:48 - Poller: cycle complete.
INFO:     127.0.0.1:51466 - "GET /api/v1/stats HTTP/1.1" 200 OK
INFO:     127.0.0.1:51466 - "GET /api/v1/jobs HTTP/1.1" 200 OK
INFO:     127.0.0.1:51466 - "GET /api/v1/jobs/69f509c2bc3c3a0a6303fbc8/candidates HTTP/1.1" 200 OK
INFO:     127.0.0.1:51466 - "GET /api/v1/jobs/6a09c1ac706a290bda80c131/candidates HTTP/1.1" 200 OK
INFO:     127.0.0.1:51472 - "GET /api/v1/stats HTTP/1.1" 200 OK
INFO:     127.0.0.1:51472 - "GET /api/v1/jobs HTTP/1.1" 200 OK
INFO:     127.0.0.1:51472 - "GET /api/v1/jobs/69f509c2bc3c3a0a6303fbc8/candidates HTTP/1.1" 200 OK
INFO:     127.0.0.1:51472 - "GET /api/v1/jobs/6a09c1ac706a290bda80c131/candidates HTTP/1.1" 200 OK
INFO:     127.0.0.1:51498 - "GET /api/v1/stats HTTP/1.1" 200 OK
INFO:     127.0.0.1:51498 - "GET /api/v1/jobs HTTP/1.1" 200 OK
INFO:     127.0.0.1:51498 - "GET /api/v1/jobs/69f509c2bc3c3a0a6303fbc8/candidates HTTP/1.1" 200 OK
INFO:     127.0.0.1:51498 - "GET /api/v1/jobs/6a09c1ac706a290bda80c131/candidates HTTP/1.1" 200 OK
INFO:     127.0.0.1:51559 - "GET /api/v1/stats HTTP/1.1" 200 OK
INFO:     127.0.0.1:51559 - "GET /api/v1/jobs HTTP/1.1" 200 OK
INFO:     127.0.0.1:51559 - "GET /api/v1/jobs/69f509c2bc3c3a0a6303fbc8/candidates HTTP/1.1" 200 OK
INFO:     127.0.0.1:51559 - "GET /api/v1/jobs/6a09c1ac706a290bda80c131/candidates HTTP/1.1" 200 OK
2026-05-24 19:16:57.221 | INFO     | api:background_pipeline:41 - Poller: checking for new CVs...
2026-05-24 19:16:59.308 | DEBUG    | intake.google_auth:get_google_credentials:26 - Google credentials loaded and token refreshed. Service account: recruitment-ai-service@recruitment-ai-494910.iam.gserviceaccount.com
2026-05-24 19:16:59.311 | DEBUG    | intake.drive_fetcher:_connect:59 - DriveFetcher: Google API session established.
2026-05-24 19:17:00.877 | DEBUG    | intake.drive_fetcher:_read_sheet_rows:80 - Read 8 rows from Google Sheets.
2026-05-24 19:17:00.877 | INFO     | intake.drive_fetcher:run:44 - DriveFetcher: 8 total form submissions found.
2026-05-24 19:17:01.401 | WARNING  | intake.drive_fetcher:_process_row:101 - No active job found for: ''
2026-05-24 19:17:04.354 | INFO     | intake.drive_fetcher:run:52 - DriveFetcher complete. New: 0, Skipped: 8, Errors: 0
2026-05-24 19:17:04.563 | INFO     | extraction:process_pending_candidates:67 - Text extraction: found 0 candidates with status RECEIVED.
2026-05-24 19:17:04.564 | INFO     | extraction:process_pending_candidates:109 - Text extraction complete. Processed: 0, Failed: 0, Skipped: 0
2026-05-24 19:17:04.881 | INFO     | scoring.pipeline:run_scoring_pipeline:17 - Scoring pipeline: 0 candidates with status PROCESSING.
2026-05-24 19:17:04.881 | INFO     | scoring.pipeline:run_scoring_pipeline:89 - Scoring complete. {'scored': 0, 'shortlisted': 0, 'not_selected': 0, 'failed': 0}
2026-05-24 19:17:05.049 | INFO     | scoring.mcq_scorer:process_mcq_responses:73 - Checking MCQ responses for job: Software Engineer
2026-05-24 19:17:07.191 | DEBUG    | intake.google_auth:get_google_credentials:26 - Google credentials loaded and token refreshed. Service account: recruitment-ai-service@recruitment-ai-494910.iam.gserviceaccount.com
2026-05-24 19:17:10.320 | DEBUG    | scoring.mcq_scorer:process_mcq_responses:149 - Already scored: Fatimah Adeel - skipping
2026-05-24 19:17:12.235 | DEBUG    | scoring.mcq_scorer:process_mcq_responses:149 - Already scored: test candidate 2 - skipping
2026-05-24 19:17:12.420 | DEBUG    | scoring.mcq_scorer:process_mcq_responses:149 - Already scored: Fatimah Adeel - skipping
2026-05-24 19:17:12.744 | DEBUG    | scoring.mcq_scorer:process_mcq_responses:149 - Already scored: Sulleman Mir - skipping
2026-05-24 19:17:12.744 | INFO     | scoring.mcq_scorer:process_mcq_responses:73 - Checking MCQ responses for job: Data Analyst
2026-05-24 19:17:13.439 | DEBUG    | intake.google_auth:get_google_credentials:26 - Google credentials loaded and token refreshed. Service account: recruitment-ai-service@recruitment-ai-494910.iam.gserviceaccount.com
2026-05-24 19:17:15.103 | DEBUG    | scoring.mcq_scorer:process_mcq_responses:149 - Already scored: Muhammad Ibrahim Mir - skipping
2026-05-24 19:17:15.364 | DEBUG    | scoring.mcq_scorer:process_mcq_responses:149 - Already scored: Muhammad Ibrahim Mir - skipping
2026-05-24 19:17:15.364 | INFO     | scoring.mcq_scorer:process_mcq_responses:184 - MCQ processing complete: {'processed': 0, 'skipped': 7, 'errors': 0}
2026-05-24 19:17:15.527 | INFO     | notifications:notify_shortlisted_candidates:165 - Notification check: 0 shortlisted candidates.
2026-05-24 19:17:16.916 | INFO     | notifications:notify_shortlisted_candidates:233 - Notifications done: {'sent': 0, 'skipped': 0, 'failed': 0}
2026-05-24 19:17:17.076 | INFO     | notifications:notify_rejected_candidates:344 - Rejection check: 1 rejected candidates.
2026-05-24 19:17:17.234 | INFO     | notifications:notify_rejected_candidates:369 - Rejection notifications done: {'sent': 0, 'skipped': 1, 'failed': 0}
2026-05-24 19:17:17.234 | INFO     | api:background_pipeline:48 - Poller: cycle complete.
INFO:     127.0.0.1:51589 - "GET /api/v1/stats HTTP/1.1" 200 OK
INFO:     127.0.0.1:51589 - "GET /api/v1/jobs HTTP/1.1" 200 OK
INFO:     127.0.0.1:51589 - "GET /api/v1/jobs/69f509c2bc3c3a0a6303fbc8/candidates HTTP/1.1" 200 OK
INFO:     127.0.0.1:51589 - "GET /api/v1/jobs/6a09c1ac706a290bda80c131/candidates HTTP/1.1" 200 OK
INFO:     127.0.0.1:51689 - "GET /api/v1/stats HTTP/1.1" 200 OK
INFO:     127.0.0.1:51689 - "GET /api/v1/jobs HTTP/1.1" 200 OK
INFO:     127.0.0.1:51689 - "GET /api/v1/jobs/69f509c2bc3c3a0a6303fbc8/candidates HTTP/1.1" 200 OK
INFO:     127.0.0.1:51689 - "GET /api/v1/jobs/6a09c1ac706a290bda80c131/candidates HTTP/1.1" 200 OK
INFO:     127.0.0.1:51703 - "GET /api/v1/stats HTTP/1.1" 200 OK
INFO:     127.0.0.1:51703 - "GET /api/v1/jobs HTTP/1.1" 200 OK
INFO:     127.0.0.1:51703 - "GET /api/v1/jobs/69f509c2bc3c3a0a6303fbc8/candidates HTTP/1.1" 200 OK
INFO:     127.0.0.1:51703 - "GET /api/v1/jobs/6a09c1ac706a290bda80c131/candidates HTTP/1.1" 200 OK
INFO:     127.0.0.1:51707 - "GET /api/v1/stats HTTP/1.1" 200 OK
INFO:     127.0.0.1:51707 - "GET /api/v1/jobs HTTP/1.1" 200 OK
INFO:     127.0.0.1:51707 - "GET /api/v1/jobs/69f509c2bc3c3a0a6303fbc8/candidates HTTP/1.1" 200 OK
INFO:     127.0.0.1:51707 - "GET /api/v1/jobs/6a09c1ac706a290bda80c131/candidates HTTP/1.1" 200 OK
INFO:     127.0.0.1:51711 - "GET /api/v1/stats HTTP/1.1" 200 OK
INFO:     127.0.0.1:51711 - "GET /api/v1/jobs HTTP/1.1" 200 OK
INFO:     127.0.0.1:51711 - "GET /api/v1/jobs/69f509c2bc3c3a0a6303fbc8/candidates HTTP/1.1" 200 OK
INFO:     127.0.0.1:51711 - "GET /api/v1/jobs/6a09c1ac706a290bda80c131/candidates HTTP/1.1" 200 OK
2026-05-24 19:43:02.698 | INFO     | api:background_pipeline:41 - Poller: checking for new CVs...
2026-05-24 19:43:03.320 | DEBUG    | intake.google_auth:get_google_credentials:26 - Google credentials loaded and token refreshed. Service account: recruitment-ai-service@recruitment-ai-494910.iam.gserviceaccount.com
2026-05-24 19:43:03.323 | DEBUG    | intake.drive_fetcher:_connect:59 - DriveFetcher: Google API session established.
2026-05-24 19:43:04.515 | DEBUG    | intake.drive_fetcher:_read_sheet_rows:80 - Read 8 rows from Google Sheets.
2026-05-24 19:43:04.516 | INFO     | intake.drive_fetcher:run:44 - DriveFetcher: 8 total form submissions found.
2026-05-24 19:43:04.674 | WARNING  | intake.drive_fetcher:_process_row:101 - No active job found for: ''
2026-05-24 19:43:05.787 | INFO     | intake.drive_fetcher:run:52 - DriveFetcher complete. New: 0, Skipped: 8, Errors: 0
2026-05-24 19:43:05.958 | INFO     | extraction:process_pending_candidates:67 - Text extraction: found 0 candidates with status RECEIVED.
2026-05-24 19:43:05.958 | INFO     | extraction:process_pending_candidates:109 - Text extraction complete. Processed: 0, Failed: 0, Skipped: 0
2026-05-24 19:43:06.126 | INFO     | scoring.pipeline:run_scoring_pipeline:17 - Scoring pipeline: 0 candidates with status PROCESSING.
2026-05-24 19:43:06.127 | INFO     | scoring.pipeline:run_scoring_pipeline:89 - Scoring complete. {'scored': 0, 'shortlisted': 0, 'not_selected': 0, 'failed': 0}
2026-05-24 19:43:06.288 | INFO     | scoring.mcq_scorer:process_mcq_responses:73 - Checking MCQ responses for job: Software Engineer
2026-05-24 19:43:06.862 | DEBUG    | intake.google_auth:get_google_credentials:26 - Google credentials loaded and token refreshed. Service account: recruitment-ai-service@recruitment-ai-494910.iam.gserviceaccount.com
2026-05-24 19:43:07.958 | DEBUG    | scoring.mcq_scorer:process_mcq_responses:149 - Already scored: Fatimah Adeel - skipping
2026-05-24 19:43:08.849 | DEBUG    | scoring.mcq_scorer:process_mcq_responses:149 - Already scored: test candidate 2 - skipping
2026-05-24 19:43:09.007 | DEBUG    | scoring.mcq_scorer:process_mcq_responses:149 - Already scored: Fatimah Adeel - skipping
2026-05-24 19:43:09.168 | DEBUG    | scoring.mcq_scorer:process_mcq_responses:149 - Already scored: Sulleman Mir - skipping
2026-05-24 19:43:09.169 | INFO     | scoring.mcq_scorer:process_mcq_responses:73 - Checking MCQ responses for job: Data Analyst
2026-05-24 19:43:09.728 | DEBUG    | intake.google_auth:get_google_credentials:26 - Google credentials loaded and token refreshed. Service account: recruitment-ai-service@recruitment-ai-494910.iam.gserviceaccount.com
2026-05-24 19:43:11.036 | DEBUG    | scoring.mcq_scorer:process_mcq_responses:149 - Already scored: Muhammad Ibrahim Mir - skipping
2026-05-24 19:43:11.195 | DEBUG    | scoring.mcq_scorer:process_mcq_responses:149 - Already scored: Muhammad Ibrahim Mir - skipping
2026-05-24 19:43:11.195 | INFO     | scoring.mcq_scorer:process_mcq_responses:184 - MCQ processing complete: {'processed': 0, 'skipped': 7, 'errors': 0}
2026-05-24 19:43:11.360 | INFO     | notifications:notify_shortlisted_candidates:165 - Notification check: 0 shortlisted candidates.
2026-05-24 19:43:12.347 | INFO     | notifications:notify_shortlisted_candidates:233 - Notifications done: {'sent': 0, 'skipped': 0, 'failed': 0}
2026-05-24 19:43:12.505 | INFO     | notifications:notify_rejected_candidates:344 - Rejection check: 1 rejected candidates.
2026-05-24 19:43:12.667 | INFO     | notifications:notify_rejected_candidates:369 - Rejection notifications done: {'sent': 0, 'skipped': 1, 'failed': 0}
2026-05-24 19:43:12.667 | INFO     | api:background_pipeline:48 - Poller: cycle complete.
INFO:     127.0.0.1:51722 - "GET /api/v1/stats HTTP/1.1" 200 OK
INFO:     127.0.0.1:51722 - "GET /api/v1/jobs HTTP/1.1" 200 OK
INFO:     127.0.0.1:51722 - "GET /api/v1/jobs/69f509c2bc3c3a0a6303fbc8/candidates HTTP/1.1" 200 OK
INFO:     127.0.0.1:51722 - "GET /api/v1/jobs/6a09c1ac706a290bda80c131/candidates HTTP/1.1" 200 OK
INFO:     127.0.0.1:51724 - "GET /api/v1/stats HTTP/1.1" 200 OK
INFO:     127.0.0.1:51724 - "GET /api/v1/jobs HTTP/1.1" 200 OK
INFO:     127.0.0.1:51724 - "GET /api/v1/jobs/69f509c2bc3c3a0a6303fbc8/candidates HTTP/1.1" 200 OK
INFO:     127.0.0.1:51724 - "GET /api/v1/jobs/6a09c1ac706a290bda80c131/candidates HTTP/1.1" 200 OK
INFO:     127.0.0.1:51725 - "GET /api/v1/stats HTTP/1.1" 200 OK
INFO:     127.0.0.1:51725 - "GET /api/v1/jobs HTTP/1.1" 200 OK
INFO:     127.0.0.1:51725 - "GET /api/v1/jobs/69f509c2bc3c3a0a6303fbc8/candidates HTTP/1.1" 200 OK
INFO:     127.0.0.1:51725 - "GET /api/v1/jobs/6a09c1ac706a290bda80c131/candidates HTTP/1.1" 200 OK
INFO:     127.0.0.1:51729 - "GET /api/v1/stats HTTP/1.1" 200 OK
INFO:     127.0.0.1:51729 - "GET /api/v1/jobs HTTP/1.1" 200 OK
INFO:     127.0.0.1:51729 - "GET /api/v1/jobs/69f509c2bc3c3a0a6303fbc8/candidates HTTP/1.1" 200 OK
INFO:     127.0.0.1:51729 - "GET /api/v1/jobs/6a09c1ac706a290bda80c131/candidates HTTP/1.1" 200 OK
INFO:     127.0.0.1:51732 - "GET /api/v1/stats HTTP/1.1" 200 OK
INFO:     127.0.0.1:51732 - "GET /api/v1/jobs HTTP/1.1" 200 OK
INFO:     127.0.0.1:51732 - "GET /api/v1/jobs/69f509c2bc3c3a0a6303fbc8/candidates HTTP/1.1" 200 OK
INFO:     127.0.0.1:51732 - "GET /api/v1/jobs/6a09c1ac706a290bda80c131/candidates HTTP/1.1" 200 OK
2026-05-24 19:48:12.667 | INFO     | api:background_pipeline:41 - Poller: checking for new CVs...
2026-05-24 19:48:13.268 | DEBUG    | intake.google_auth:get_google_credentials:26 - Google credentials loaded and token refreshed. Service account: recruitment-ai-service@recruitment-ai-494910.iam.gserviceaccount.com
2026-05-24 19:48:13.273 | DEBUG    | intake.drive_fetcher:_connect:59 - DriveFetcher: Google API session established.
2026-05-24 19:48:14.267 | DEBUG    | intake.drive_fetcher:_read_sheet_rows:80 - Read 8 rows from Google Sheets.
2026-05-24 19:48:14.267 | INFO     | intake.drive_fetcher:run:44 - DriveFetcher: 8 total form submissions found.
2026-05-24 19:48:14.426 | WARNING  | intake.drive_fetcher:_process_row:101 - No active job found for: ''
2026-05-24 19:48:15.698 | INFO     | intake.drive_fetcher:run:52 - DriveFetcher complete. New: 0, Skipped: 8, Errors: 0
2026-05-24 19:48:15.860 | INFO     | extraction:process_pending_candidates:67 - Text extraction: found 0 candidates with status RECEIVED.
2026-05-24 19:48:15.860 | INFO     | extraction:process_pending_candidates:109 - Text extraction complete. Processed: 0, Failed: 0, Skipped: 0
2026-05-24 19:48:16.020 | INFO     | scoring.pipeline:run_scoring_pipeline:17 - Scoring pipeline: 0 candidates with status PROCESSING.
2026-05-24 19:48:16.020 | INFO     | scoring.pipeline:run_scoring_pipeline:89 - Scoring complete. {'scored': 0, 'shortlisted': 0, 'not_selected': 0, 'failed': 0}
2026-05-24 19:48:16.183 | INFO     | scoring.mcq_scorer:process_mcq_responses:73 - Checking MCQ responses for job: Software Engineer
2026-05-24 19:48:16.764 | DEBUG    | intake.google_auth:get_google_credentials:26 - Google credentials loaded and token refreshed. Service account: recruitment-ai-service@recruitment-ai-494910.iam.gserviceaccount.com
2026-05-24 19:48:17.798 | DEBUG    | scoring.mcq_scorer:process_mcq_responses:149 - Already scored: Fatimah Adeel - skipping
2026-05-24 19:48:18.315 | DEBUG    | scoring.mcq_scorer:process_mcq_responses:149 - Already scored: test candidate 2 - skipping
2026-05-24 19:48:18.493 | DEBUG    | scoring.mcq_scorer:process_mcq_responses:149 - Already scored: Fatimah Adeel - skipping
2026-05-24 19:48:18.665 | DEBUG    | scoring.mcq_scorer:process_mcq_responses:149 - Already scored: Sulleman Mir - skipping
2026-05-24 19:48:18.665 | INFO     | scoring.mcq_scorer:process_mcq_responses:73 - Checking MCQ responses for job: Data Analyst
2026-05-24 19:48:19.204 | DEBUG    | intake.google_auth:get_google_credentials:26 - Google credentials loaded and token refreshed. Service account: recruitment-ai-service@recruitment-ai-494910.iam.gserviceaccount.com
2026-05-24 19:48:20.110 | DEBUG    | scoring.mcq_scorer:process_mcq_responses:149 - Already scored: Muhammad Ibrahim Mir - skipping
2026-05-24 19:48:20.276 | DEBUG    | scoring.mcq_scorer:process_mcq_responses:149 - Already scored: Muhammad Ibrahim Mir - skipping
2026-05-24 19:48:20.276 | INFO     | scoring.mcq_scorer:process_mcq_responses:184 - MCQ processing complete: {'processed': 0, 'skipped': 7, 'errors': 0}
2026-05-24 19:48:20.441 | INFO     | notifications:notify_shortlisted_candidates:165 - Notification check: 0 shortlisted candidates.
2026-05-24 19:48:21.407 | INFO     | notifications:notify_shortlisted_candidates:233 - Notifications done: {'sent': 0, 'skipped': 0, 'failed': 0}
2026-05-24 19:48:21.566 | INFO     | notifications:notify_rejected_candidates:344 - Rejection check: 1 rejected candidates.
2026-05-24 19:48:21.725 | INFO     | notifications:notify_rejected_candidates:369 - Rejection notifications done: {'sent': 0, 'skipped': 1, 'failed': 0}
2026-05-24 19:48:21.725 | INFO     | api:background_pipeline:48 - Poller: cycle complete.
INFO:     127.0.0.1:51740 - "GET /api/v1/stats HTTP/1.1" 200 OK
INFO:     127.0.0.1:51740 - "GET /api/v1/jobs HTTP/1.1" 200 OK
INFO:     127.0.0.1:51740 - "GET /api/v1/jobs/69f509c2bc3c3a0a6303fbc8/candidates HTTP/1.1" 200 OK
INFO:     127.0.0.1:51740 - "GET /api/v1/jobs/6a09c1ac706a290bda80c131/candidates HTTP/1.1" 200 OK
INFO:     127.0.0.1:51777 - "GET /api/v1/stats HTTP/1.1" 200 OK
INFO:     127.0.0.1:51777 - "GET /api/v1/jobs HTTP/1.1" 200 OK
INFO:     127.0.0.1:51777 - "GET /api/v1/jobs/69f509c2bc3c3a0a6303fbc8/candidates HTTP/1.1" 200 OK
INFO:     127.0.0.1:51777 - "GET /api/v1/jobs/6a09c1ac706a290bda80c131/candidates HTTP/1.1" 200 OK
INFO:     127.0.0.1:51784 - "GET /api/v1/stats HTTP/1.1" 200 OK
INFO:     127.0.0.1:51784 - "GET /api/v1/jobs HTTP/1.1" 200 OK
INFO:     127.0.0.1:51784 - "GET /api/v1/jobs/69f509c2bc3c3a0a6303fbc8/candidates HTTP/1.1" 200 OK
INFO:     127.0.0.1:51784 - "GET /api/v1/jobs/6a09c1ac706a290bda80c131/candidates HTTP/1.1" 200 OK
INFO:     127.0.0.1:51823 - "GET /api/v1/stats HTTP/1.1" 200 OK
INFO:     127.0.0.1:51823 - "GET /api/v1/jobs HTTP/1.1" 200 OK
INFO:     127.0.0.1:51823 - "GET /api/v1/jobs/69f509c2bc3c3a0a6303fbc8/candidates HTTP/1.1" 200 OK
INFO:     127.0.0.1:51840 - "GET /api/v1/jobs/6a09c1ac706a290bda80c131/candidates HTTP/1.1" 200 OK
2026-05-25 12:51:22.402 | INFO     | api:background_pipeline:41 - Poller: checking for new CVs...
2026-05-25 12:51:23.164 | DEBUG    | intake.google_auth:get_google_credentials:26 - Google credentials loaded and token refreshed. Service account: recruitment-ai-service@recruitment-ai-494910.iam.gserviceaccount.com
2026-05-25 12:51:23.170 | DEBUG    | intake.drive_fetcher:_connect:59 - DriveFetcher: Google API session established.
2026-05-25 12:51:23.989 | DEBUG    | intake.drive_fetcher:_read_sheet_rows:80 - Read 8 rows from Google Sheets.
2026-05-25 12:51:23.990 | INFO     | intake.drive_fetcher:run:44 - DriveFetcher: 8 total form submissions found.
2026-05-25 12:51:24.969 | WARNING  | intake.drive_fetcher:_process_row:101 - No active job found for: ''
2026-05-25 12:51:26.091 | INFO     | intake.drive_fetcher:run:52 - DriveFetcher complete. New: 0, Skipped: 8, Errors: 0
2026-05-25 12:51:26.395 | INFO     | extraction:process_pending_candidates:67 - Text extraction: found 0 candidates with status RECEIVED.
2026-05-25 12:51:26.395 | INFO     | extraction:process_pending_candidates:109 - Text extraction complete. Processed: 0, Failed: 0, Skipped: 0
2026-05-25 12:51:26.551 | INFO     | scoring.pipeline:run_scoring_pipeline:17 - Scoring pipeline: 0 candidates with status PROCESSING.
2026-05-25 12:51:26.551 | INFO     | scoring.pipeline:run_scoring_pipeline:89 - Scoring complete. {'scored': 0, 'shortlisted': 0, 'not_selected': 0, 'failed': 0}
2026-05-25 12:51:26.708 | INFO     | scoring.mcq_scorer:process_mcq_responses:73 - Checking MCQ responses for job: Software Engineer
2026-05-25 12:51:27.354 | DEBUG    | intake.google_auth:get_google_credentials:26 - Google credentials loaded and token refreshed. Service account: recruitment-ai-service@recruitment-ai-494910.iam.gserviceaccount.com
2026-05-25 12:51:28.918 | DEBUG    | scoring.mcq_scorer:process_mcq_responses:149 - Already scored: Fatimah Adeel - skipping
2026-05-25 12:51:29.444 | DEBUG    | scoring.mcq_scorer:process_mcq_responses:149 - Already scored: test candidate 2 - skipping
2026-05-25 12:51:29.624 | DEBUG    | scoring.mcq_scorer:process_mcq_responses:149 - Already scored: Fatimah Adeel - skipping
2026-05-25 12:51:29.809 | DEBUG    | scoring.mcq_scorer:process_mcq_responses:149 - Already scored: Sulleman Mir - skipping
2026-05-25 12:51:29.809 | INFO     | scoring.mcq_scorer:process_mcq_responses:73 - Checking MCQ responses for job: Data Analyst
2026-05-25 12:51:30.910 | DEBUG    | intake.google_auth:get_google_credentials:26 - Google credentials loaded and token refreshed. Service account: recruitment-ai-service@recruitment-ai-494910.iam.gserviceaccount.com
2026-05-25 12:51:32.277 | DEBUG    | scoring.mcq_scorer:process_mcq_responses:149 - Already scored: Muhammad Ibrahim Mir - skipping
2026-05-25 12:51:32.460 | DEBUG    | scoring.mcq_scorer:process_mcq_responses:149 - Already scored: Muhammad Ibrahim Mir - skipping
2026-05-25 12:51:32.460 | INFO     | scoring.mcq_scorer:process_mcq_responses:184 - MCQ processing complete: {'processed': 0, 'skipped': 7, 'errors': 0}
2026-05-25 12:51:32.639 | INFO     | notifications:notify_shortlisted_candidates:165 - Notification check: 0 shortlisted candidates.
2026-05-25 12:51:34.055 | INFO     | notifications:notify_shortlisted_candidates:233 - Notifications done: {'sent': 0, 'skipped': 0, 'failed': 0}
2026-05-25 12:51:34.211 | INFO     | notifications:notify_rejected_candidates:344 - Rejection check: 1 rejected candidates.
2026-05-25 12:51:34.366 | INFO     | notifications:notify_rejected_candidates:369 - Rejection notifications done: {'sent': 0, 'skipped': 1, 'failed': 0}
2026-05-25 12:51:34.367 | INFO     | api:background_pipeline:48 - Poller: cycle complete.
INFO:     127.0.0.1:51898 - "GET /api/v1/stats HTTP/1.1" 200 OK
INFO:     127.0.0.1:51898 - "GET /api/v1/jobs HTTP/1.1" 200 OK
INFO:     127.0.0.1:51898 - "GET /api/v1/jobs/69f509c2bc3c3a0a6303fbc8/candidates HTTP/1.1" 200 OK
INFO:     127.0.0.1:51901 - "GET /api/v1/jobs/6a09c1ac706a290bda80c131/candidates HTTP/1.1" 200 OK
2026-05-25 12:56:34.377 | INFO     | api:background_pipeline:41 - Poller: checking for new CVs...
2026-05-25 12:56:35.095 | DEBUG    | intake.google_auth:get_google_credentials:26 - Google credentials loaded and token refreshed. Service account: recruitment-ai-service@recruitment-ai-494910.iam.gserviceaccount.com
2026-05-25 12:56:35.100 | DEBUG    | intake.drive_fetcher:_connect:59 - DriveFetcher: Google API session established.
2026-05-25 12:56:35.841 | DEBUG    | intake.drive_fetcher:_read_sheet_rows:80 - Read 8 rows from Google Sheets.
2026-05-25 12:56:35.842 | INFO     | intake.drive_fetcher:run:44 - DriveFetcher: 8 total form submissions found.
2026-05-25 12:56:36.005 | WARNING  | intake.drive_fetcher:_process_row:101 - No active job found for: ''
2026-05-25 12:56:37.090 | INFO     | intake.drive_fetcher:run:52 - DriveFetcher complete. New: 0, Skipped: 8, Errors: 0
2026-05-25 12:56:37.250 | INFO     | extraction:process_pending_candidates:67 - Text extraction: found 0 candidates with status RECEIVED.
2026-05-25 12:56:37.250 | INFO     | extraction:process_pending_candidates:109 - Text extraction complete. Processed: 0, Failed: 0, Skipped: 0
2026-05-25 12:56:37.406 | INFO     | scoring.pipeline:run_scoring_pipeline:17 - Scoring pipeline: 0 candidates with status PROCESSING.
2026-05-25 12:56:37.406 | INFO     | scoring.pipeline:run_scoring_pipeline:89 - Scoring complete. {'scored': 0, 'shortlisted': 0, 'not_selected': 0, 'failed': 0}
2026-05-25 12:56:37.563 | INFO     | scoring.mcq_scorer:process_mcq_responses:73 - Checking MCQ responses for job: Software Engineer
2026-05-25 12:56:38.086 | DEBUG    | intake.google_auth:get_google_credentials:26 - Google credentials loaded and token refreshed. Service account: recruitment-ai-service@recruitment-ai-494910.iam.gserviceaccount.com
2026-05-25 12:56:39.086 | DEBUG    | scoring.mcq_scorer:process_mcq_responses:149 - Already scored: Fatimah Adeel - skipping
2026-05-25 12:56:39.552 | DEBUG    | scoring.mcq_scorer:process_mcq_responses:149 - Already scored: test candidate 2 - skipping
2026-05-25 12:56:39.714 | DEBUG    | scoring.mcq_scorer:process_mcq_responses:149 - Already scored: Fatimah Adeel - skipping
2026-05-25 12:56:39.869 | DEBUG    | scoring.mcq_scorer:process_mcq_responses:149 - Already scored: Sulleman Mir - skipping
2026-05-25 12:56:39.870 | INFO     | scoring.mcq_scorer:process_mcq_responses:73 - Checking MCQ responses for job: Data Analyst
2026-05-25 12:56:40.415 | DEBUG    | intake.google_auth:get_google_credentials:26 - Google credentials loaded and token refreshed. Service account: recruitment-ai-service@recruitment-ai-494910.iam.gserviceaccount.com
2026-05-25 12:56:41.550 | DEBUG    | scoring.mcq_scorer:process_mcq_responses:149 - Already scored: Muhammad Ibrahim Mir - skipping
2026-05-25 12:56:41.705 | DEBUG    | scoring.mcq_scorer:process_mcq_responses:149 - Already scored: Muhammad Ibrahim Mir - skipping
2026-05-25 12:56:41.706 | INFO     | scoring.mcq_scorer:process_mcq_responses:184 - MCQ processing complete: {'processed': 0, 'skipped': 7, 'errors': 0}
2026-05-25 12:56:41.862 | INFO     | notifications:notify_shortlisted_candidates:165 - Notification check: 0 shortlisted candidates.
2026-05-25 12:56:42.809 | INFO     | notifications:notify_shortlisted_candidates:233 - Notifications done: {'sent': 0, 'skipped': 0, 'failed': 0}
2026-05-25 12:56:42.965 | INFO     | notifications:notify_rejected_candidates:344 - Rejection check: 1 rejected candidates.
2026-05-25 12:56:43.159 | INFO     | notifications:notify_rejected_candidates:369 - Rejection notifications done: {'sent': 0, 'skipped': 1, 'failed': 0}
2026-05-25 12:56:43.160 | INFO     | api:background_pipeline:48 - Poller: cycle complete.
2026-05-25 13:01:43.162 | INFO     | api:background_pipeline:41 - Poller: checking for new CVs...
2026-05-25 13:01:43.768 | DEBUG    | intake.google_auth:get_google_credentials:26 - Google credentials loaded and token refreshed. Service account: recruitment-ai-service@recruitment-ai-494910.iam.gserviceaccount.com
2026-05-25 13:01:43.769 | DEBUG    | intake.drive_fetcher:_connect:59 - DriveFetcher: Google API session established.
2026-05-25 13:01:44.492 | DEBUG    | intake.drive_fetcher:_read_sheet_rows:80 - Read 8 rows from Google Sheets.
2026-05-25 13:01:44.493 | INFO     | intake.drive_fetcher:run:44 - DriveFetcher: 8 total form submissions found.
2026-05-25 13:01:44.648 | WARNING  | intake.drive_fetcher:_process_row:101 - No active job found for: ''
2026-05-25 13:01:45.741 | INFO     | intake.drive_fetcher:run:52 - DriveFetcher complete. New: 0, Skipped: 8, Errors: 0
2026-05-25 13:01:45.898 | INFO     | extraction:process_pending_candidates:67 - Text extraction: found 0 candidates with status RECEIVED.
2026-05-25 13:01:45.898 | INFO     | extraction:process_pending_candidates:109 - Text extraction complete. Processed: 0, Failed: 0, Skipped: 0
2026-05-25 13:01:46.053 | INFO     | scoring.pipeline:run_scoring_pipeline:17 - Scoring pipeline: 0 candidates with status PROCESSING.
2026-05-25 13:01:46.054 | INFO     | scoring.pipeline:run_scoring_pipeline:89 - Scoring complete. {'scored': 0, 'shortlisted': 0, 'not_selected': 0, 'failed': 0}
2026-05-25 13:01:46.212 | INFO     | scoring.mcq_scorer:process_mcq_responses:73 - Checking MCQ responses for job: Software Engineer
2026-05-25 13:01:46.748 | DEBUG    | intake.google_auth:get_google_credentials:26 - Google credentials loaded and token refreshed. Service account: recruitment-ai-service@recruitment-ai-494910.iam.gserviceaccount.com
2026-05-25 13:01:48.206 | DEBUG    | scoring.mcq_scorer:process_mcq_responses:149 - Already scored: Fatimah Adeel - skipping
2026-05-25 13:01:48.672 | DEBUG    | scoring.mcq_scorer:process_mcq_responses:149 - Already scored: test candidate 2 - skipping
2026-05-25 13:01:48.827 | DEBUG    | scoring.mcq_scorer:process_mcq_responses:149 - Already scored: Fatimah Adeel - skipping
2026-05-25 13:01:48.984 | DEBUG    | scoring.mcq_scorer:process_mcq_responses:149 - Already scored: Sulleman Mir - skipping
2026-05-25 13:01:48.984 | INFO     | scoring.mcq_scorer:process_mcq_responses:73 - Checking MCQ responses for job: Data Analyst
2026-05-25 13:01:49.587 | DEBUG    | intake.google_auth:get_google_credentials:26 - Google credentials loaded and token refreshed. Service account: recruitment-ai-service@recruitment-ai-494910.iam.gserviceaccount.com
2026-05-25 13:01:50.558 | DEBUG    | scoring.mcq_scorer:process_mcq_responses:149 - Already scored: Muhammad Ibrahim Mir - skipping
2026-05-25 13:01:50.713 | DEBUG    | scoring.mcq_scorer:process_mcq_responses:149 - Already scored: Muhammad Ibrahim Mir - skipping
2026-05-25 13:01:50.716 | INFO     | scoring.mcq_scorer:process_mcq_responses:184 - MCQ processing complete: {'processed': 0, 'skipped': 7, 'errors': 0}
2026-05-25 13:01:50.872 | INFO     | notifications:notify_shortlisted_candidates:165 - Notification check: 0 shortlisted candidates.
2026-05-25 13:01:51.808 | INFO     | notifications:notify_shortlisted_candidates:233 - Notifications done: {'sent': 0, 'skipped': 0, 'failed': 0}
2026-05-25 13:01:51.963 | INFO     | notifications:notify_rejected_candidates:344 - Rejection check: 1 rejected candidates.
2026-05-25 13:01:52.117 | INFO     | notifications:notify_rejected_candidates:369 - Rejection notifications done: {'sent': 0, 'skipped': 1, 'failed': 0}
2026-05-25 13:01:52.118 | INFO     | api:background_pipeline:48 - Poller: cycle complete.
INFO:     127.0.0.1:51976 - "GET /api/v1/stats HTTP/1.1" 200 OK
INFO:     127.0.0.1:51976 - "GET /api/v1/jobs HTTP/1.1" 200 OK
INFO:     127.0.0.1:51976 - "GET /api/v1/jobs/69f509c2bc3c3a0a6303fbc8/candidates HTTP/1.1" 200 OK
INFO:     127.0.0.1:51976 - "GET /api/v1/jobs/6a09c1ac706a290bda80c131/candidates HTTP/1.1" 200 OK
INFO:     127.0.0.1:51996 - "GET /api/v1/stats HTTP/1.1" 200 OK
INFO:     127.0.0.1:51996 - "GET /api/v1/jobs HTTP/1.1" 200 OK
INFO:     127.0.0.1:51996 - "GET /api/v1/jobs/69f509c2bc3c3a0a6303fbc8/candidates HTTP/1.1" 200 OK
INFO:     127.0.0.1:51996 - "GET /api/v1/jobs/6a09c1ac706a290bda80c131/candidates HTTP/1.1" 200 OK
INFO:     127.0.0.1:52012 - "GET /api/v1/stats HTTP/1.1" 200 OK
INFO:     127.0.0.1:52012 - "GET /api/v1/jobs HTTP/1.1" 200 OK
INFO:     127.0.0.1:52012 - "GET /api/v1/jobs/69f509c2bc3c3a0a6303fbc8/candidates HTTP/1.1" 200 OK
INFO:     127.0.0.1:52012 - "GET /api/v1/jobs/6a09c1ac706a290bda80c131/candidates HTTP/1.1" 200 OK
2026-05-25 13:06:52.119 | INFO     | api:background_pipeline:41 - Poller: checking for new CVs...
2026-05-25 13:06:52.711 | DEBUG    | intake.google_auth:get_google_credentials:26 - Google credentials loaded and token refreshed. Service account: recruitment-ai-service@recruitment-ai-494910.iam.gserviceaccount.com
2026-05-25 13:06:52.714 | DEBUG    | intake.drive_fetcher:_connect:59 - DriveFetcher: Google API session established.
2026-05-25 13:06:53.497 | DEBUG    | intake.drive_fetcher:_read_sheet_rows:80 - Read 8 rows from Google Sheets.
2026-05-25 13:06:53.497 | INFO     | intake.drive_fetcher:run:44 - DriveFetcher: 8 total form submissions found.
2026-05-25 13:06:53.667 | WARNING  | intake.drive_fetcher:_process_row:101 - No active job found for: ''
2026-05-25 13:06:54.747 | INFO     | intake.drive_fetcher:run:52 - DriveFetcher complete. New: 0, Skipped: 8, Errors: 0
2026-05-25 13:06:54.905 | INFO     | extraction:process_pending_candidates:67 - Text extraction: found 0 candidates with status RECEIVED.
2026-05-25 13:06:54.905 | INFO     | extraction:process_pending_candidates:109 - Text extraction complete. Processed: 0, Failed: 0, Skipped: 0
2026-05-25 13:06:55.061 | INFO     | scoring.pipeline:run_scoring_pipeline:17 - Scoring pipeline: 0 candidates with status PROCESSING.
2026-05-25 13:06:55.061 | INFO     | scoring.pipeline:run_scoring_pipeline:89 - Scoring complete. {'scored': 0, 'shortlisted': 0, 'not_selected': 0, 'failed': 0}
2026-05-25 13:06:55.215 | INFO     | scoring.mcq_scorer:process_mcq_responses:73 - Checking MCQ responses for job: Software Engineer
2026-05-25 13:06:55.852 | DEBUG    | intake.google_auth:get_google_credentials:26 - Google credentials loaded and token refreshed. Service account: recruitment-ai-service@recruitment-ai-494910.iam.gserviceaccount.com
2026-05-25 13:06:56.808 | DEBUG    | scoring.mcq_scorer:process_mcq_responses:149 - Already scored: Fatimah Adeel - skipping
2026-05-25 13:06:57.283 | DEBUG    | scoring.mcq_scorer:process_mcq_responses:149 - Already scored: test candidate 2 - skipping
2026-05-25 13:06:57.437 | DEBUG    | scoring.mcq_scorer:process_mcq_responses:149 - Already scored: Fatimah Adeel - skipping
2026-05-25 13:06:57.592 | DEBUG    | scoring.mcq_scorer:process_mcq_responses:149 - Already scored: Sulleman Mir - skipping
2026-05-25 13:06:57.592 | INFO     | scoring.mcq_scorer:process_mcq_responses:73 - Checking MCQ responses for job: Data Analyst
2026-05-25 13:06:58.145 | DEBUG    | intake.google_auth:get_google_credentials:26 - Google credentials loaded and token refreshed. Service account: recruitment-ai-service@recruitment-ai-494910.iam.gserviceaccount.com
2026-05-25 13:06:59.187 | DEBUG    | scoring.mcq_scorer:process_mcq_responses:149 - Already scored: Muhammad Ibrahim Mir - skipping
2026-05-25 13:06:59.341 | DEBUG    | scoring.mcq_scorer:process_mcq_responses:149 - Already scored: Muhammad Ibrahim Mir - skipping
2026-05-25 13:06:59.342 | INFO     | scoring.mcq_scorer:process_mcq_responses:184 - MCQ processing complete: {'processed': 0, 'skipped': 7, 'errors': 0}
2026-05-25 13:06:59.499 | INFO     | notifications:notify_shortlisted_candidates:165 - Notification check: 0 shortlisted candidates.
2026-05-25 13:07:00.429 | INFO     | notifications:notify_shortlisted_candidates:233 - Notifications done: {'sent': 0, 'skipped': 0, 'failed': 0}
2026-05-25 13:07:00.600 | INFO     | notifications:notify_rejected_candidates:344 - Rejection check: 1 rejected candidates.
2026-05-25 13:07:00.755 | INFO     | notifications:notify_rejected_candidates:369 - Rejection notifications done: {'sent': 0, 'skipped': 1, 'failed': 0}
2026-05-25 13:07:00.755 | INFO     | api:background_pipeline:48 - Poller: cycle complete.
INFO:     127.0.0.1:52031 - "GET /api/v1/stats HTTP/1.1" 200 OK
INFO:     127.0.0.1:52031 - "GET /api/v1/jobs HTTP/1.1" 200 OK
INFO:     127.0.0.1:52031 - "GET /api/v1/jobs/69f509c2bc3c3a0a6303fbc8/candidates HTTP/1.1" 200 OK
INFO:     127.0.0.1:52031 - "GET /api/v1/jobs/6a09c1ac706a290bda80c131/candidates HTTP/1.1" 200 OK
INFO:     127.0.0.1:52037 - "GET /api/v1/stats HTTP/1.1" 200 OK
INFO:     127.0.0.1:52037 - "GET /api/v1/jobs HTTP/1.1" 200 OK
INFO:     127.0.0.1:52037 - "GET /api/v1/jobs/69f509c2bc3c3a0a6303fbc8/candidates HTTP/1.1" 200 OK
INFO:     127.0.0.1:52037 - "GET /api/v1/jobs/6a09c1ac706a290bda80c131/candidates HTTP/1.1" 200 OK
INFO:     127.0.0.1:52045 - "GET /api/v1/stats HTTP/1.1" 200 OK
INFO:     127.0.0.1:52045 - "GET /api/v1/jobs HTTP/1.1" 200 OK
INFO:     127.0.0.1:52046 - "GET /api/v1/jobs/69f509c2bc3c3a0a6303fbc8/candidates HTTP/1.1" 200 OK
INFO:     127.0.0.1:52046 - "GET /api/v1/jobs/6a09c1ac706a290bda80c131/candidates HTTP/1.1" 200 OK
INFO:     127.0.0.1:52060 - "GET /api/v1/stats HTTP/1.1" 200 OK
INFO:     127.0.0.1:52060 - "GET /api/v1/jobs HTTP/1.1" 200 OK
INFO:     127.0.0.1:52060 - "GET /api/v1/jobs/69f509c2bc3c3a0a6303fbc8/candidates HTTP/1.1" 200 OK
INFO:     127.0.0.1:52060 - "GET /api/v1/jobs/6a09c1ac706a290bda80c131/candidates HTTP/1.1" 200 OK
INFO:     127.0.0.1:52071 - "GET /api/v1/stats HTTP/1.1" 200 OK
INFO:     127.0.0.1:52071 - "GET /api/v1/jobs HTTP/1.1" 200 OK
INFO:     127.0.0.1:52071 - "GET /api/v1/jobs/69f509c2bc3c3a0a6303fbc8/candidates HTTP/1.1" 200 OK
INFO:     127.0.0.1:52071 - "GET /api/v1/jobs/6a09c1ac706a290bda80c131/candidates HTTP/1.1" 200 OK
2026-05-25 13:12:00.756 | INFO     | api:background_pipeline:41 - Poller: checking for new CVs...
2026-05-25 13:12:01.383 | DEBUG    | intake.google_auth:get_google_credentials:26 - Google credentials loaded and token refreshed. Service account: recruitment-ai-service@recruitment-ai-494910.iam.gserviceaccount.com
2026-05-25 13:12:01.388 | DEBUG    | intake.drive_fetcher:_connect:59 - DriveFetcher: Google API session established.
2026-05-25 13:12:02.103 | DEBUG    | intake.drive_fetcher:_read_sheet_rows:80 - Read 8 rows from Google Sheets.
2026-05-25 13:12:02.103 | INFO     | intake.drive_fetcher:run:44 - DriveFetcher: 8 total form submissions found.
2026-05-25 13:12:02.259 | WARNING  | intake.drive_fetcher:_process_row:101 - No active job found for: ''
2026-05-25 13:12:03.340 | INFO     | intake.drive_fetcher:run:52 - DriveFetcher complete. New: 0, Skipped: 8, Errors: 0
2026-05-25 13:12:03.498 | INFO     | extraction:process_pending_candidates:67 - Text extraction: found 0 candidates with status RECEIVED.
2026-05-25 13:12:03.498 | INFO     | extraction:process_pending_candidates:109 - Text extraction complete. Processed: 0, Failed: 0, Skipped: 0
2026-05-25 13:12:03.654 | INFO     | scoring.pipeline:run_scoring_pipeline:17 - Scoring pipeline: 0 candidates with status PROCESSING.
2026-05-25 13:12:03.654 | INFO     | scoring.pipeline:run_scoring_pipeline:89 - Scoring complete. {'scored': 0, 'shortlisted': 0, 'not_selected': 0, 'failed': 0}
2026-05-25 13:12:03.812 | INFO     | scoring.mcq_scorer:process_mcq_responses:73 - Checking MCQ responses for job: Software Engineer
2026-05-25 13:12:04.332 | DEBUG    | intake.google_auth:get_google_credentials:26 - Google credentials loaded and token refreshed. Service account: recruitment-ai-service@recruitment-ai-494910.iam.gserviceaccount.com
2026-05-25 13:12:05.383 | DEBUG    | scoring.mcq_scorer:process_mcq_responses:149 - Already scored: Fatimah Adeel - skipping
2026-05-25 13:12:05.847 | DEBUG    | scoring.mcq_scorer:process_mcq_responses:149 - Already scored: test candidate 2 - skipping
2026-05-25 13:12:06.003 | DEBUG    | scoring.mcq_scorer:process_mcq_responses:149 - Already scored: Fatimah Adeel - skipping
2026-05-25 13:12:06.176 | DEBUG    | scoring.mcq_scorer:process_mcq_responses:149 - Already scored: Sulleman Mir - skipping
2026-05-25 13:12:06.179 | INFO     | scoring.mcq_scorer:process_mcq_responses:73 - Checking MCQ responses for job: Data Analyst
2026-05-25 13:12:06.770 | DEBUG    | intake.google_auth:get_google_credentials:26 - Google credentials loaded and token refreshed. Service account: recruitment-ai-service@recruitment-ai-494910.iam.gserviceaccount.com
2026-05-25 13:12:07.645 | DEBUG    | scoring.mcq_scorer:process_mcq_responses:149 - Already scored: Muhammad Ibrahim Mir - skipping
2026-05-25 13:12:07.800 | DEBUG    | scoring.mcq_scorer:process_mcq_responses:149 - Already scored: Muhammad Ibrahim Mir - skipping
2026-05-25 13:12:07.800 | INFO     | scoring.mcq_scorer:process_mcq_responses:184 - MCQ processing complete: {'processed': 0, 'skipped': 7, 'errors': 0}
2026-05-25 13:12:07.958 | INFO     | notifications:notify_shortlisted_candidates:165 - Notification check: 0 shortlisted candidates.
2026-05-25 13:12:08.888 | INFO     | notifications:notify_shortlisted_candidates:233 - Notifications done: {'sent': 0, 'skipped': 0, 'failed': 0}
2026-05-25 13:12:09.043 | INFO     | notifications:notify_rejected_candidates:344 - Rejection check: 1 rejected candidates.
2026-05-25 13:12:09.200 | INFO     | notifications:notify_rejected_candidates:369 - Rejection notifications done: {'sent': 0, 'skipped': 1, 'failed': 0}
2026-05-25 13:12:09.200 | INFO     | api:background_pipeline:48 - Poller: cycle complete.
INFO:     127.0.0.1:52085 - "GET /api/v1/stats HTTP/1.1" 200 OK
INFO:     127.0.0.1:52085 - "GET /api/v1/jobs HTTP/1.1" 200 OK
INFO:     127.0.0.1:52085 - "GET /api/v1/jobs/69f509c2bc3c3a0a6303fbc8/candidates HTTP/1.1" 200 OK
INFO:     127.0.0.1:52085 - "GET /api/v1/jobs/6a09c1ac706a290bda80c131/candidates HTTP/1.1" 200 OK
INFO:     127.0.0.1:52094 - "GET /api/v1/stats HTTP/1.1" 200 OK
INFO:     127.0.0.1:52094 - "GET /api/v1/jobs HTTP/1.1" 200 OK
INFO:     127.0.0.1:52094 - "GET /api/v1/jobs/69f509c2bc3c3a0a6303fbc8/candidates HTTP/1.1" 200 OK
INFO:     127.0.0.1:52094 - "GET /api/v1/jobs/6a09c1ac706a290bda80c131/candidates HTTP/1.1" 200 OK
INFO:     127.0.0.1:52101 - "GET /api/v1/stats HTTP/1.1" 200 OK
INFO:     127.0.0.1:52101 - "GET /api/v1/jobs HTTP/1.1" 200 OK
INFO:     127.0.0.1:52101 - "GET /api/v1/jobs/69f509c2bc3c3a0a6303fbc8/candidates HTTP/1.1" 200 OK
INFO:     127.0.0.1:52101 - "GET /api/v1/jobs/6a09c1ac706a290bda80c131/candidates HTTP/1.1" 200 OK
INFO:     127.0.0.1:52116 - "GET /api/v1/stats HTTP/1.1" 200 OK
INFO:     127.0.0.1:52116 - "GET /api/v1/jobs HTTP/1.1" 200 OK
INFO:     127.0.0.1:52116 - "GET /api/v1/jobs/69f509c2bc3c3a0a6303fbc8/candidates HTTP/1.1" 200 OK
INFO:     127.0.0.1:52116 - "GET /api/v1/jobs/6a09c1ac706a290bda80c131/candidates HTTP/1.1" 200 OK
INFO:     127.0.0.1:52128 - "GET /api/v1/stats HTTP/1.1" 200 OK
INFO:     127.0.0.1:52128 - "GET /api/v1/jobs HTTP/1.1" 200 OK
INFO:     127.0.0.1:52128 - "GET /api/v1/jobs/69f509c2bc3c3a0a6303fbc8/candidates HTTP/1.1" 200 OK
INFO:     127.0.0.1:52128 - "GET /api/v1/jobs/6a09c1ac706a290bda80c131/candidates HTTP/1.1" 200 OK
2026-05-25 13:17:09.201 | INFO     | api:background_pipeline:41 - Poller: checking for new CVs...
2026-05-25 13:17:09.755 | DEBUG    | intake.google_auth:get_google_credentials:26 - Google credentials loaded and token refreshed. Service account: recruitment-ai-service@recruitment-ai-494910.iam.gserviceaccount.com
2026-05-25 13:17:09.758 | DEBUG    | intake.drive_fetcher:_connect:59 - DriveFetcher: Google API session established.
2026-05-25 13:17:10.912 | DEBUG    | intake.drive_fetcher:_read_sheet_rows:80 - Read 8 rows from Google Sheets.
2026-05-25 13:17:10.912 | INFO     | intake.drive_fetcher:run:44 - DriveFetcher: 8 total form submissions found.
2026-05-25 13:17:11.067 | WARNING  | intake.drive_fetcher:_process_row:101 - No active job found for: ''
2026-05-25 13:17:12.154 | INFO     | intake.drive_fetcher:run:52 - DriveFetcher complete. New: 0, Skipped: 8, Errors: 0
2026-05-25 13:17:12.312 | INFO     | extraction:process_pending_candidates:67 - Text extraction: found 0 candidates with status RECEIVED.
2026-05-25 13:17:12.312 | INFO     | extraction:process_pending_candidates:109 - Text extraction complete. Processed: 0, Failed: 0, Skipped: 0
2026-05-25 13:17:12.467 | INFO     | scoring.pipeline:run_scoring_pipeline:17 - Scoring pipeline: 0 candidates with status PROCESSING.
2026-05-25 13:17:12.467 | INFO     | scoring.pipeline:run_scoring_pipeline:89 - Scoring complete. {'scored': 0, 'shortlisted': 0, 'not_selected': 0, 'failed': 0}
2026-05-25 13:17:12.622 | INFO     | scoring.mcq_scorer:process_mcq_responses:73 - Checking MCQ responses for job: Software Engineer
2026-05-25 13:17:13.170 | DEBUG    | intake.google_auth:get_google_credentials:26 - Google credentials loaded and token refreshed. Service account: recruitment-ai-service@recruitment-ai-494910.iam.gserviceaccount.com
2026-05-25 13:17:14.160 | DEBUG    | scoring.mcq_scorer:process_mcq_responses:149 - Already scored: Fatimah Adeel - skipping
2026-05-25 13:17:14.625 | DEBUG    | scoring.mcq_scorer:process_mcq_responses:149 - Already scored: test candidate 2 - skipping
2026-05-25 13:17:14.781 | DEBUG    | scoring.mcq_scorer:process_mcq_responses:149 - Already scored: Fatimah Adeel - skipping
2026-05-25 13:17:14.936 | DEBUG    | scoring.mcq_scorer:process_mcq_responses:149 - Already scored: Sulleman Mir - skipping
2026-05-25 13:17:14.936 | INFO     | scoring.mcq_scorer:process_mcq_responses:73 - Checking MCQ responses for job: Data Analyst
2026-05-25 13:17:15.514 | DEBUG    | intake.google_auth:get_google_credentials:26 - Google credentials loaded and token refreshed. Service account: recruitment-ai-service@recruitment-ai-494910.iam.gserviceaccount.com
2026-05-25 13:17:16.411 | DEBUG    | scoring.mcq_scorer:process_mcq_responses:149 - Already scored: Muhammad Ibrahim Mir - skipping
2026-05-25 13:17:16.566 | DEBUG    | scoring.mcq_scorer:process_mcq_responses:149 - Already scored: Muhammad Ibrahim Mir - skipping
2026-05-25 13:17:16.566 | INFO     | scoring.mcq_scorer:process_mcq_responses:184 - MCQ processing complete: {'processed': 0, 'skipped': 7, 'errors': 0}
2026-05-25 13:17:16.724 | INFO     | notifications:notify_shortlisted_candidates:165 - Notification check: 0 shortlisted candidates.
2026-05-25 13:17:17.655 | INFO     | notifications:notify_shortlisted_candidates:233 - Notifications done: {'sent': 0, 'skipped': 0, 'failed': 0}
2026-05-25 13:17:17.811 | INFO     | notifications:notify_rejected_candidates:344 - Rejection check: 1 rejected candidates.
2026-05-25 13:17:17.966 | INFO     | notifications:notify_rejected_candidates:369 - Rejection notifications done: {'sent': 0, 'skipped': 1, 'failed': 0}
2026-05-25 13:17:17.967 | INFO     | api:background_pipeline:48 - Poller: cycle complete.
INFO:     127.0.0.1:52148 - "GET /api/v1/stats HTTP/1.1" 200 OK
INFO:     127.0.0.1:52148 - "GET /api/v1/jobs HTTP/1.1" 200 OK
INFO:     127.0.0.1:52148 - "GET /api/v1/jobs/69f509c2bc3c3a0a6303fbc8/candidates HTTP/1.1" 200 OK
INFO:     127.0.0.1:52148 - "GET /api/v1/jobs/6a09c1ac706a290bda80c131/candidates HTTP/1.1" 200 OK
INFO:     127.0.0.1:52156 - "GET /api/v1/stats HTTP/1.1" 200 OK
INFO:     127.0.0.1:52156 - "GET /api/v1/jobs HTTP/1.1" 200 OK
INFO:     127.0.0.1:52156 - "GET /api/v1/jobs/69f509c2bc3c3a0a6303fbc8/candidates HTTP/1.1" 200 OK
INFO:     127.0.0.1:52156 - "GET /api/v1/jobs/6a09c1ac706a290bda80c131/candidates HTTP/1.1" 200 OK
INFO:     127.0.0.1:52167 - "GET /api/v1/stats HTTP/1.1" 200 OK
INFO:     127.0.0.1:52167 - "GET /api/v1/jobs HTTP/1.1" 200 OK
INFO:     127.0.0.1:52167 - "GET /api/v1/jobs/69f509c2bc3c3a0a6303fbc8/candidates HTTP/1.1" 200 OK
INFO:     127.0.0.1:52167 - "GET /api/v1/jobs/6a09c1ac706a290bda80c131/candidates HTTP/1.1" 200 OK
INFO:     127.0.0.1:52176 - "GET /api/v1/stats HTTP/1.1" 200 OK
INFO:     127.0.0.1:52176 - "GET /api/v1/jobs HTTP/1.1" 200 OK
INFO:     127.0.0.1:52176 - "GET /api/v1/jobs/69f509c2bc3c3a0a6303fbc8/candidates HTTP/1.1" 200 OK
INFO:     127.0.0.1:52176 - "GET /api/v1/jobs/6a09c1ac706a290bda80c131/candidates HTTP/1.1" 200 OK
INFO:     127.0.0.1:52183 - "GET /api/v1/stats HTTP/1.1" 200 OK
INFO:     127.0.0.1:52183 - "GET /api/v1/jobs HTTP/1.1" 200 OK
INFO:     127.0.0.1:52183 - "GET /api/v1/jobs/69f509c2bc3c3a0a6303fbc8/candidates HTTP/1.1" 200 OK
INFO:     127.0.0.1:52183 - "GET /api/v1/jobs/6a09c1ac706a290bda80c131/candidates HTTP/1.1" 200 OK
2026-05-25 13:22:17.967 | INFO     | api:background_pipeline:41 - Poller: checking for new CVs...
2026-05-25 13:22:18.577 | DEBUG    | intake.google_auth:get_google_credentials:26 - Google credentials loaded and token refreshed. Service account: recruitment-ai-service@recruitment-ai-494910.iam.gserviceaccount.com
2026-05-25 13:22:18.580 | DEBUG    | intake.drive_fetcher:_connect:59 - DriveFetcher: Google API session established.
2026-05-25 13:22:19.347 | DEBUG    | intake.drive_fetcher:_read_sheet_rows:80 - Read 8 rows from Google Sheets.
2026-05-25 13:22:19.349 | INFO     | intake.drive_fetcher:run:44 - DriveFetcher: 8 total form submissions found.
2026-05-25 13:22:19.505 | WARNING  | intake.drive_fetcher:_process_row:101 - No active job found for: ''
2026-05-25 13:22:20.588 | INFO     | intake.drive_fetcher:run:52 - DriveFetcher complete. New: 0, Skipped: 8, Errors: 0
2026-05-25 13:22:20.748 | INFO     | extraction:process_pending_candidates:67 - Text extraction: found 0 candidates with status RECEIVED.
2026-05-25 13:22:20.748 | INFO     | extraction:process_pending_candidates:109 - Text extraction complete. Processed: 0, Failed: 0, Skipped: 0
2026-05-25 13:22:20.902 | INFO     | scoring.pipeline:run_scoring_pipeline:17 - Scoring pipeline: 0 candidates with status PROCESSING.
2026-05-25 13:22:20.903 | INFO     | scoring.pipeline:run_scoring_pipeline:89 - Scoring complete. {'scored': 0, 'shortlisted': 0, 'not_selected': 0, 'failed': 0}
2026-05-25 13:22:21.058 | INFO     | scoring.mcq_scorer:process_mcq_responses:73 - Checking MCQ responses for job: Software Engineer
2026-05-25 13:22:21.584 | DEBUG    | intake.google_auth:get_google_credentials:26 - Google credentials loaded and token refreshed. Service account: recruitment-ai-service@recruitment-ai-494910.iam.gserviceaccount.com
2026-05-25 13:22:22.552 | DEBUG    | scoring.mcq_scorer:process_mcq_responses:149 - Already scored: Fatimah Adeel - skipping
2026-05-25 13:22:23.017 | DEBUG    | scoring.mcq_scorer:process_mcq_responses:149 - Already scored: test candidate 2 - skipping
2026-05-25 13:22:23.173 | DEBUG    | scoring.mcq_scorer:process_mcq_responses:149 - Already scored: Fatimah Adeel - skipping
2026-05-25 13:22:23.328 | DEBUG    | scoring.mcq_scorer:process_mcq_responses:149 - Already scored: Sulleman Mir - skipping
2026-05-25 13:22:23.329 | INFO     | scoring.mcq_scorer:process_mcq_responses:73 - Checking MCQ responses for job: Data Analyst
2026-05-25 13:22:23.929 | DEBUG    | intake.google_auth:get_google_credentials:26 - Google credentials loaded and token refreshed. Service account: recruitment-ai-service@recruitment-ai-494910.iam.gserviceaccount.com
2026-05-25 13:22:24.831 | DEBUG    | scoring.mcq_scorer:process_mcq_responses:149 - Already scored: Muhammad Ibrahim Mir - skipping
2026-05-25 13:22:24.987 | DEBUG    | scoring.mcq_scorer:process_mcq_responses:149 - Already scored: Muhammad Ibrahim Mir - skipping
2026-05-25 13:22:24.988 | INFO     | scoring.mcq_scorer:process_mcq_responses:184 - MCQ processing complete: {'processed': 0, 'skipped': 7, 'errors': 0}
2026-05-25 13:22:25.146 | INFO     | notifications:notify_shortlisted_candidates:165 - Notification check: 0 shortlisted candidates.
2026-05-25 13:22:26.076 | INFO     | notifications:notify_shortlisted_candidates:233 - Notifications done: {'sent': 0, 'skipped': 0, 'failed': 0}
2026-05-25 13:22:26.231 | INFO     | notifications:notify_rejected_candidates:344 - Rejection check: 1 rejected candidates.
2026-05-25 13:22:26.386 | INFO     | notifications:notify_rejected_candidates:369 - Rejection notifications done: {'sent': 0, 'skipped': 1, 'failed': 0}
2026-05-25 13:22:26.386 | INFO     | api:background_pipeline:48 - Poller: cycle complete.
INFO:     127.0.0.1:52199 - "GET /api/v1/stats HTTP/1.1" 200 OK
INFO:     127.0.0.1:52199 - "GET /api/v1/jobs HTTP/1.1" 200 OK
INFO:     127.0.0.1:52199 - "GET /api/v1/jobs/69f509c2bc3c3a0a6303fbc8/candidates HTTP/1.1" 200 OK
INFO:     127.0.0.1:52199 - "GET /api/v1/jobs/6a09c1ac706a290bda80c131/candidates HTTP/1.1" 200 OK
INFO:     127.0.0.1:52208 - "GET /api/v1/stats HTTP/1.1" 200 OK
INFO:     127.0.0.1:52208 - "GET /api/v1/jobs HTTP/1.1" 200 OK
INFO:     127.0.0.1:52208 - "GET /api/v1/jobs/69f509c2bc3c3a0a6303fbc8/candidates HTTP/1.1" 200 OK
INFO:     127.0.0.1:52208 - "GET /api/v1/jobs/6a09c1ac706a290bda80c131/candidates HTTP/1.1" 200 OK
INFO:     127.0.0.1:52215 - "GET /api/v1/stats HTTP/1.1" 200 OK
INFO:     127.0.0.1:52215 - "GET /api/v1/jobs HTTP/1.1" 200 OK
INFO:     127.0.0.1:52215 - "GET /api/v1/jobs/69f509c2bc3c3a0a6303fbc8/candidates HTTP/1.1" 200 OK
INFO:     127.0.0.1:52215 - "GET /api/v1/jobs/6a09c1ac706a290bda80c131/candidates HTTP/1.1" 200 OK
INFO:     127.0.0.1:52222 - "GET /api/v1/stats HTTP/1.1" 200 OK
INFO:     127.0.0.1:52222 - "GET /api/v1/jobs HTTP/1.1" 200 OK
INFO:     127.0.0.1:52222 - "GET /api/v1/jobs/69f509c2bc3c3a0a6303fbc8/candidates HTTP/1.1" 200 OK
INFO:     127.0.0.1:52222 - "GET /api/v1/jobs/6a09c1ac706a290bda80c131/candidates HTTP/1.1" 200 OK
INFO:     127.0.0.1:52235 - "GET /api/v1/stats HTTP/1.1" 200 OK
INFO:     127.0.0.1:52235 - "GET /api/v1/jobs HTTP/1.1" 200 OK
INFO:     127.0.0.1:52235 - "GET /api/v1/jobs/69f509c2bc3c3a0a6303fbc8/candidates HTTP/1.1" 200 OK
INFO:     127.0.0.1:52235 - "GET /api/v1/jobs/6a09c1ac706a290bda80c131/candidates HTTP/1.1" 200 OK
2026-05-25 13:27:26.387 | INFO     | api:background_pipeline:41 - Poller: checking for new CVs...
2026-05-25 13:27:26.963 | DEBUG    | intake.google_auth:get_google_credentials:26 - Google credentials loaded and token refreshed. Service account: recruitment-ai-service@recruitment-ai-494910.iam.gserviceaccount.com
2026-05-25 13:27:26.967 | DEBUG    | intake.drive_fetcher:_connect:59 - DriveFetcher: Google API session established.
2026-05-25 13:27:27.659 | DEBUG    | intake.drive_fetcher:_read_sheet_rows:80 - Read 8 rows from Google Sheets.
2026-05-25 13:27:27.660 | INFO     | intake.drive_fetcher:run:44 - DriveFetcher: 8 total form submissions found.
2026-05-25 13:27:27.815 | WARNING  | intake.drive_fetcher:_process_row:101 - No active job found for: ''
2026-05-25 13:27:28.920 | INFO     | intake.drive_fetcher:run:52 - DriveFetcher complete. New: 0, Skipped: 8, Errors: 0
2026-05-25 13:27:29.080 | INFO     | extraction:process_pending_candidates:67 - Text extraction: found 0 candidates with status RECEIVED.
2026-05-25 13:27:29.080 | INFO     | extraction:process_pending_candidates:109 - Text extraction complete. Processed: 0, Failed: 0, Skipped: 0
2026-05-25 13:27:29.235 | INFO     | scoring.pipeline:run_scoring_pipeline:17 - Scoring pipeline: 0 candidates with status PROCESSING.
2026-05-25 13:27:29.237 | INFO     | scoring.pipeline:run_scoring_pipeline:89 - Scoring complete. {'scored': 0, 'shortlisted': 0, 'not_selected': 0, 'failed': 0}
2026-05-25 13:27:29.393 | INFO     | scoring.mcq_scorer:process_mcq_responses:73 - Checking MCQ responses for job: Software Engineer
2026-05-25 13:27:29.910 | DEBUG    | intake.google_auth:get_google_credentials:26 - Google credentials loaded and token refreshed. Service account: recruitment-ai-service@recruitment-ai-494910.iam.gserviceaccount.com
2026-05-25 13:27:30.886 | DEBUG    | scoring.mcq_scorer:process_mcq_responses:149 - Already scored: Fatimah Adeel - skipping
2026-05-25 13:27:31.352 | DEBUG    | scoring.mcq_scorer:process_mcq_responses:149 - Already scored: test candidate 2 - skipping
2026-05-25 13:27:31.507 | DEBUG    | scoring.mcq_scorer:process_mcq_responses:149 - Already scored: Fatimah Adeel - skipping
2026-05-25 13:27:31.662 | DEBUG    | scoring.mcq_scorer:process_mcq_responses:149 - Already scored: Sulleman Mir - skipping
2026-05-25 13:27:31.662 | INFO     | scoring.mcq_scorer:process_mcq_responses:73 - Checking MCQ responses for job: Data Analyst
2026-05-25 13:27:32.204 | DEBUG    | intake.google_auth:get_google_credentials:26 - Google credentials loaded and token refreshed. Service account: recruitment-ai-service@recruitment-ai-494910.iam.gserviceaccount.com
2026-05-25 13:27:33.189 | DEBUG    | scoring.mcq_scorer:process_mcq_responses:149 - Already scored: Muhammad Ibrahim Mir - skipping
2026-05-25 13:27:33.345 | DEBUG    | scoring.mcq_scorer:process_mcq_responses:149 - Already scored: Muhammad Ibrahim Mir - skipping
2026-05-25 13:27:33.346 | INFO     | scoring.mcq_scorer:process_mcq_responses:184 - MCQ processing complete: {'processed': 0, 'skipped': 7, 'errors': 0}
2026-05-25 13:27:33.501 | INFO     | notifications:notify_shortlisted_candidates:165 - Notification check: 0 shortlisted candidates.
2026-05-25 13:27:34.446 | INFO     | notifications:notify_shortlisted_candidates:233 - Notifications done: {'sent': 0, 'skipped': 0, 'failed': 0}
2026-05-25 13:27:34.600 | INFO     | notifications:notify_rejected_candidates:344 - Rejection check: 1 rejected candidates.
2026-05-25 13:27:34.755 | INFO     | notifications:notify_rejected_candidates:369 - Rejection notifications done: {'sent': 0, 'skipped': 1, 'failed': 0}
2026-05-25 13:27:34.756 | INFO     | api:background_pipeline:48 - Poller: cycle complete.
INFO:     127.0.0.1:52249 - "GET /api/v1/stats HTTP/1.1" 200 OK
INFO:     127.0.0.1:52249 - "GET /api/v1/jobs HTTP/1.1" 200 OK
INFO:     127.0.0.1:52249 - "GET /api/v1/jobs/69f509c2bc3c3a0a6303fbc8/candidates HTTP/1.1" 200 OK
INFO:     127.0.0.1:52249 - "GET /api/v1/jobs/6a09c1ac706a290bda80c131/candidates HTTP/1.1" 200 OK
INFO:     127.0.0.1:52256 - "GET /api/v1/stats HTTP/1.1" 200 OK
INFO:     127.0.0.1:52256 - "GET /api/v1/jobs HTTP/1.1" 200 OK
INFO:     127.0.0.1:52256 - "GET /api/v1/jobs/69f509c2bc3c3a0a6303fbc8/candidates HTTP/1.1" 200 OK
INFO:     127.0.0.1:52256 - "GET /api/v1/jobs/6a09c1ac706a290bda80c131/candidates HTTP/1.1" 200 OK
INFO:     127.0.0.1:52267 - "GET /api/v1/stats HTTP/1.1" 200 OK
INFO:     127.0.0.1:52267 - "GET /api/v1/jobs HTTP/1.1" 200 OK
INFO:     127.0.0.1:52267 - "GET /api/v1/jobs/69f509c2bc3c3a0a6303fbc8/candidates HTTP/1.1" 200 OK
INFO:     127.0.0.1:52267 - "GET /api/v1/jobs/6a09c1ac706a290bda80c131/candidates HTTP/1.1" 200 OK
INFO:     127.0.0.1:52275 - "GET /api/v1/stats HTTP/1.1" 200 OK
INFO:     127.0.0.1:52275 - "GET /api/v1/jobs HTTP/1.1" 200 OK
INFO:     127.0.0.1:52275 - "GET /api/v1/jobs/69f509c2bc3c3a0a6303fbc8/candidates HTTP/1.1" 200 OK
INFO:     127.0.0.1:52275 - "GET /api/v1/jobs/6a09c1ac706a290bda80c131/candidates HTTP/1.1" 200 OK
2026-05-25 13:32:34.757 | INFO     | api:background_pipeline:41 - Poller: checking for new CVs...
2026-05-25 13:32:35.373 | DEBUG    | intake.google_auth:get_google_credentials:26 - Google credentials loaded and token refreshed. Service account: recruitment-ai-service@recruitment-ai-494910.iam.gserviceaccount.com
2026-05-25 13:32:35.375 | DEBUG    | intake.drive_fetcher:_connect:59 - DriveFetcher: Google API session established.
2026-05-25 13:32:36.596 | DEBUG    | intake.drive_fetcher:_read_sheet_rows:80 - Read 8 rows from Google Sheets.
2026-05-25 13:32:36.596 | INFO     | intake.drive_fetcher:run:44 - DriveFetcher: 8 total form submissions found.
2026-05-25 13:32:36.766 | WARNING  | intake.drive_fetcher:_process_row:101 - No active job found for: ''
2026-05-25 13:32:37.960 | INFO     | intake.drive_fetcher:run:52 - DriveFetcher complete. New: 0, Skipped: 8, Errors: 0
2026-05-25 13:32:38.120 | INFO     | extraction:process_pending_candidates:67 - Text extraction: found 0 candidates with status RECEIVED.
2026-05-25 13:32:38.120 | INFO     | extraction:process_pending_candidates:109 - Text extraction complete. Processed: 0, Failed: 0, Skipped: 0
2026-05-25 13:32:38.274 | INFO     | scoring.pipeline:run_scoring_pipeline:17 - Scoring pipeline: 0 candidates with status PROCESSING.
2026-05-25 13:32:38.274 | INFO     | scoring.pipeline:run_scoring_pipeline:89 - Scoring complete. {'scored': 0, 'shortlisted': 0, 'not_selected': 0, 'failed': 0}
2026-05-25 13:32:38.430 | INFO     | scoring.mcq_scorer:process_mcq_responses:73 - Checking MCQ responses for job: Software Engineer
2026-05-25 13:32:38.967 | DEBUG    | intake.google_auth:get_google_credentials:26 - Google credentials loaded and token refreshed. Service account: recruitment-ai-service@recruitment-ai-494910.iam.gserviceaccount.com
2026-05-25 13:32:39.946 | DEBUG    | scoring.mcq_scorer:process_mcq_responses:149 - Already scored: Fatimah Adeel - skipping
2026-05-25 13:32:40.428 | DEBUG    | scoring.mcq_scorer:process_mcq_responses:149 - Already scored: test candidate 2 - skipping
2026-05-25 13:32:40.595 | DEBUG    | scoring.mcq_scorer:process_mcq_responses:149 - Already scored: Fatimah Adeel - skipping
2026-05-25 13:32:40.761 | DEBUG    | scoring.mcq_scorer:process_mcq_responses:149 - Already scored: Sulleman Mir - skipping
2026-05-25 13:32:40.761 | INFO     | scoring.mcq_scorer:process_mcq_responses:73 - Checking MCQ responses for job: Data Analyst
2026-05-25 13:32:41.336 | DEBUG    | intake.google_auth:get_google_credentials:26 - Google credentials loaded and token refreshed. Service account: recruitment-ai-service@recruitment-ai-494910.iam.gserviceaccount.com
2026-05-25 13:32:42.364 | DEBUG    | scoring.mcq_scorer:process_mcq_responses:149 - Already scored: Muhammad Ibrahim Mir - skipping
2026-05-25 13:32:42.519 | DEBUG    | scoring.mcq_scorer:process_mcq_responses:149 - Already scored: Muhammad Ibrahim Mir - skipping
2026-05-25 13:32:42.519 | INFO     | scoring.mcq_scorer:process_mcq_responses:184 - MCQ processing complete: {'processed': 0, 'skipped': 7, 'errors': 0}
2026-05-25 13:32:42.679 | INFO     | notifications:notify_shortlisted_candidates:165 - Notification check: 0 shortlisted candidates.
2026-05-25 13:32:43.701 | INFO     | notifications:notify_shortlisted_candidates:233 - Notifications done: {'sent': 0, 'skipped': 0, 'failed': 0}
2026-05-25 13:32:43.875 | INFO     | notifications:notify_rejected_candidates:344 - Rejection check: 1 rejected candidates.
2026-05-25 13:32:44.036 | INFO     | notifications:notify_rejected_candidates:369 - Rejection notifications done: {'sent': 0, 'skipped': 1, 'failed': 0}
2026-05-25 13:32:44.037 | INFO     | api:background_pipeline:48 - Poller: cycle complete.
INFO:     127.0.0.1:52322 - "GET /api/v1/stats HTTP/1.1" 200 OK
INFO:     127.0.0.1:52322 - "GET /api/v1/jobs HTTP/1.1" 200 OK
INFO:     127.0.0.1:52322 - "GET /api/v1/jobs/69f509c2bc3c3a0a6303fbc8/candidates HTTP/1.1" 200 OK
INFO:     127.0.0.1:52322 - "GET /api/v1/jobs/6a09c1ac706a290bda80c131/candidates HTTP/1.1" 200 OK
INFO:     127.0.0.1:52338 - "GET /api/v1/stats HTTP/1.1" 200 OK
INFO:     127.0.0.1:52338 - "GET /api/v1/jobs HTTP/1.1" 200 OK
INFO:     127.0.0.1:52338 - "GET /api/v1/jobs/69f509c2bc3c3a0a6303fbc8/candidates HTTP/1.1" 200 OK
INFO:     127.0.0.1:52338 - "GET /api/v1/jobs/6a09c1ac706a290bda80c131/candidates HTTP/1.1" 200 OK
2026-05-25 13:37:44.037 | INFO     | api:background_pipeline:41 - Poller: checking for new CVs...
2026-05-25 13:37:44.601 | DEBUG    | intake.google_auth:get_google_credentials:26 - Google credentials loaded and token refreshed. Service account: recruitment-ai-service@recruitment-ai-494910.iam.gserviceaccount.com
2026-05-25 13:37:44.604 | DEBUG    | intake.drive_fetcher:_connect:59 - DriveFetcher: Google API session established.
2026-05-25 13:37:45.825 | DEBUG    | intake.drive_fetcher:_read_sheet_rows:80 - Read 8 rows from Google Sheets.
2026-05-25 13:37:45.825 | INFO     | intake.drive_fetcher:run:44 - DriveFetcher: 8 total form submissions found.
2026-05-25 13:37:45.980 | WARNING  | intake.drive_fetcher:_process_row:101 - No active job found for: ''
2026-05-25 13:37:47.070 | INFO     | intake.drive_fetcher:run:52 - DriveFetcher complete. New: 0, Skipped: 8, Errors: 0
2026-05-25 13:37:47.234 | INFO     | extraction:process_pending_candidates:67 - Text extraction: found 0 candidates with status RECEIVED.
2026-05-25 13:37:47.234 | INFO     | extraction:process_pending_candidates:109 - Text extraction complete. Processed: 0, Failed: 0, Skipped: 0
2026-05-25 13:37:47.388 | INFO     | scoring.pipeline:run_scoring_pipeline:17 - Scoring pipeline: 0 candidates with status PROCESSING.
2026-05-25 13:37:47.388 | INFO     | scoring.pipeline:run_scoring_pipeline:89 - Scoring complete. {'scored': 0, 'shortlisted': 0, 'not_selected': 0, 'failed': 0}
2026-05-25 13:37:47.543 | INFO     | scoring.mcq_scorer:process_mcq_responses:73 - Checking MCQ responses for job: Software Engineer
2026-05-25 13:37:48.080 | DEBUG    | intake.google_auth:get_google_credentials:26 - Google credentials loaded and token refreshed. Service account: recruitment-ai-service@recruitment-ai-494910.iam.gserviceaccount.com
2026-05-25 13:37:49.004 | DEBUG    | scoring.mcq_scorer:process_mcq_responses:149 - Already scored: Fatimah Adeel - skipping
2026-05-25 13:37:49.483 | DEBUG    | scoring.mcq_scorer:process_mcq_responses:149 - Already scored: test candidate 2 - skipping
2026-05-25 13:37:49.652 | DEBUG    | scoring.mcq_scorer:process_mcq_responses:149 - Already scored: Fatimah Adeel - skipping
2026-05-25 13:37:49.806 | DEBUG    | scoring.mcq_scorer:process_mcq_responses:149 - Already scored: Sulleman Mir - skipping
2026-05-25 13:37:49.807 | INFO     | scoring.mcq_scorer:process_mcq_responses:73 - Checking MCQ responses for job: Data Analyst
2026-05-25 13:37:50.390 | DEBUG    | intake.google_auth:get_google_credentials:26 - Google credentials loaded and token refreshed. Service account: recruitment-ai-service@recruitment-ai-494910.iam.gserviceaccount.com
2026-05-25 13:37:51.426 | DEBUG    | scoring.mcq_scorer:process_mcq_responses:149 - Already scored: Muhammad Ibrahim Mir - skipping
2026-05-25 13:37:51.581 | DEBUG    | scoring.mcq_scorer:process_mcq_responses:149 - Already scored: Muhammad Ibrahim Mir - skipping
2026-05-25 13:37:51.581 | INFO     | scoring.mcq_scorer:process_mcq_responses:184 - MCQ processing complete: {'processed': 0, 'skipped': 7, 'errors': 0}
2026-05-25 13:37:51.739 | INFO     | notifications:notify_shortlisted_candidates:165 - Notification check: 0 shortlisted candidates.
2026-05-25 13:37:52.673 | INFO     | notifications:notify_shortlisted_candidates:233 - Notifications done: {'sent': 0, 'skipped': 0, 'failed': 0}
2026-05-25 13:37:52.828 | INFO     | notifications:notify_rejected_candidates:344 - Rejection check: 1 rejected candidates.
2026-05-25 13:37:52.984 | INFO     | notifications:notify_rejected_candidates:369 - Rejection notifications done: {'sent': 0, 'skipped': 1, 'failed': 0}
2026-05-25 13:37:52.984 | INFO     | api:background_pipeline:48 - Poller: cycle complete.
INFO:     127.0.0.1:52352 - "GET /api/v1/stats HTTP/1.1" 200 OK
INFO:     127.0.0.1:52352 - "GET /api/v1/jobs HTTP/1.1" 200 OK
INFO:     127.0.0.1:52352 - "GET /api/v1/jobs/69f509c2bc3c3a0a6303fbc8/candidates HTTP/1.1" 200 OK
INFO:     127.0.0.1:52352 - "GET /api/v1/jobs/6a09c1ac706a290bda80c131/candidates HTTP/1.1" 200 OK
INFO:     127.0.0.1:52359 - "GET /api/v1/stats HTTP/1.1" 200 OK
INFO:     127.0.0.1:52359 - "GET /api/v1/jobs HTTP/1.1" 200 OK
INFO:     127.0.0.1:52359 - "GET /api/v1/jobs/69f509c2bc3c3a0a6303fbc8/candidates HTTP/1.1" 200 OK
INFO:     127.0.0.1:52359 - "GET /api/v1/jobs/6a09c1ac706a290bda80c131/candidates HTTP/1.1" 200 OK
INFO:     127.0.0.1:52370 - "GET /api/v1/stats HTTP/1.1" 200 OK
INFO:     127.0.0.1:52370 - "GET /api/v1/jobs HTTP/1.1" 200 OK
INFO:     127.0.0.1:52370 - "GET /api/v1/jobs/69f509c2bc3c3a0a6303fbc8/candidates HTTP/1.1" 200 OK
INFO:     127.0.0.1:52370 - "GET /api/v1/jobs/6a09c1ac706a290bda80c131/candidates HTTP/1.1" 200 OK
INFO:     127.0.0.1:52378 - "GET /api/v1/stats HTTP/1.1" 200 OK
INFO:     127.0.0.1:52378 - "GET /api/v1/jobs HTTP/1.1" 200 OK
INFO:     127.0.0.1:52378 - "GET /api/v1/jobs/69f509c2bc3c3a0a6303fbc8/candidates HTTP/1.1" 200 OK
INFO:     127.0.0.1:52378 - "GET /api/v1/jobs/6a09c1ac706a290bda80c131/candidates HTTP/1.1" 200 OK
INFO:     127.0.0.1:52385 - "GET /api/v1/stats HTTP/1.1" 200 OK
INFO:     127.0.0.1:52385 - "GET /api/v1/jobs HTTP/1.1" 200 OK
INFO:     127.0.0.1:52385 - "GET /api/v1/jobs/69f509c2bc3c3a0a6303fbc8/candidates HTTP/1.1" 200 OK
INFO:     127.0.0.1:52385 - "GET /api/v1/jobs/6a09c1ac706a290bda80c131/candidates HTTP/1.1" 200 OK
2026-05-25 13:42:52.985 | INFO     | api:background_pipeline:41 - Poller: checking for new CVs...
2026-05-25 13:42:53.527 | DEBUG    | intake.google_auth:get_google_credentials:26 - Google credentials loaded and token refreshed. Service account: recruitment-ai-service@recruitment-ai-494910.iam.gserviceaccount.com
2026-05-25 13:42:53.529 | DEBUG    | intake.drive_fetcher:_connect:59 - DriveFetcher: Google API session established.
2026-05-25 13:42:54.721 | DEBUG    | intake.drive_fetcher:_read_sheet_rows:80 - Read 8 rows from Google Sheets.
2026-05-25 13:42:54.721 | INFO     | intake.drive_fetcher:run:44 - DriveFetcher: 8 total form submissions found.
2026-05-25 13:42:54.875 | WARNING  | intake.drive_fetcher:_process_row:101 - No active job found for: ''
2026-05-25 13:42:55.955 | INFO     | intake.drive_fetcher:run:52 - DriveFetcher complete. New: 0, Skipped: 8, Errors: 0
2026-05-25 13:42:56.111 | INFO     | extraction:process_pending_candidates:67 - Text extraction: found 0 candidates with status RECEIVED.
2026-05-25 13:42:56.111 | INFO     | extraction:process_pending_candidates:109 - Text extraction complete. Processed: 0, Failed: 0, Skipped: 0
2026-05-25 13:42:56.266 | INFO     | scoring.pipeline:run_scoring_pipeline:17 - Scoring pipeline: 0 candidates with status PROCESSING.
2026-05-25 13:42:56.266 | INFO     | scoring.pipeline:run_scoring_pipeline:89 - Scoring complete. {'scored': 0, 'shortlisted': 0, 'not_selected': 0, 'failed': 0}
2026-05-25 13:42:56.421 | INFO     | scoring.mcq_scorer:process_mcq_responses:73 - Checking MCQ responses for job: Software Engineer
2026-05-25 13:42:56.962 | DEBUG    | intake.google_auth:get_google_credentials:26 - Google credentials loaded and token refreshed. Service account: recruitment-ai-service@recruitment-ai-494910.iam.gserviceaccount.com
2026-05-25 13:42:57.870 | DEBUG    | scoring.mcq_scorer:process_mcq_responses:149 - Already scored: Fatimah Adeel - skipping
2026-05-25 13:42:58.334 | DEBUG    | scoring.mcq_scorer:process_mcq_responses:149 - Already scored: test candidate 2 - skipping
2026-05-25 13:42:58.488 | DEBUG    | scoring.mcq_scorer:process_mcq_responses:149 - Already scored: Fatimah Adeel - skipping
2026-05-25 13:42:58.643 | DEBUG    | scoring.mcq_scorer:process_mcq_responses:149 - Already scored: Sulleman Mir - skipping
2026-05-25 13:42:58.643 | INFO     | scoring.mcq_scorer:process_mcq_responses:73 - Checking MCQ responses for job: Data Analyst
2026-05-25 13:42:59.198 | DEBUG    | intake.google_auth:get_google_credentials:26 - Google credentials loaded and token refreshed. Service account: recruitment-ai-service@recruitment-ai-494910.iam.gserviceaccount.com
2026-05-25 13:43:00.124 | DEBUG    | scoring.mcq_scorer:process_mcq_responses:149 - Already scored: Muhammad Ibrahim Mir - skipping
2026-05-25 13:43:00.279 | DEBUG    | scoring.mcq_scorer:process_mcq_responses:149 - Already scored: Muhammad Ibrahim Mir - skipping
2026-05-25 13:43:00.279 | INFO     | scoring.mcq_scorer:process_mcq_responses:184 - MCQ processing complete: {'processed': 0, 'skipped': 7, 'errors': 0}
2026-05-25 13:43:00.436 | INFO     | notifications:notify_shortlisted_candidates:165 - Notification check: 0 shortlisted candidates.
2026-05-25 13:43:01.360 | INFO     | notifications:notify_shortlisted_candidates:233 - Notifications done: {'sent': 0, 'skipped': 0, 'failed': 0}
2026-05-25 13:43:01.515 | INFO     | notifications:notify_rejected_candidates:344 - Rejection check: 1 rejected candidates.
2026-05-25 13:43:01.670 | INFO     | notifications:notify_rejected_candidates:369 - Rejection notifications done: {'sent': 0, 'skipped': 1, 'failed': 0}
2026-05-25 13:43:01.670 | INFO     | api:background_pipeline:48 - Poller: cycle complete.
INFO:     127.0.0.1:52398 - "GET /api/v1/stats HTTP/1.1" 200 OK
INFO:     127.0.0.1:52398 - "GET /api/v1/jobs HTTP/1.1" 200 OK
INFO:     127.0.0.1:52398 - "GET /api/v1/jobs/69f509c2bc3c3a0a6303fbc8/candidates HTTP/1.1" 200 OK
INFO:     127.0.0.1:52398 - "GET /api/v1/jobs/6a09c1ac706a290bda80c131/candidates HTTP/1.1" 200 OK
INFO:     127.0.0.1:52406 - "GET /api/v1/stats HTTP/1.1" 200 OK
INFO:     127.0.0.1:52406 - "GET /api/v1/jobs HTTP/1.1" 200 OK
INFO:     127.0.0.1:52406 - "GET /api/v1/jobs/69f509c2bc3c3a0a6303fbc8/candidates HTTP/1.1" 200 OK
INFO:     127.0.0.1:52406 - "GET /api/v1/jobs/6a09c1ac706a290bda80c131/candidates HTTP/1.1" 200 OK
INFO:     127.0.0.1:52427 - "GET /api/v1/stats HTTP/1.1" 500 Internal Server Error
ERROR:    Exception in ASGI application
Traceback (most recent call last):
  File "/Users/fatoo/recruitment_ai/venv/lib/python3.11/site-packages/pymongo/synchronous/pool.py", line 403, in command
    return command(
           ^^^^^^^^
  File "/Users/fatoo/recruitment_ai/venv/lib/python3.11/site-packages/pymongo/synchronous/network.py", line 198, in command
    reply = receive_message(conn, request_id)
            ^^^^^^^^^^^^^^^^^^^^^^^^^^^^^^^^^
  File "/Users/fatoo/recruitment_ai/venv/lib/python3.11/site-packages/pymongo/network_layer.py", line 759, in receive_message
    length, _, response_to, op_code = _UNPACK_HEADER(receive_data(conn, 16, deadline))
                                                     ^^^^^^^^^^^^^^^^^^^^^^^^^^^^^^^^
  File "/Users/fatoo/recruitment_ai/venv/lib/python3.11/site-packages/pymongo/network_layer.py", line 379, in receive_data
    raise OSError("connection closed")
OSError: connection closed

The above exception was the direct cause of the following exception:

Traceback (most recent call last):
  File "/Users/fatoo/recruitment_ai/venv/lib/python3.11/site-packages/uvicorn/protocols/http/httptools_impl.py", line 421, in run_asgi
    result = await app(  # type: ignore[func-returns-value]
             ^^^^^^^^^^^^^^^^^^^^^^^^^^^^^^^^^^^^^^^^^^^^^^
  File "/Users/fatoo/recruitment_ai/venv/lib/python3.11/site-packages/uvicorn/middleware/proxy_headers.py", line 56, in __call__
    return await self.app(scope, receive, send)
           ^^^^^^^^^^^^^^^^^^^^^^^^^^^^^^^^^^^^
  File "/Users/fatoo/recruitment_ai/venv/lib/python3.11/site-packages/fastapi/applications.py", line 1159, in __call__
    await super().__call__(scope, receive, send)
  File "/Users/fatoo/recruitment_ai/venv/lib/python3.11/site-packages/starlette/applications.py", line 90, in __call__
    await self.middleware_stack(scope, receive, send)
  File "/Users/fatoo/recruitment_ai/venv/lib/python3.11/site-packages/starlette/middleware/errors.py", line 186, in __call__
    raise exc
  File "/Users/fatoo/recruitment_ai/venv/lib/python3.11/site-packages/starlette/middleware/errors.py", line 164, in __call__
    await self.app(scope, receive, _send)
  File "/Users/fatoo/recruitment_ai/venv/lib/python3.11/site-packages/starlette/middleware/cors.py", line 96, in __call__
    await self.simple_response(scope, receive, send, request_headers=headers)
  File "/Users/fatoo/recruitment_ai/venv/lib/python3.11/site-packages/starlette/middleware/cors.py", line 154, in simple_response
    await self.app(scope, receive, send)
  File "/Users/fatoo/recruitment_ai/venv/lib/python3.11/site-packages/starlette/middleware/exceptions.py", line 63, in __call__
    await wrap_app_handling_exceptions(self.app, conn)(scope, receive, send)
  File "/Users/fatoo/recruitment_ai/venv/lib/python3.11/site-packages/starlette/_exception_handler.py", line 53, in wrapped_app
    raise exc
  File "/Users/fatoo/recruitment_ai/venv/lib/python3.11/site-packages/starlette/_exception_handler.py", line 42, in wrapped_app
    await app(scope, receive, sender)
  File "/Users/fatoo/recruitment_ai/venv/lib/python3.11/site-packages/fastapi/middleware/asyncexitstack.py", line 18, in __call__
    await self.app(scope, receive, send)
  File "/Users/fatoo/recruitment_ai/venv/lib/python3.11/site-packages/starlette/routing.py", line 660, in __call__
    await self.middleware_stack(scope, receive, send)
  File "/Users/fatoo/recruitment_ai/venv/lib/python3.11/site-packages/starlette/routing.py", line 680, in app
    await route.handle(scope, receive, send)
  File "/Users/fatoo/recruitment_ai/venv/lib/python3.11/site-packages/starlette/routing.py", line 276, in handle
    await self.app(scope, receive, send)
  File "/Users/fatoo/recruitment_ai/venv/lib/python3.11/site-packages/fastapi/routing.py", line 134, in app
    await wrap_app_handling_exceptions(app, request)(scope, receive, send)
  File "/Users/fatoo/recruitment_ai/venv/lib/python3.11/site-packages/starlette/_exception_handler.py", line 53, in wrapped_app
    raise exc
  File "/Users/fatoo/recruitment_ai/venv/lib/python3.11/site-packages/starlette/_exception_handler.py", line 42, in wrapped_app
    await app(scope, receive, sender)
  File "/Users/fatoo/recruitment_ai/venv/lib/python3.11/site-packages/fastapi/routing.py", line 120, in app
    response = await f(request)
               ^^^^^^^^^^^^^^^^
  File "/Users/fatoo/recruitment_ai/venv/lib/python3.11/site-packages/fastapi/routing.py", line 674, in app
    raw_response = await run_endpoint_function(
                   ^^^^^^^^^^^^^^^^^^^^^^^^^^^^
  File "/Users/fatoo/recruitment_ai/venv/lib/python3.11/site-packages/fastapi/routing.py", line 328, in run_endpoint_function
    return await dependant.call(**values)
           ^^^^^^^^^^^^^^^^^^^^^^^^^^^^^^
  File "/Users/fatoo/recruitment_ai/api/__init__.py", line 194, in get_stats
    return db_manager.get_stats()
           ^^^^^^^^^^^^^^^^^^^^^^
  File "/Users/fatoo/recruitment_ai/database/mongodb.py", line 150, in get_stats
    "jobs":          {"total": self.jobs.count_documents({}), "active": self.jobs.count_documents({"status": "active"})},
                               ^^^^^^^^^^^^^^^^^^^^^^^^^^^^^
  File "/Users/fatoo/recruitment_ai/venv/lib/python3.11/site-packages/pymongo/synchronous/collection.py", line 2162, in count_documents
    return self._retryable_non_cursor_read(_cmd, session, _Op.COUNT)
           ^^^^^^^^^^^^^^^^^^^^^^^^^^^^^^^^^^^^^^^^^^^^^^^^^^^^^^^^^
  File "/Users/fatoo/recruitment_ai/venv/lib/python3.11/site-packages/pymongo/synchronous/collection.py", line 2176, in _retryable_non_cursor_read
    return client._retryable_read(func, self._read_preference_for(s), s, operation)
           ^^^^^^^^^^^^^^^^^^^^^^^^^^^^^^^^^^^^^^^^^^^^^^^^^^^^^^^^^^^^^^^^^^^^^^^^
  File "/Users/fatoo/recruitment_ai/venv/lib/python3.11/site-packages/pymongo/synchronous/mongo_client.py", line 2076, in _retryable_read
    return self._retry_internal(
           ^^^^^^^^^^^^^^^^^^^^^
  File "/Users/fatoo/recruitment_ai/venv/lib/python3.11/site-packages/pymongo/_csot.py", line 125, in csot_wrapper
    return func(self, *args, **kwargs)
           ^^^^^^^^^^^^^^^^^^^^^^^^^^^
  File "/Users/fatoo/recruitment_ai/venv/lib/python3.11/site-packages/pymongo/synchronous/mongo_client.py", line 2038, in _retry_internal
    ).run()
      ^^^^^
  File "/Users/fatoo/recruitment_ai/venv/lib/python3.11/site-packages/pymongo/synchronous/mongo_client.py", line 2822, in run
    self._check_last_error()
  File "/Users/fatoo/recruitment_ai/venv/lib/python3.11/site-packages/pymongo/synchronous/mongo_client.py", line 2968, in _check_last_error
    raise self._last_error
  File "/Users/fatoo/recruitment_ai/venv/lib/python3.11/site-packages/pymongo/synchronous/mongo_client.py", line 2811, in run
    res = self._read() if self._is_read else self._write()
          ^^^^^^^^^^^^
  File "/Users/fatoo/recruitment_ai/venv/lib/python3.11/site-packages/pymongo/synchronous/mongo_client.py", line 3043, in _read
    return self._func(self._session, self._server, conn, read_pref)  # type: ignore
           ^^^^^^^^^^^^^^^^^^^^^^^^^^^^^^^^^^^^^^^^^^^^^^^^^^^^^^^^
  File "/Users/fatoo/recruitment_ai/venv/lib/python3.11/site-packages/pymongo/synchronous/collection.py", line 2157, in _cmd
    result = self._aggregate_one_result(conn, read_preference, cmd, collation, session)
             ^^^^^^^^^^^^^^^^^^^^^^^^^^^^^^^^^^^^^^^^^^^^^^^^^^^^^^^^^^^^^^^^^^^^^^^^^^
  File "/Users/fatoo/recruitment_ai/venv/lib/python3.11/site-packages/pymongo/synchronous/collection.py", line 2015, in _aggregate_one_result
    result = self._command(
             ^^^^^^^^^^^^^^
  File "/Users/fatoo/recruitment_ai/venv/lib/python3.11/site-packages/pymongo/synchronous/collection.py", line 615, in _command
    return conn.command(
           ^^^^^^^^^^^^^
  File "/Users/fatoo/recruitment_ai/venv/lib/python3.11/site-packages/pymongo/synchronous/helpers.py", line 53, in inner
    return func(*args, **kwargs)
           ^^^^^^^^^^^^^^^^^^^^^
  File "/Users/fatoo/recruitment_ai/venv/lib/python3.11/site-packages/pymongo/synchronous/pool.py", line 431, in command
    self._raise_connection_failure(error)
  File "/Users/fatoo/recruitment_ai/venv/lib/python3.11/site-packages/pymongo/synchronous/pool.py", line 633, in _raise_connection_failure
    _raise_connection_failure(self.address, error, timeout_details=details)
  File "/Users/fatoo/recruitment_ai/venv/lib/python3.11/site-packages/pymongo/pool_shared.py", line 148, in _raise_connection_failure
    raise AutoReconnect(msg) from error
pymongo.errors.AutoReconnect: ac-koa0oqn-shard-00-01.5fn4umo.mongodb.net:27017: connection closed (configured timeouts: connectTimeoutMS: 20000.0ms)
INFO:     127.0.0.1:52441 - "GET /api/v1/jobs HTTP/1.1" 200 OK
INFO:     127.0.0.1:52451 - "GET /api/v1/jobs/69f509c2bc3c3a0a6303fbc8/candidates HTTP/1.1" 200 OK
INFO:     127.0.0.1:52451 - "GET /api/v1/jobs/6a09c1ac706a290bda80c131/candidates HTTP/1.1" 200 OK
INFO:     127.0.0.1:52494 - "GET /api/v1/stats HTTP/1.1" 200 OK
INFO:     127.0.0.1:52494 - "GET /api/v1/jobs HTTP/1.1" 200 OK
INFO:     127.0.0.1:52494 - "GET /api/v1/jobs/69f509c2bc3c3a0a6303fbc8/candidates HTTP/1.1" 200 OK
INFO:     127.0.0.1:52494 - "GET /api/v1/jobs/6a09c1ac706a290bda80c131/candidates HTTP/1.1" 200 OK
2026-05-25 14:48:02.929 | INFO     | api:background_pipeline:41 - Poller: checking for new CVs...
2026-05-25 14:48:03.613 | DEBUG    | intake.google_auth:get_google_credentials:26 - Google credentials loaded and token refreshed. Service account: recruitment-ai-service@recruitment-ai-494910.iam.gserviceaccount.com
2026-05-25 14:48:03.619 | DEBUG    | intake.drive_fetcher:_connect:59 - DriveFetcher: Google API session established.
2026-05-25 14:48:04.535 | DEBUG    | intake.drive_fetcher:_read_sheet_rows:80 - Read 8 rows from Google Sheets.
2026-05-25 14:48:04.535 | INFO     | intake.drive_fetcher:run:44 - DriveFetcher: 8 total form submissions found.
2026-05-25 14:48:04.693 | WARNING  | intake.drive_fetcher:_process_row:101 - No active job found for: ''
2026-05-25 14:48:05.793 | INFO     | intake.drive_fetcher:run:52 - DriveFetcher complete. New: 0, Skipped: 8, Errors: 0
2026-05-25 14:48:05.950 | INFO     | extraction:process_pending_candidates:67 - Text extraction: found 0 candidates with status RECEIVED.
2026-05-25 14:48:05.951 | INFO     | extraction:process_pending_candidates:109 - Text extraction complete. Processed: 0, Failed: 0, Skipped: 0
2026-05-25 14:48:06.105 | INFO     | scoring.pipeline:run_scoring_pipeline:17 - Scoring pipeline: 0 candidates with status PROCESSING.
2026-05-25 14:48:06.105 | INFO     | scoring.pipeline:run_scoring_pipeline:89 - Scoring complete. {'scored': 0, 'shortlisted': 0, 'not_selected': 0, 'failed': 0}
2026-05-25 14:48:06.260 | INFO     | scoring.mcq_scorer:process_mcq_responses:73 - Checking MCQ responses for job: Software Engineer
2026-05-25 14:48:06.789 | DEBUG    | intake.google_auth:get_google_credentials:26 - Google credentials loaded and token refreshed. Service account: recruitment-ai-service@recruitment-ai-494910.iam.gserviceaccount.com
2026-05-25 14:48:07.792 | DEBUG    | scoring.mcq_scorer:process_mcq_responses:149 - Already scored: Fatimah Adeel - skipping
2026-05-25 14:48:08.272 | DEBUG    | scoring.mcq_scorer:process_mcq_responses:149 - Already scored: test candidate 2 - skipping
2026-05-25 14:48:08.429 | DEBUG    | scoring.mcq_scorer:process_mcq_responses:149 - Already scored: Fatimah Adeel - skipping
2026-05-25 14:48:08.588 | DEBUG    | scoring.mcq_scorer:process_mcq_responses:149 - Already scored: Sulleman Mir - skipping
2026-05-25 14:48:08.588 | INFO     | scoring.mcq_scorer:process_mcq_responses:73 - Checking MCQ responses for job: Data Analyst
2026-05-25 14:48:09.185 | DEBUG    | intake.google_auth:get_google_credentials:26 - Google credentials loaded and token refreshed. Service account: recruitment-ai-service@recruitment-ai-494910.iam.gserviceaccount.com
2026-05-25 14:48:10.302 | DEBUG    | scoring.mcq_scorer:process_mcq_responses:149 - Already scored: Muhammad Ibrahim Mir - skipping
2026-05-25 14:48:10.457 | DEBUG    | scoring.mcq_scorer:process_mcq_responses:149 - Already scored: Muhammad Ibrahim Mir - skipping
2026-05-25 14:48:10.457 | INFO     | scoring.mcq_scorer:process_mcq_responses:184 - MCQ processing complete: {'processed': 0, 'skipped': 7, 'errors': 0}
2026-05-25 14:48:10.618 | INFO     | notifications:notify_shortlisted_candidates:165 - Notification check: 0 shortlisted candidates.
2026-05-25 14:48:11.591 | INFO     | notifications:notify_shortlisted_candidates:233 - Notifications done: {'sent': 0, 'skipped': 0, 'failed': 0}
2026-05-25 14:48:11.749 | INFO     | notifications:notify_rejected_candidates:344 - Rejection check: 1 rejected candidates.
2026-05-25 14:48:11.904 | INFO     | notifications:notify_rejected_candidates:369 - Rejection notifications done: {'sent': 0, 'skipped': 1, 'failed': 0}
2026-05-25 14:48:11.905 | INFO     | api:background_pipeline:48 - Poller: cycle complete.
INFO:     127.0.0.1:52516 - "GET /api/v1/stats HTTP/1.1" 200 OK
INFO:     127.0.0.1:52516 - "GET /api/v1/jobs HTTP/1.1" 200 OK
INFO:     127.0.0.1:52516 - "GET /api/v1/jobs/69f509c2bc3c3a0a6303fbc8/candidates HTTP/1.1" 200 OK
INFO:     127.0.0.1:52516 - "GET /api/v1/jobs/6a09c1ac706a290bda80c131/candidates HTTP/1.1" 200 OK
INFO:     127.0.0.1:52527 - "GET /api/v1/stats HTTP/1.1" 200 OK
INFO:     127.0.0.1:52527 - "GET /api/v1/jobs HTTP/1.1" 200 OK
INFO:     127.0.0.1:52527 - "GET /api/v1/jobs/69f509c2bc3c3a0a6303fbc8/candidates HTTP/1.1" 200 OK
INFO:     127.0.0.1:52527 - "GET /api/v1/jobs/6a09c1ac706a290bda80c131/candidates HTTP/1.1" 200 OK
INFO:     127.0.0.1:52540 - "GET /api/v1/stats HTTP/1.1" 200 OK
INFO:     127.0.0.1:52540 - "GET /api/v1/jobs HTTP/1.1" 200 OK
INFO:     127.0.0.1:52540 - "GET /api/v1/jobs/69f509c2bc3c3a0a6303fbc8/candidates HTTP/1.1" 200 OK
INFO:     127.0.0.1:52540 - "GET /api/v1/jobs/6a09c1ac706a290bda80c131/candidates HTTP/1.1" 200 OK
INFO:     127.0.0.1:52548 - "GET /api/v1/stats HTTP/1.1" 200 OK
INFO:     127.0.0.1:52548 - "GET /api/v1/jobs HTTP/1.1" 200 OK
INFO:     127.0.0.1:52548 - "GET /api/v1/jobs/69f509c2bc3c3a0a6303fbc8/candidates HTTP/1.1" 200 OK
INFO:     127.0.0.1:52548 - "GET /api/v1/jobs/6a09c1ac706a290bda80c131/candidates HTTP/1.1" 200 OK
2026-05-25 14:53:11.910 | INFO     | api:background_pipeline:41 - Poller: checking for new CVs...
2026-05-25 14:53:13.264 | DEBUG    | intake.google_auth:get_google_credentials:26 - Google credentials loaded and token refreshed. Service account: recruitment-ai-service@recruitment-ai-494910.iam.gserviceaccount.com
2026-05-25 14:53:13.267 | DEBUG    | intake.drive_fetcher:_connect:59 - DriveFetcher: Google API session established.
2026-05-25 14:53:14.479 | DEBUG    | intake.drive_fetcher:_read_sheet_rows:80 - Read 8 rows from Google Sheets.
2026-05-25 14:53:14.479 | INFO     | intake.drive_fetcher:run:44 - DriveFetcher: 8 total form submissions found.
INFO:     127.0.0.1:52560 - "GET /api/v1/stats HTTP/1.1" 200 OK
INFO:     127.0.0.1:52560 - "GET /api/v1/jobs HTTP/1.1" 200 OK
INFO:     127.0.0.1:52560 - "GET /api/v1/jobs/69f509c2bc3c3a0a6303fbc8/candidates HTTP/1.1" 200 OK
2026-05-25 14:53:15.704 | WARNING  | intake.drive_fetcher:_process_row:101 - No active job found for: ''
INFO:     127.0.0.1:52560 - "GET /api/v1/jobs/6a09c1ac706a290bda80c131/candidates HTTP/1.1" 200 OK
2026-05-25 14:53:16.807 | INFO     | intake.drive_fetcher:run:52 - DriveFetcher complete. New: 0, Skipped: 8, Errors: 0
2026-05-25 14:53:16.992 | INFO     | extraction:process_pending_candidates:67 - Text extraction: found 0 candidates with status RECEIVED.
2026-05-25 14:53:16.992 | INFO     | extraction:process_pending_candidates:109 - Text extraction complete. Processed: 0, Failed: 0, Skipped: 0
2026-05-25 14:53:17.151 | INFO     | scoring.pipeline:run_scoring_pipeline:17 - Scoring pipeline: 0 candidates with status PROCESSING.
2026-05-25 14:53:17.152 | INFO     | scoring.pipeline:run_scoring_pipeline:89 - Scoring complete. {'scored': 0, 'shortlisted': 0, 'not_selected': 0, 'failed': 0}
2026-05-25 14:53:17.314 | INFO     | scoring.mcq_scorer:process_mcq_responses:73 - Checking MCQ responses for job: Software Engineer
2026-05-25 14:53:17.961 | DEBUG    | intake.google_auth:get_google_credentials:26 - Google credentials loaded and token refreshed. Service account: recruitment-ai-service@recruitment-ai-494910.iam.gserviceaccount.com
2026-05-25 14:53:18.851 | DEBUG    | scoring.mcq_scorer:process_mcq_responses:149 - Already scored: Fatimah Adeel - skipping
2026-05-25 14:53:19.326 | DEBUG    | scoring.mcq_scorer:process_mcq_responses:149 - Already scored: test candidate 2 - skipping
2026-05-25 14:53:19.482 | DEBUG    | scoring.mcq_scorer:process_mcq_responses:149 - Already scored: Fatimah Adeel - skipping
2026-05-25 14:53:19.642 | DEBUG    | scoring.mcq_scorer:process_mcq_responses:149 - Already scored: Sulleman Mir - skipping
2026-05-25 14:53:19.642 | INFO     | scoring.mcq_scorer:process_mcq_responses:73 - Checking MCQ responses for job: Data Analyst
2026-05-25 14:53:20.285 | DEBUG    | intake.google_auth:get_google_credentials:26 - Google credentials loaded and token refreshed. Service account: recruitment-ai-service@recruitment-ai-494910.iam.gserviceaccount.com
2026-05-25 14:53:21.301 | DEBUG    | scoring.mcq_scorer:process_mcq_responses:149 - Already scored: Muhammad Ibrahim Mir - skipping
2026-05-25 14:53:21.460 | DEBUG    | scoring.mcq_scorer:process_mcq_responses:149 - Already scored: Muhammad Ibrahim Mir - skipping
2026-05-25 14:53:21.460 | INFO     | scoring.mcq_scorer:process_mcq_responses:184 - MCQ processing complete: {'processed': 0, 'skipped': 7, 'errors': 0}
2026-05-25 14:53:21.617 | INFO     | notifications:notify_shortlisted_candidates:165 - Notification check: 0 shortlisted candidates.
2026-05-25 14:53:22.564 | INFO     | notifications:notify_shortlisted_candidates:233 - Notifications done: {'sent': 0, 'skipped': 0, 'failed': 0}
2026-05-25 14:53:22.722 | INFO     | notifications:notify_rejected_candidates:344 - Rejection check: 1 rejected candidates.
2026-05-25 14:53:22.879 | INFO     | notifications:notify_rejected_candidates:369 - Rejection notifications done: {'sent': 0, 'skipped': 1, 'failed': 0}
2026-05-25 14:53:22.879 | INFO     | api:background_pipeline:48 - Poller: cycle complete.
INFO:     127.0.0.1:52576 - "GET /api/v1/stats HTTP/1.1" 200 OK
INFO:     127.0.0.1:52576 - "GET /api/v1/jobs HTTP/1.1" 200 OK
INFO:     127.0.0.1:52576 - "GET /api/v1/jobs/69f509c2bc3c3a0a6303fbc8/candidates HTTP/1.1" 200 OK
INFO:     127.0.0.1:52576 - "GET /api/v1/jobs/6a09c1ac706a290bda80c131/candidates HTTP/1.1" 200 OK
INFO:     127.0.0.1:52582 - "GET /api/v1/stats HTTP/1.1" 200 OK
INFO:     127.0.0.1:52582 - "GET /api/v1/jobs HTTP/1.1" 200 OK
INFO:     127.0.0.1:52582 - "GET /api/v1/jobs/69f509c2bc3c3a0a6303fbc8/candidates HTTP/1.1" 200 OK
INFO:     127.0.0.1:52582 - "GET /api/v1/jobs/6a09c1ac706a290bda80c131/candidates HTTP/1.1" 200 OK
INFO:     127.0.0.1:52592 - "GET /api/v1/stats HTTP/1.1" 200 OK
INFO:     127.0.0.1:52592 - "GET /api/v1/jobs HTTP/1.1" 200 OK
INFO:     127.0.0.1:52592 - "GET /api/v1/jobs/69f509c2bc3c3a0a6303fbc8/candidates HTTP/1.1" 200 OK
INFO:     127.0.0.1:52592 - "GET /api/v1/jobs/6a09c1ac706a290bda80c131/candidates HTTP/1.1" 200 OK
INFO:     127.0.0.1:52600 - "GET /api/v1/stats HTTP/1.1" 200 OK
INFO:     127.0.0.1:52600 - "GET /api/v1/jobs HTTP/1.1" 200 OK
INFO:     127.0.0.1:52600 - "GET /api/v1/jobs/69f509c2bc3c3a0a6303fbc8/candidates HTTP/1.1" 200 OK
INFO:     127.0.0.1:52600 - "GET /api/v1/jobs/6a09c1ac706a290bda80c131/candidates HTTP/1.1" 200 OK
2026-05-25 14:58:22.892 | INFO     | api:background_pipeline:41 - Poller: checking for new CVs...
2026-05-25 14:58:23.815 | DEBUG    | intake.google_auth:get_google_credentials:26 - Google credentials loaded and token refreshed. Service account: recruitment-ai-service@recruitment-ai-494910.iam.gserviceaccount.com
2026-05-25 14:58:23.820 | DEBUG    | intake.drive_fetcher:_connect:59 - DriveFetcher: Google API session established.
2026-05-25 14:58:25.248 | DEBUG    | intake.drive_fetcher:_read_sheet_rows:80 - Read 8 rows from Google Sheets.
2026-05-25 14:58:25.249 | INFO     | intake.drive_fetcher:run:44 - DriveFetcher: 8 total form submissions found.
2026-05-25 14:58:25.408 | WARNING  | intake.drive_fetcher:_process_row:101 - No active job found for: ''
2026-05-25 14:58:26.500 | INFO     | intake.drive_fetcher:run:52 - DriveFetcher complete. New: 0, Skipped: 8, Errors: 0
2026-05-25 14:58:26.668 | INFO     | extraction:process_pending_candidates:67 - Text extraction: found 0 candidates with status RECEIVED.
2026-05-25 14:58:26.668 | INFO     | extraction:process_pending_candidates:109 - Text extraction complete. Processed: 0, Failed: 0, Skipped: 0
2026-05-25 14:58:26.827 | INFO     | scoring.pipeline:run_scoring_pipeline:17 - Scoring pipeline: 0 candidates with status PROCESSING.
2026-05-25 14:58:26.831 | INFO     | scoring.pipeline:run_scoring_pipeline:89 - Scoring complete. {'scored': 0, 'shortlisted': 0, 'not_selected': 0, 'failed': 0}
2026-05-25 14:58:26.987 | INFO     | scoring.mcq_scorer:process_mcq_responses:73 - Checking MCQ responses for job: Software Engineer
2026-05-25 14:58:27.549 | DEBUG    | intake.google_auth:get_google_credentials:26 - Google credentials loaded and token refreshed. Service account: recruitment-ai-service@recruitment-ai-494910.iam.gserviceaccount.com
2026-05-25 14:58:28.693 | DEBUG    | scoring.mcq_scorer:process_mcq_responses:149 - Already scored: Fatimah Adeel - skipping
2026-05-25 14:58:29.256 | DEBUG    | scoring.mcq_scorer:process_mcq_responses:149 - Already scored: test candidate 2 - skipping
2026-05-25 14:58:29.413 | DEBUG    | scoring.mcq_scorer:process_mcq_responses:149 - Already scored: Fatimah Adeel - skipping
2026-05-25 14:58:29.569 | DEBUG    | scoring.mcq_scorer:process_mcq_responses:149 - Already scored: Sulleman Mir - skipping
2026-05-25 14:58:29.570 | INFO     | scoring.mcq_scorer:process_mcq_responses:73 - Checking MCQ responses for job: Data Analyst
2026-05-25 14:58:30.188 | DEBUG    | intake.google_auth:get_google_credentials:26 - Google credentials loaded and token refreshed. Service account: recruitment-ai-service@recruitment-ai-494910.iam.gserviceaccount.com
2026-05-25 14:58:31.297 | DEBUG    | scoring.mcq_scorer:process_mcq_responses:149 - Already scored: Muhammad Ibrahim Mir - skipping
2026-05-25 14:58:31.453 | DEBUG    | scoring.mcq_scorer:process_mcq_responses:149 - Already scored: Muhammad Ibrahim Mir - skipping
2026-05-25 14:58:31.453 | INFO     | scoring.mcq_scorer:process_mcq_responses:184 - MCQ processing complete: {'processed': 0, 'skipped': 7, 'errors': 0}
2026-05-25 14:58:31.611 | INFO     | notifications:notify_shortlisted_candidates:165 - Notification check: 0 shortlisted candidates.
2026-05-25 14:58:32.554 | INFO     | notifications:notify_shortlisted_candidates:233 - Notifications done: {'sent': 0, 'skipped': 0, 'failed': 0}
2026-05-25 14:58:32.710 | INFO     | notifications:notify_rejected_candidates:344 - Rejection check: 1 rejected candidates.
2026-05-25 14:58:32.876 | INFO     | notifications:notify_rejected_candidates:369 - Rejection notifications done: {'sent': 0, 'skipped': 1, 'failed': 0}
2026-05-25 14:58:32.876 | INFO     | api:background_pipeline:48 - Poller: cycle complete.
INFO:     127.0.0.1:52613 - "GET /api/v1/stats HTTP/1.1" 200 OK
INFO:     127.0.0.1:52613 - "GET /api/v1/jobs HTTP/1.1" 200 OK
INFO:     127.0.0.1:52613 - "GET /api/v1/jobs/69f509c2bc3c3a0a6303fbc8/candidates HTTP/1.1" 200 OK
INFO:     127.0.0.1:52613 - "GET /api/v1/jobs/6a09c1ac706a290bda80c131/candidates HTTP/1.1" 200 OK
INFO:     127.0.0.1:52623 - "GET /api/v1/stats HTTP/1.1" 200 OK
INFO:     127.0.0.1:52623 - "GET /api/v1/jobs HTTP/1.1" 200 OK
INFO:     127.0.0.1:52623 - "GET /api/v1/jobs/69f509c2bc3c3a0a6303fbc8/candidates HTTP/1.1" 200 OK
INFO:     127.0.0.1:52623 - "GET /api/v1/jobs/6a09c1ac706a290bda80c131/candidates HTTP/1.1" 200 OK
INFO:     127.0.0.1:52636 - "GET /api/v1/stats HTTP/1.1" 200 OK
INFO:     127.0.0.1:52636 - "GET /api/v1/jobs HTTP/1.1" 200 OK
INFO:     127.0.0.1:52636 - "GET /api/v1/jobs/69f509c2bc3c3a0a6303fbc8/candidates HTTP/1.1" 200 OK
INFO:     127.0.0.1:52636 - "GET /api/v1/jobs/6a09c1ac706a290bda80c131/candidates HTTP/1.1" 200 OK
INFO:     127.0.0.1:52648 - "GET /api/v1/stats HTTP/1.1" 200 OK
INFO:     127.0.0.1:52648 - "GET /api/v1/jobs HTTP/1.1" 200 OK
INFO:     127.0.0.1:52648 - "GET /api/v1/jobs/69f509c2bc3c3a0a6303fbc8/candidates HTTP/1.1" 200 OK
INFO:     127.0.0.1:52648 - "GET /api/v1/jobs/6a09c1ac706a290bda80c131/candidates HTTP/1.1" 200 OK
INFO:     127.0.0.1:52665 - "GET /api/v1/stats HTTP/1.1" 200 OK
INFO:     127.0.0.1:52665 - "GET /api/v1/jobs HTTP/1.1" 200 OK
INFO:     127.0.0.1:52665 - "GET /api/v1/jobs/69f509c2bc3c3a0a6303fbc8/candidates HTTP/1.1" 200 OK
INFO:     127.0.0.1:52665 - "GET /api/v1/jobs/6a09c1ac706a290bda80c131/candidates HTTP/1.1" 200 OK
2026-05-25 15:03:32.878 | INFO     | api:background_pipeline:41 - Poller: checking for new CVs...
2026-05-25 15:03:33.469 | DEBUG    | intake.google_auth:get_google_credentials:26 - Google credentials loaded and token refreshed. Service account: recruitment-ai-service@recruitment-ai-494910.iam.gserviceaccount.com
2026-05-25 15:03:33.470 | DEBUG    | intake.drive_fetcher:_connect:59 - DriveFetcher: Google API session established.
2026-05-25 15:03:34.697 | DEBUG    | intake.drive_fetcher:_read_sheet_rows:80 - Read 8 rows from Google Sheets.
2026-05-25 15:03:34.697 | INFO     | intake.drive_fetcher:run:44 - DriveFetcher: 8 total form submissions found.
2026-05-25 15:03:34.854 | WARNING  | intake.drive_fetcher:_process_row:101 - No active job found for: ''
2026-05-25 15:03:36.452 | INFO     | intake.drive_fetcher:run:52 - DriveFetcher complete. New: 0, Skipped: 8, Errors: 0
2026-05-25 15:03:36.804 | INFO     | extraction:process_pending_candidates:67 - Text extraction: found 0 candidates with status RECEIVED.
2026-05-25 15:03:36.804 | INFO     | extraction:process_pending_candidates:109 - Text extraction complete. Processed: 0, Failed: 0, Skipped: 0
2026-05-25 15:03:37.018 | INFO     | scoring.pipeline:run_scoring_pipeline:17 - Scoring pipeline: 0 candidates with status PROCESSING.
2026-05-25 15:03:37.018 | INFO     | scoring.pipeline:run_scoring_pipeline:89 - Scoring complete. {'scored': 0, 'shortlisted': 0, 'not_selected': 0, 'failed': 0}
2026-05-25 15:03:37.517 | INFO     | scoring.mcq_scorer:process_mcq_responses:73 - Checking MCQ responses for job: Software Engineer
2026-05-25 15:03:38.395 | DEBUG    | intake.google_auth:get_google_credentials:26 - Google credentials loaded and token refreshed. Service account: recruitment-ai-service@recruitment-ai-494910.iam.gserviceaccount.com
2026-05-25 15:03:39.407 | DEBUG    | scoring.mcq_scorer:process_mcq_responses:149 - Already scored: Fatimah Adeel - skipping
2026-05-25 15:03:39.973 | DEBUG    | scoring.mcq_scorer:process_mcq_responses:149 - Already scored: test candidate 2 - skipping
2026-05-25 15:03:40.130 | DEBUG    | scoring.mcq_scorer:process_mcq_responses:149 - Already scored: Fatimah Adeel - skipping
2026-05-25 15:03:40.288 | DEBUG    | scoring.mcq_scorer:process_mcq_responses:149 - Already scored: Sulleman Mir - skipping
2026-05-25 15:03:40.288 | INFO     | scoring.mcq_scorer:process_mcq_responses:73 - Checking MCQ responses for job: Data Analyst
2026-05-25 15:03:40.866 | DEBUG    | intake.google_auth:get_google_credentials:26 - Google credentials loaded and token refreshed. Service account: recruitment-ai-service@recruitment-ai-494910.iam.gserviceaccount.com
2026-05-25 15:03:41.795 | DEBUG    | scoring.mcq_scorer:process_mcq_responses:149 - Already scored: Muhammad Ibrahim Mir - skipping
2026-05-25 15:03:41.951 | DEBUG    | scoring.mcq_scorer:process_mcq_responses:149 - Already scored: Muhammad Ibrahim Mir - skipping
2026-05-25 15:03:41.951 | INFO     | scoring.mcq_scorer:process_mcq_responses:184 - MCQ processing complete: {'processed': 0, 'skipped': 7, 'errors': 0}
2026-05-25 15:03:42.110 | INFO     | notifications:notify_shortlisted_candidates:165 - Notification check: 0 shortlisted candidates.
2026-05-25 15:03:43.050 | INFO     | notifications:notify_shortlisted_candidates:233 - Notifications done: {'sent': 0, 'skipped': 0, 'failed': 0}
2026-05-25 15:03:43.205 | INFO     | notifications:notify_rejected_candidates:344 - Rejection check: 1 rejected candidates.
2026-05-25 15:03:43.361 | INFO     | notifications:notify_rejected_candidates:369 - Rejection notifications done: {'sent': 0, 'skipped': 1, 'failed': 0}
2026-05-25 15:03:43.361 | INFO     | api:background_pipeline:48 - Poller: cycle complete.
INFO:     127.0.0.1:52689 - "GET /api/v1/stats HTTP/1.1" 200 OK
INFO:     127.0.0.1:52689 - "GET /api/v1/jobs HTTP/1.1" 200 OK
INFO:     127.0.0.1:52689 - "GET /api/v1/jobs/69f509c2bc3c3a0a6303fbc8/candidates HTTP/1.1" 200 OK
INFO:     127.0.0.1:52689 - "GET /api/v1/jobs/6a09c1ac706a290bda80c131/candidates HTTP/1.1" 200 OK
INFO:     127.0.0.1:52764 - "GET /api/v1/stats HTTP/1.1" 200 OK
INFO:     127.0.0.1:52764 - "GET /api/v1/jobs HTTP/1.1" 200 OK
INFO:     127.0.0.1:52764 - "GET /api/v1/jobs/69f509c2bc3c3a0a6303fbc8/candidates HTTP/1.1" 200 OK
INFO:     127.0.0.1:52764 - "GET /api/v1/jobs/6a09c1ac706a290bda80c131/candidates HTTP/1.1" 200 OK
INFO:     127.0.0.1:52926 - "GET /api/v1/stats HTTP/1.1" 200 OK
INFO:     127.0.0.1:52926 - "GET /api/v1/jobs HTTP/1.1" 200 OK
INFO:     127.0.0.1:52926 - "GET /api/v1/jobs/69f509c2bc3c3a0a6303fbc8/candidates HTTP/1.1" 200 OK
INFO:     127.0.0.1:52926 - "GET /api/v1/jobs/6a09c1ac706a290bda80c131/candidates HTTP/1.1" 200 OK
INFO:     127.0.0.1:53031 - "GET /api/v1/stats HTTP/1.1" 200 OK
INFO:     127.0.0.1:53031 - "GET /api/v1/jobs HTTP/1.1" 200 OK
INFO:     127.0.0.1:53031 - "GET /api/v1/jobs/69f509c2bc3c3a0a6303fbc8/candidates HTTP/1.1" 200 OK
INFO:     127.0.0.1:53031 - "GET /api/v1/jobs/6a09c1ac706a290bda80c131/candidates HTTP/1.1" 200 OK
INFO:     127.0.0.1:53042 - "GET /api/v1/stats HTTP/1.1" 200 OK
INFO:     127.0.0.1:53042 - "GET /api/v1/jobs HTTP/1.1" 200 OK
INFO:     127.0.0.1:53042 - "GET /api/v1/jobs/69f509c2bc3c3a0a6303fbc8/candidates HTTP/1.1" 200 OK
INFO:     127.0.0.1:53042 - "GET /api/v1/jobs/6a09c1ac706a290bda80c131/candidates HTTP/1.1" 200 OK
2026-05-25 15:08:43.408 | INFO     | api:background_pipeline:41 - Poller: checking for new CVs...
2026-05-25 15:08:44.157 | DEBUG    | intake.google_auth:get_google_credentials:26 - Google credentials loaded and token refreshed. Service account: recruitment-ai-service@recruitment-ai-494910.iam.gserviceaccount.com
2026-05-25 15:08:44.160 | DEBUG    | intake.drive_fetcher:_connect:59 - DriveFetcher: Google API session established.
2026-05-25 15:08:45.567 | DEBUG    | intake.drive_fetcher:_read_sheet_rows:80 - Read 8 rows from Google Sheets.
2026-05-25 15:08:45.567 | INFO     | intake.drive_fetcher:run:44 - DriveFetcher: 8 total form submissions found.
2026-05-25 15:08:45.726 | WARNING  | intake.drive_fetcher:_process_row:101 - No active job found for: ''
2026-05-25 15:08:46.822 | INFO     | intake.drive_fetcher:run:52 - DriveFetcher complete. New: 0, Skipped: 8, Errors: 0
2026-05-25 15:08:47.034 | INFO     | extraction:process_pending_candidates:67 - Text extraction: found 0 candidates with status RECEIVED.
2026-05-25 15:08:47.038 | INFO     | extraction:process_pending_candidates:109 - Text extraction complete. Processed: 0, Failed: 0, Skipped: 0
2026-05-25 15:08:47.194 | INFO     | scoring.pipeline:run_scoring_pipeline:17 - Scoring pipeline: 0 candidates with status PROCESSING.
2026-05-25 15:08:47.195 | INFO     | scoring.pipeline:run_scoring_pipeline:89 - Scoring complete. {'scored': 0, 'shortlisted': 0, 'not_selected': 0, 'failed': 0}
2026-05-25 15:08:47.358 | INFO     | scoring.mcq_scorer:process_mcq_responses:73 - Checking MCQ responses for job: Software Engineer
2026-05-25 15:08:47.940 | DEBUG    | intake.google_auth:get_google_credentials:26 - Google credentials loaded and token refreshed. Service account: recruitment-ai-service@recruitment-ai-494910.iam.gserviceaccount.com
2026-05-25 15:08:49.114 | DEBUG    | scoring.mcq_scorer:process_mcq_responses:149 - Already scored: Fatimah Adeel - skipping
2026-05-25 15:08:49.599 | DEBUG    | scoring.mcq_scorer:process_mcq_responses:149 - Already scored: test candidate 2 - skipping
2026-05-25 15:08:49.765 | DEBUG    | scoring.mcq_scorer:process_mcq_responses:149 - Already scored: Fatimah Adeel - skipping
2026-05-25 15:08:49.930 | DEBUG    | scoring.mcq_scorer:process_mcq_responses:149 - Already scored: Sulleman Mir - skipping
2026-05-25 15:08:49.930 | INFO     | scoring.mcq_scorer:process_mcq_responses:73 - Checking MCQ responses for job: Data Analyst
2026-05-25 15:08:50.500 | DEBUG    | intake.google_auth:get_google_credentials:26 - Google credentials loaded and token refreshed. Service account: recruitment-ai-service@recruitment-ai-494910.iam.gserviceaccount.com
2026-05-25 15:08:51.667 | DEBUG    | scoring.mcq_scorer:process_mcq_responses:149 - Already scored: Muhammad Ibrahim Mir - skipping
2026-05-25 15:08:51.823 | DEBUG    | scoring.mcq_scorer:process_mcq_responses:149 - Already scored: Muhammad Ibrahim Mir - skipping
2026-05-25 15:08:51.824 | INFO     | scoring.mcq_scorer:process_mcq_responses:184 - MCQ processing complete: {'processed': 0, 'skipped': 7, 'errors': 0}
2026-05-25 15:08:51.984 | INFO     | notifications:notify_shortlisted_candidates:165 - Notification check: 0 shortlisted candidates.
2026-05-25 15:08:52.934 | INFO     | notifications:notify_shortlisted_candidates:233 - Notifications done: {'sent': 0, 'skipped': 0, 'failed': 0}
2026-05-25 15:08:53.092 | INFO     | notifications:notify_rejected_candidates:344 - Rejection check: 1 rejected candidates.
2026-05-25 15:08:53.252 | INFO     | notifications:notify_rejected_candidates:369 - Rejection notifications done: {'sent': 0, 'skipped': 1, 'failed': 0}
2026-05-25 15:08:53.252 | INFO     | api:background_pipeline:48 - Poller: cycle complete.
INFO:     127.0.0.1:53055 - "GET /api/v1/stats HTTP/1.1" 200 OK
INFO:     127.0.0.1:53055 - "GET /api/v1/jobs HTTP/1.1" 200 OK
INFO:     127.0.0.1:53055 - "GET /api/v1/jobs/69f509c2bc3c3a0a6303fbc8/candidates HTTP/1.1" 200 OK
INFO:     127.0.0.1:53055 - "GET /api/v1/jobs/6a09c1ac706a290bda80c131/candidates HTTP/1.1" 200 OK
INFO:     127.0.0.1:53073 - "GET /api/v1/stats HTTP/1.1" 200 OK
INFO:     127.0.0.1:53073 - "GET /api/v1/jobs HTTP/1.1" 200 OK
INFO:     127.0.0.1:53073 - "GET /api/v1/jobs/69f509c2bc3c3a0a6303fbc8/candidates HTTP/1.1" 200 OK
INFO:     127.0.0.1:53073 - "GET /api/v1/jobs/6a09c1ac706a290bda80c131/candidates HTTP/1.1" 200 OK
INFO:     127.0.0.1:53082 - "GET /api/v1/stats HTTP/1.1" 200 OK
INFO:     127.0.0.1:53082 - "GET /api/v1/jobs HTTP/1.1" 200 OK
INFO:     127.0.0.1:53082 - "GET /api/v1/jobs/69f509c2bc3c3a0a6303fbc8/candidates HTTP/1.1" 200 OK
INFO:     127.0.0.1:53082 - "GET /api/v1/jobs/6a09c1ac706a290bda80c131/candidates HTTP/1.1" 200 OK
INFO:     127.0.0.1:53093 - "GET /api/v1/stats HTTP/1.1" 200 OK
INFO:     127.0.0.1:53093 - "GET /api/v1/jobs HTTP/1.1" 200 OK
INFO:     127.0.0.1:53093 - "GET /api/v1/jobs/69f509c2bc3c3a0a6303fbc8/candidates HTTP/1.1" 200 OK
INFO:     127.0.0.1:53093 - "GET /api/v1/jobs/6a09c1ac706a290bda80c131/candidates HTTP/1.1" 200 OK
INFO:     127.0.0.1:53100 - "GET /api/v1/stats HTTP/1.1" 200 OK
INFO:     127.0.0.1:53100 - "GET /api/v1/jobs HTTP/1.1" 200 OK
INFO:     127.0.0.1:53100 - "GET /api/v1/jobs/69f509c2bc3c3a0a6303fbc8/candidates HTTP/1.1" 200 OK
INFO:     127.0.0.1:53100 - "GET /api/v1/jobs/6a09c1ac706a290bda80c131/candidates HTTP/1.1" 200 OK
2026-05-25 15:13:53.252 | INFO     | api:background_pipeline:41 - Poller: checking for new CVs...
2026-05-25 15:13:54.064 | DEBUG    | intake.google_auth:get_google_credentials:26 - Google credentials loaded and token refreshed. Service account: recruitment-ai-service@recruitment-ai-494910.iam.gserviceaccount.com
2026-05-25 15:13:54.067 | DEBUG    | intake.drive_fetcher:_connect:59 - DriveFetcher: Google API session established.
2026-05-25 15:13:54.903 | DEBUG    | intake.drive_fetcher:_read_sheet_rows:80 - Read 8 rows from Google Sheets.
2026-05-25 15:13:54.903 | INFO     | intake.drive_fetcher:run:44 - DriveFetcher: 8 total form submissions found.
2026-05-25 15:13:55.067 | WARNING  | intake.drive_fetcher:_process_row:101 - No active job found for: ''
2026-05-25 15:13:56.189 | INFO     | intake.drive_fetcher:run:52 - DriveFetcher complete. New: 0, Skipped: 8, Errors: 0
2026-05-25 15:13:56.355 | INFO     | extraction:process_pending_candidates:67 - Text extraction: found 0 candidates with status RECEIVED.
2026-05-25 15:13:56.355 | INFO     | extraction:process_pending_candidates:109 - Text extraction complete. Processed: 0, Failed: 0, Skipped: 0
2026-05-25 15:13:56.523 | INFO     | scoring.pipeline:run_scoring_pipeline:17 - Scoring pipeline: 0 candidates with status PROCESSING.
2026-05-25 15:13:56.523 | INFO     | scoring.pipeline:run_scoring_pipeline:89 - Scoring complete. {'scored': 0, 'shortlisted': 0, 'not_selected': 0, 'failed': 0}
2026-05-25 15:13:56.684 | INFO     | scoring.mcq_scorer:process_mcq_responses:73 - Checking MCQ responses for job: Software Engineer
2026-05-25 15:13:57.331 | DEBUG    | intake.google_auth:get_google_credentials:26 - Google credentials loaded and token refreshed. Service account: recruitment-ai-service@recruitment-ai-494910.iam.gserviceaccount.com
2026-05-25 15:13:58.288 | DEBUG    | scoring.mcq_scorer:process_mcq_responses:149 - Already scored: Fatimah Adeel - skipping
2026-05-25 15:13:58.761 | DEBUG    | scoring.mcq_scorer:process_mcq_responses:149 - Already scored: test candidate 2 - skipping
2026-05-25 15:13:58.918 | DEBUG    | scoring.mcq_scorer:process_mcq_responses:149 - Already scored: Fatimah Adeel - skipping
2026-05-25 15:13:59.079 | DEBUG    | scoring.mcq_scorer:process_mcq_responses:149 - Already scored: Sulleman Mir - skipping
2026-05-25 15:13:59.079 | INFO     | scoring.mcq_scorer:process_mcq_responses:73 - Checking MCQ responses for job: Data Analyst
2026-05-25 15:14:00.688 | DEBUG    | intake.google_auth:get_google_credentials:26 - Google credentials loaded and token refreshed. Service account: recruitment-ai-service@recruitment-ai-494910.iam.gserviceaccount.com
2026-05-25 15:14:01.645 | DEBUG    | scoring.mcq_scorer:process_mcq_responses:149 - Already scored: Muhammad Ibrahim Mir - skipping
2026-05-25 15:14:01.807 | DEBUG    | scoring.mcq_scorer:process_mcq_responses:149 - Already scored: Muhammad Ibrahim Mir - skipping
2026-05-25 15:14:01.810 | INFO     | scoring.mcq_scorer:process_mcq_responses:184 - MCQ processing complete: {'processed': 0, 'skipped': 7, 'errors': 0}
2026-05-25 15:14:01.970 | INFO     | notifications:notify_shortlisted_candidates:165 - Notification check: 0 shortlisted candidates.
2026-05-25 15:14:02.925 | INFO     | notifications:notify_shortlisted_candidates:233 - Notifications done: {'sent': 0, 'skipped': 0, 'failed': 0}
2026-05-25 15:14:03.084 | INFO     | notifications:notify_rejected_candidates:344 - Rejection check: 1 rejected candidates.
2026-05-25 15:14:03.251 | INFO     | notifications:notify_rejected_candidates:369 - Rejection notifications done: {'sent': 0, 'skipped': 1, 'failed': 0}
2026-05-25 15:14:03.252 | INFO     | api:background_pipeline:48 - Poller: cycle complete.
INFO:     127.0.0.1:53121 - "GET /api/v1/stats HTTP/1.1" 200 OK
INFO:     127.0.0.1:53121 - "GET /api/v1/jobs HTTP/1.1" 200 OK
INFO:     127.0.0.1:53121 - "GET /api/v1/jobs/69f509c2bc3c3a0a6303fbc8/candidates HTTP/1.1" 200 OK
INFO:     127.0.0.1:53121 - "GET /api/v1/jobs/6a09c1ac706a290bda80c131/candidates HTTP/1.1" 200 OK
INFO:     127.0.0.1:53146 - "GET /api/v1/stats HTTP/1.1" 200 OK
INFO:     127.0.0.1:53146 - "GET /api/v1/jobs HTTP/1.1" 200 OK
INFO:     127.0.0.1:53146 - "GET /api/v1/jobs/69f509c2bc3c3a0a6303fbc8/candidates HTTP/1.1" 200 OK
INFO:     127.0.0.1:53146 - "GET /api/v1/jobs/6a09c1ac706a290bda80c131/candidates HTTP/1.1" 200 OK
INFO:     127.0.0.1:53166 - "GET /api/v1/stats HTTP/1.1" 200 OK
INFO:     127.0.0.1:53166 - "GET /api/v1/jobs HTTP/1.1" 200 OK
INFO:     127.0.0.1:53166 - "GET /api/v1/jobs/69f509c2bc3c3a0a6303fbc8/candidates HTTP/1.1" 200 OK
INFO:     127.0.0.1:53166 - "GET /api/v1/jobs/6a09c1ac706a290bda80c131/candidates HTTP/1.1" 200 OK
INFO:     127.0.0.1:53176 - "GET /api/v1/stats HTTP/1.1" 200 OK
INFO:     127.0.0.1:53176 - "GET /api/v1/jobs HTTP/1.1" 200 OK
INFO:     127.0.0.1:53176 - "GET /api/v1/jobs/69f509c2bc3c3a0a6303fbc8/candidates HTTP/1.1" 200 OK
INFO:     127.0.0.1:53176 - "GET /api/v1/jobs/6a09c1ac706a290bda80c131/candidates HTTP/1.1" 200 OK
INFO:     127.0.0.1:53184 - "GET /api/v1/stats HTTP/1.1" 200 OK
INFO:     127.0.0.1:53184 - "GET /api/v1/jobs HTTP/1.1" 200 OK
INFO:     127.0.0.1:53184 - "GET /api/v1/jobs/69f509c2bc3c3a0a6303fbc8/candidates HTTP/1.1" 200 OK
INFO:     127.0.0.1:53184 - "GET /api/v1/jobs/6a09c1ac706a290bda80c131/candidates HTTP/1.1" 200 OK
2026-05-25 15:19:03.252 | INFO     | api:background_pipeline:41 - Poller: checking for new CVs...
2026-05-25 15:19:03.834 | DEBUG    | intake.google_auth:get_google_credentials:26 - Google credentials loaded and token refreshed. Service account: recruitment-ai-service@recruitment-ai-494910.iam.gserviceaccount.com
2026-05-25 15:19:03.836 | DEBUG    | intake.drive_fetcher:_connect:59 - DriveFetcher: Google API session established.
2026-05-25 15:19:05.154 | DEBUG    | intake.drive_fetcher:_read_sheet_rows:80 - Read 8 rows from Google Sheets.
2026-05-25 15:19:05.154 | INFO     | intake.drive_fetcher:run:44 - DriveFetcher: 8 total form submissions found.
2026-05-25 15:19:05.314 | WARNING  | intake.drive_fetcher:_process_row:101 - No active job found for: ''
2026-05-25 15:19:06.449 | INFO     | intake.drive_fetcher:run:52 - DriveFetcher complete. New: 0, Skipped: 8, Errors: 0
2026-05-25 15:19:06.610 | INFO     | extraction:process_pending_candidates:67 - Text extraction: found 0 candidates with status RECEIVED.
2026-05-25 15:19:06.610 | INFO     | extraction:process_pending_candidates:109 - Text extraction complete. Processed: 0, Failed: 0, Skipped: 0
2026-05-25 15:19:06.767 | INFO     | scoring.pipeline:run_scoring_pipeline:17 - Scoring pipeline: 0 candidates with status PROCESSING.
2026-05-25 15:19:06.767 | INFO     | scoring.pipeline:run_scoring_pipeline:89 - Scoring complete. {'scored': 0, 'shortlisted': 0, 'not_selected': 0, 'failed': 0}
2026-05-25 15:19:06.928 | INFO     | scoring.mcq_scorer:process_mcq_responses:73 - Checking MCQ responses for job: Software Engineer
2026-05-25 15:19:07.473 | DEBUG    | intake.google_auth:get_google_credentials:26 - Google credentials loaded and token refreshed. Service account: recruitment-ai-service@recruitment-ai-494910.iam.gserviceaccount.com
2026-05-25 15:19:08.596 | DEBUG    | scoring.mcq_scorer:process_mcq_responses:149 - Already scored: Fatimah Adeel - skipping
2026-05-25 15:19:09.068 | DEBUG    | scoring.mcq_scorer:process_mcq_responses:149 - Already scored: test candidate 2 - skipping
2026-05-25 15:19:09.236 | DEBUG    | scoring.mcq_scorer:process_mcq_responses:149 - Already scored: Fatimah Adeel - skipping
2026-05-25 15:19:09.392 | DEBUG    | scoring.mcq_scorer:process_mcq_responses:149 - Already scored: Sulleman Mir - skipping
2026-05-25 15:19:09.392 | INFO     | scoring.mcq_scorer:process_mcq_responses:73 - Checking MCQ responses for job: Data Analyst
2026-05-25 15:19:09.924 | DEBUG    | intake.google_auth:get_google_credentials:26 - Google credentials loaded and token refreshed. Service account: recruitment-ai-service@recruitment-ai-494910.iam.gserviceaccount.com
2026-05-25 15:19:11.055 | DEBUG    | scoring.mcq_scorer:process_mcq_responses:149 - Already scored: Muhammad Ibrahim Mir - skipping
2026-05-25 15:19:11.213 | DEBUG    | scoring.mcq_scorer:process_mcq_responses:149 - Already scored: Muhammad Ibrahim Mir - skipping
2026-05-25 15:19:11.213 | INFO     | scoring.mcq_scorer:process_mcq_responses:184 - MCQ processing complete: {'processed': 0, 'skipped': 7, 'errors': 0}
2026-05-25 15:19:11.375 | INFO     | notifications:notify_shortlisted_candidates:165 - Notification check: 0 shortlisted candidates.
2026-05-25 15:19:12.335 | INFO     | notifications:notify_shortlisted_candidates:233 - Notifications done: {'sent': 0, 'skipped': 0, 'failed': 0}
2026-05-25 15:19:12.491 | INFO     | notifications:notify_rejected_candidates:344 - Rejection check: 1 rejected candidates.
2026-05-25 15:19:12.650 | INFO     | notifications:notify_rejected_candidates:369 - Rejection notifications done: {'sent': 0, 'skipped': 1, 'failed': 0}
2026-05-25 15:19:12.651 | INFO     | api:background_pipeline:48 - Poller: cycle complete.
INFO:     127.0.0.1:53197 - "GET /api/v1/stats HTTP/1.1" 200 OK
INFO:     127.0.0.1:53197 - "GET /api/v1/jobs HTTP/1.1" 200 OK
INFO:     127.0.0.1:53197 - "GET /api/v1/jobs/69f509c2bc3c3a0a6303fbc8/candidates HTTP/1.1" 200 OK
INFO:     127.0.0.1:53197 - "GET /api/v1/jobs/6a09c1ac706a290bda80c131/candidates HTTP/1.1" 200 OK
INFO:     127.0.0.1:53207 - "GET /api/v1/stats HTTP/1.1" 200 OK
INFO:     127.0.0.1:53207 - "GET /api/v1/jobs HTTP/1.1" 200 OK
INFO:     127.0.0.1:53207 - "GET /api/v1/jobs/69f509c2bc3c3a0a6303fbc8/candidates HTTP/1.1" 200 OK
INFO:     127.0.0.1:53207 - "GET /api/v1/jobs/6a09c1ac706a290bda80c131/candidates HTTP/1.1" 200 OK
INFO:     127.0.0.1:53214 - "GET /api/v1/stats HTTP/1.1" 200 OK
INFO:     127.0.0.1:53214 - "GET /api/v1/jobs HTTP/1.1" 200 OK
INFO:     127.0.0.1:53214 - "GET /api/v1/jobs/69f509c2bc3c3a0a6303fbc8/candidates HTTP/1.1" 200 OK
INFO:     127.0.0.1:53214 - "GET /api/v1/jobs/6a09c1ac706a290bda80c131/candidates HTTP/1.1" 200 OK
INFO:     127.0.0.1:53221 - "GET /api/v1/stats HTTP/1.1" 200 OK
INFO:     127.0.0.1:53221 - "GET /api/v1/jobs HTTP/1.1" 200 OK
INFO:     127.0.0.1:53221 - "GET /api/v1/jobs/69f509c2bc3c3a0a6303fbc8/candidates HTTP/1.1" 200 OK
INFO:     127.0.0.1:53221 - "GET /api/v1/jobs/6a09c1ac706a290bda80c131/candidates HTTP/1.1" 200 OK
2026-05-25 15:24:12.653 | INFO     | api:background_pipeline:41 - Poller: checking for new CVs...
2026-05-25 15:24:13.228 | DEBUG    | intake.google_auth:get_google_credentials:26 - Google credentials loaded and token refreshed. Service account: recruitment-ai-service@recruitment-ai-494910.iam.gserviceaccount.com
2026-05-25 15:24:13.232 | DEBUG    | intake.drive_fetcher:_connect:59 - DriveFetcher: Google API session established.
2026-05-25 15:24:13.987 | DEBUG    | intake.drive_fetcher:_read_sheet_rows:80 - Read 8 rows from Google Sheets.
2026-05-25 15:24:13.987 | INFO     | intake.drive_fetcher:run:44 - DriveFetcher: 8 total form submissions found.
2026-05-25 15:24:14.146 | WARNING  | intake.drive_fetcher:_process_row:101 - No active job found for: ''
2026-05-25 15:24:15.259 | INFO     | intake.drive_fetcher:run:52 - DriveFetcher complete. New: 0, Skipped: 8, Errors: 0
2026-05-25 15:24:15.419 | INFO     | extraction:process_pending_candidates:67 - Text extraction: found 0 candidates with status RECEIVED.
2026-05-25 15:24:15.419 | INFO     | extraction:process_pending_candidates:109 - Text extraction complete. Processed: 0, Failed: 0, Skipped: 0
2026-05-25 15:24:15.576 | INFO     | scoring.pipeline:run_scoring_pipeline:17 - Scoring pipeline: 0 candidates with status PROCESSING.
2026-05-25 15:24:15.576 | INFO     | scoring.pipeline:run_scoring_pipeline:89 - Scoring complete. {'scored': 0, 'shortlisted': 0, 'not_selected': 0, 'failed': 0}
2026-05-25 15:24:15.736 | INFO     | scoring.mcq_scorer:process_mcq_responses:73 - Checking MCQ responses for job: Software Engineer
2026-05-25 15:24:16.329 | DEBUG    | intake.google_auth:get_google_credentials:26 - Google credentials loaded and token refreshed. Service account: recruitment-ai-service@recruitment-ai-494910.iam.gserviceaccount.com
2026-05-25 15:24:17.261 | DEBUG    | scoring.mcq_scorer:process_mcq_responses:149 - Already scored: Fatimah Adeel - skipping
2026-05-25 15:24:17.734 | DEBUG    | scoring.mcq_scorer:process_mcq_responses:149 - Already scored: test candidate 2 - skipping
2026-05-25 15:24:17.895 | DEBUG    | scoring.mcq_scorer:process_mcq_responses:149 - Already scored: Fatimah Adeel - skipping
2026-05-25 15:24:18.055 | DEBUG    | scoring.mcq_scorer:process_mcq_responses:149 - Already scored: Sulleman Mir - skipping
2026-05-25 15:24:18.056 | INFO     | scoring.mcq_scorer:process_mcq_responses:73 - Checking MCQ responses for job: Data Analyst
2026-05-25 15:24:18.644 | DEBUG    | intake.google_auth:get_google_credentials:26 - Google credentials loaded and token refreshed. Service account: recruitment-ai-service@recruitment-ai-494910.iam.gserviceaccount.com
2026-05-25 15:24:19.674 | DEBUG    | scoring.mcq_scorer:process_mcq_responses:149 - Already scored: Muhammad Ibrahim Mir - skipping
2026-05-25 15:24:19.832 | DEBUG    | scoring.mcq_scorer:process_mcq_responses:149 - Already scored: Muhammad Ibrahim Mir - skipping
2026-05-25 15:24:19.832 | INFO     | scoring.mcq_scorer:process_mcq_responses:184 - MCQ processing complete: {'processed': 0, 'skipped': 7, 'errors': 0}
2026-05-25 15:24:19.990 | INFO     | notifications:notify_shortlisted_candidates:165 - Notification check: 0 shortlisted candidates.
2026-05-25 15:24:20.936 | INFO     | notifications:notify_shortlisted_candidates:233 - Notifications done: {'sent': 0, 'skipped': 0, 'failed': 0}
2026-05-25 15:24:21.092 | INFO     | notifications:notify_rejected_candidates:344 - Rejection check: 1 rejected candidates.
2026-05-25 15:24:21.248 | INFO     | notifications:notify_rejected_candidates:369 - Rejection notifications done: {'sent': 0, 'skipped': 1, 'failed': 0}
2026-05-25 15:24:21.249 | INFO     | api:background_pipeline:48 - Poller: cycle complete.
INFO:     127.0.0.1:53236 - "GET /api/v1/stats HTTP/1.1" 200 OK
INFO:     127.0.0.1:53236 - "GET /api/v1/jobs HTTP/1.1" 200 OK
INFO:     127.0.0.1:53236 - "GET /api/v1/jobs/69f509c2bc3c3a0a6303fbc8/candidates HTTP/1.1" 200 OK
INFO:     127.0.0.1:53236 - "GET /api/v1/jobs/6a09c1ac706a290bda80c131/candidates HTTP/1.1" 200 OK
INFO:     127.0.0.1:53243 - "GET /api/v1/stats HTTP/1.1" 200 OK
INFO:     127.0.0.1:53243 - "GET /api/v1/jobs HTTP/1.1" 200 OK
INFO:     127.0.0.1:53243 - "GET /api/v1/jobs/69f509c2bc3c3a0a6303fbc8/candidates HTTP/1.1" 200 OK
INFO:     127.0.0.1:53243 - "GET /api/v1/jobs/6a09c1ac706a290bda80c131/candidates HTTP/1.1" 200 OK
INFO:     127.0.0.1:53252 - "GET /api/v1/stats HTTP/1.1" 200 OK
INFO:     127.0.0.1:53252 - "GET /api/v1/jobs HTTP/1.1" 200 OK
INFO:     127.0.0.1:53252 - "GET /api/v1/jobs/69f509c2bc3c3a0a6303fbc8/candidates HTTP/1.1" 200 OK
INFO:     127.0.0.1:53252 - "GET /api/v1/jobs/6a09c1ac706a290bda80c131/candidates HTTP/1.1" 200 OK
INFO:     127.0.0.1:53265 - "GET /api/v1/stats HTTP/1.1" 200 OK
INFO:     127.0.0.1:53265 - "GET /api/v1/jobs HTTP/1.1" 200 OK
INFO:     127.0.0.1:53265 - "GET /api/v1/jobs/69f509c2bc3c3a0a6303fbc8/candidates HTTP/1.1" 200 OK
INFO:     127.0.0.1:53265 - "GET /api/v1/jobs/6a09c1ac706a290bda80c131/candidates HTTP/1.1" 200 OK
INFO:     127.0.0.1:53272 - "GET /api/v1/stats HTTP/1.1" 200 OK
INFO:     127.0.0.1:53272 - "GET /api/v1/jobs HTTP/1.1" 200 OK
INFO:     127.0.0.1:53272 - "GET /api/v1/jobs/69f509c2bc3c3a0a6303fbc8/candidates HTTP/1.1" 200 OK
INFO:     127.0.0.1:53272 - "GET /api/v1/jobs/6a09c1ac706a290bda80c131/candidates HTTP/1.1" 200 OK
2026-05-25 15:29:21.248 | INFO     | api:background_pipeline:41 - Poller: checking for new CVs...
2026-05-25 15:29:21.946 | DEBUG    | intake.google_auth:get_google_credentials:26 - Google credentials loaded and token refreshed. Service account: recruitment-ai-service@recruitment-ai-494910.iam.gserviceaccount.com
2026-05-25 15:29:21.949 | DEBUG    | intake.drive_fetcher:_connect:59 - DriveFetcher: Google API session established.
2026-05-25 15:29:22.915 | DEBUG    | intake.drive_fetcher:_read_sheet_rows:80 - Read 8 rows from Google Sheets.
2026-05-25 15:29:22.919 | INFO     | intake.drive_fetcher:run:44 - DriveFetcher: 8 total form submissions found.
2026-05-25 15:29:23.078 | WARNING  | intake.drive_fetcher:_process_row:101 - No active job found for: ''
2026-05-25 15:29:24.180 | INFO     | intake.drive_fetcher:run:52 - DriveFetcher complete. New: 0, Skipped: 8, Errors: 0
2026-05-25 15:29:24.343 | INFO     | extraction:process_pending_candidates:67 - Text extraction: found 0 candidates with status RECEIVED.
2026-05-25 15:29:24.343 | INFO     | extraction:process_pending_candidates:109 - Text extraction complete. Processed: 0, Failed: 0, Skipped: 0
2026-05-25 15:29:24.510 | INFO     | scoring.pipeline:run_scoring_pipeline:17 - Scoring pipeline: 0 candidates with status PROCESSING.
2026-05-25 15:29:24.510 | INFO     | scoring.pipeline:run_scoring_pipeline:89 - Scoring complete. {'scored': 0, 'shortlisted': 0, 'not_selected': 0, 'failed': 0}
2026-05-25 15:29:24.678 | INFO     | scoring.mcq_scorer:process_mcq_responses:73 - Checking MCQ responses for job: Software Engineer
2026-05-25 15:29:25.346 | DEBUG    | intake.google_auth:get_google_credentials:26 - Google credentials loaded and token refreshed. Service account: recruitment-ai-service@recruitment-ai-494910.iam.gserviceaccount.com
2026-05-25 15:29:26.457 | DEBUG    | scoring.mcq_scorer:process_mcq_responses:149 - Already scored: Fatimah Adeel - skipping
2026-05-25 15:29:26.947 | DEBUG    | scoring.mcq_scorer:process_mcq_responses:149 - Already scored: test candidate 2 - skipping
2026-05-25 15:29:27.112 | DEBUG    | scoring.mcq_scorer:process_mcq_responses:149 - Already scored: Fatimah Adeel - skipping
2026-05-25 15:29:27.268 | DEBUG    | scoring.mcq_scorer:process_mcq_responses:149 - Already scored: Sulleman Mir - skipping
2026-05-25 15:29:27.268 | INFO     | scoring.mcq_scorer:process_mcq_responses:73 - Checking MCQ responses for job: Data Analyst
2026-05-25 15:29:27.930 | DEBUG    | intake.google_auth:get_google_credentials:26 - Google credentials loaded and token refreshed. Service account: recruitment-ai-service@recruitment-ai-494910.iam.gserviceaccount.com
2026-05-25 15:29:29.009 | DEBUG    | scoring.mcq_scorer:process_mcq_responses:149 - Already scored: Muhammad Ibrahim Mir - skipping
2026-05-25 15:29:29.166 | DEBUG    | scoring.mcq_scorer:process_mcq_responses:149 - Already scored: Muhammad Ibrahim Mir - skipping
2026-05-25 15:29:29.167 | INFO     | scoring.mcq_scorer:process_mcq_responses:184 - MCQ processing complete: {'processed': 0, 'skipped': 7, 'errors': 0}
2026-05-25 15:29:29.328 | INFO     | notifications:notify_shortlisted_candidates:165 - Notification check: 0 shortlisted candidates.
2026-05-25 15:29:30.276 | INFO     | notifications:notify_shortlisted_candidates:233 - Notifications done: {'sent': 0, 'skipped': 0, 'failed': 0}
2026-05-25 15:29:30.433 | INFO     | notifications:notify_rejected_candidates:344 - Rejection check: 1 rejected candidates.
2026-05-25 15:29:30.591 | INFO     | notifications:notify_rejected_candidates:369 - Rejection notifications done: {'sent': 0, 'skipped': 1, 'failed': 0}
2026-05-25 15:29:30.591 | INFO     | api:background_pipeline:48 - Poller: cycle complete.
INFO:     127.0.0.1:53285 - "GET /api/v1/stats HTTP/1.1" 200 OK
INFO:     127.0.0.1:53285 - "GET /api/v1/jobs HTTP/1.1" 200 OK
INFO:     127.0.0.1:53285 - "GET /api/v1/jobs/69f509c2bc3c3a0a6303fbc8/candidates HTTP/1.1" 200 OK
INFO:     127.0.0.1:53285 - "GET /api/v1/jobs/6a09c1ac706a290bda80c131/candidates HTTP/1.1" 200 OK
INFO:     127.0.0.1:53299 - "GET /api/v1/stats HTTP/1.1" 200 OK
INFO:     127.0.0.1:53299 - "GET /api/v1/jobs HTTP/1.1" 200 OK
INFO:     127.0.0.1:53299 - "GET /api/v1/jobs/69f509c2bc3c3a0a6303fbc8/candidates HTTP/1.1" 200 OK
INFO:     127.0.0.1:53299 - "GET /api/v1/jobs/6a09c1ac706a290bda80c131/candidates HTTP/1.1" 200 OK
INFO:     127.0.0.1:53317 - "GET /api/v1/stats HTTP/1.1" 200 OK
INFO:     127.0.0.1:53317 - "GET /api/v1/jobs HTTP/1.1" 200 OK
INFO:     127.0.0.1:53317 - "GET /api/v1/jobs/69f509c2bc3c3a0a6303fbc8/candidates HTTP/1.1" 200 OK
INFO:     127.0.0.1:53317 - "GET /api/v1/jobs/6a09c1ac706a290bda80c131/candidates HTTP/1.1" 200 OK
INFO:     127.0.0.1:53325 - "GET /api/v1/stats HTTP/1.1" 200 OK
INFO:     127.0.0.1:53325 - "GET /api/v1/jobs HTTP/1.1" 200 OK
INFO:     127.0.0.1:53325 - "GET /api/v1/jobs/69f509c2bc3c3a0a6303fbc8/candidates HTTP/1.1" 200 OK
INFO:     127.0.0.1:53325 - "GET /api/v1/jobs/6a09c1ac706a290bda80c131/candidates HTTP/1.1" 200 OK
INFO:     127.0.0.1:53332 - "GET /api/v1/stats HTTP/1.1" 200 OK
INFO:     127.0.0.1:53332 - "GET /api/v1/jobs HTTP/1.1" 200 OK
INFO:     127.0.0.1:53332 - "GET /api/v1/jobs/69f509c2bc3c3a0a6303fbc8/candidates HTTP/1.1" 200 OK
INFO:     127.0.0.1:53332 - "GET /api/v1/jobs/6a09c1ac706a290bda80c131/candidates HTTP/1.1" 200 OK
2026-05-25 15:34:30.594 | INFO     | api:background_pipeline:41 - Poller: checking for new CVs...
2026-05-25 15:34:31.211 | DEBUG    | intake.google_auth:get_google_credentials:26 - Google credentials loaded and token refreshed. Service account: recruitment-ai-service@recruitment-ai-494910.iam.gserviceaccount.com
2026-05-25 15:34:31.212 | DEBUG    | intake.drive_fetcher:_connect:59 - DriveFetcher: Google API session established.
2026-05-25 15:34:31.964 | DEBUG    | intake.drive_fetcher:_read_sheet_rows:80 - Read 8 rows from Google Sheets.
2026-05-25 15:34:31.965 | INFO     | intake.drive_fetcher:run:44 - DriveFetcher: 8 total form submissions found.
2026-05-25 15:34:32.123 | WARNING  | intake.drive_fetcher:_process_row:101 - No active job found for: ''
2026-05-25 15:34:33.230 | INFO     | intake.drive_fetcher:run:52 - DriveFetcher complete. New: 0, Skipped: 8, Errors: 0
2026-05-25 15:34:33.387 | INFO     | extraction:process_pending_candidates:67 - Text extraction: found 0 candidates with status RECEIVED.
2026-05-25 15:34:33.389 | INFO     | extraction:process_pending_candidates:109 - Text extraction complete. Processed: 0, Failed: 0, Skipped: 0
2026-05-25 15:34:33.547 | INFO     | scoring.pipeline:run_scoring_pipeline:17 - Scoring pipeline: 0 candidates with status PROCESSING.
2026-05-25 15:34:33.547 | INFO     | scoring.pipeline:run_scoring_pipeline:89 - Scoring complete. {'scored': 0, 'shortlisted': 0, 'not_selected': 0, 'failed': 0}
2026-05-25 15:34:33.704 | INFO     | scoring.mcq_scorer:process_mcq_responses:73 - Checking MCQ responses for job: Software Engineer
2026-05-25 15:34:34.272 | DEBUG    | intake.google_auth:get_google_credentials:26 - Google credentials loaded and token refreshed. Service account: recruitment-ai-service@recruitment-ai-494910.iam.gserviceaccount.com
2026-05-25 15:34:35.161 | DEBUG    | scoring.mcq_scorer:process_mcq_responses:149 - Already scored: Fatimah Adeel - skipping
2026-05-25 15:34:35.635 | DEBUG    | scoring.mcq_scorer:process_mcq_responses:149 - Already scored: test candidate 2 - skipping
2026-05-25 15:34:35.794 | DEBUG    | scoring.mcq_scorer:process_mcq_responses:149 - Already scored: Fatimah Adeel - skipping
2026-05-25 15:34:35.950 | DEBUG    | scoring.mcq_scorer:process_mcq_responses:149 - Already scored: Sulleman Mir - skipping
2026-05-25 15:34:35.950 | INFO     | scoring.mcq_scorer:process_mcq_responses:73 - Checking MCQ responses for job: Data Analyst
2026-05-25 15:34:36.524 | DEBUG    | intake.google_auth:get_google_credentials:26 - Google credentials loaded and token refreshed. Service account: recruitment-ai-service@recruitment-ai-494910.iam.gserviceaccount.com
2026-05-25 15:34:37.453 | DEBUG    | scoring.mcq_scorer:process_mcq_responses:149 - Already scored: Muhammad Ibrahim Mir - skipping
2026-05-25 15:34:37.611 | DEBUG    | scoring.mcq_scorer:process_mcq_responses:149 - Already scored: Muhammad Ibrahim Mir - skipping
2026-05-25 15:34:37.611 | INFO     | scoring.mcq_scorer:process_mcq_responses:184 - MCQ processing complete: {'processed': 0, 'skipped': 7, 'errors': 0}
2026-05-25 15:34:37.770 | INFO     | notifications:notify_shortlisted_candidates:165 - Notification check: 0 shortlisted candidates.
2026-05-25 15:34:38.717 | INFO     | notifications:notify_shortlisted_candidates:233 - Notifications done: {'sent': 0, 'skipped': 0, 'failed': 0}
2026-05-25 15:34:38.873 | INFO     | notifications:notify_rejected_candidates:344 - Rejection check: 1 rejected candidates.
2026-05-25 15:34:39.035 | INFO     | notifications:notify_rejected_candidates:369 - Rejection notifications done: {'sent': 0, 'skipped': 1, 'failed': 0}
2026-05-25 15:34:39.035 | INFO     | api:background_pipeline:48 - Poller: cycle complete.
INFO:     127.0.0.1:53347 - "GET /api/v1/stats HTTP/1.1" 200 OK
INFO:     127.0.0.1:53347 - "GET /api/v1/jobs HTTP/1.1" 200 OK
INFO:     127.0.0.1:53347 - "GET /api/v1/jobs/69f509c2bc3c3a0a6303fbc8/candidates HTTP/1.1" 200 OK
INFO:     127.0.0.1:53347 - "GET /api/v1/jobs/6a09c1ac706a290bda80c131/candidates HTTP/1.1" 200 OK
INFO:     127.0.0.1:53354 - "GET /api/v1/stats HTTP/1.1" 200 OK
INFO:     127.0.0.1:53354 - "GET /api/v1/jobs HTTP/1.1" 200 OK
INFO:     127.0.0.1:53354 - "GET /api/v1/jobs/69f509c2bc3c3a0a6303fbc8/candidates HTTP/1.1" 200 OK
INFO:     127.0.0.1:53354 - "GET /api/v1/jobs/6a09c1ac706a290bda80c131/candidates HTTP/1.1" 200 OK
INFO:     127.0.0.1:53364 - "GET /api/v1/stats HTTP/1.1" 200 OK
INFO:     127.0.0.1:53364 - "GET /api/v1/jobs HTTP/1.1" 200 OK
INFO:     127.0.0.1:53364 - "GET /api/v1/jobs/69f509c2bc3c3a0a6303fbc8/candidates HTTP/1.1" 200 OK
INFO:     127.0.0.1:53364 - "GET /api/v1/jobs/6a09c1ac706a290bda80c131/candidates HTTP/1.1" 200 OK
INFO:     127.0.0.1:53375 - "GET /api/v1/stats HTTP/1.1" 200 OK
INFO:     127.0.0.1:53375 - "GET /api/v1/jobs HTTP/1.1" 200 OK
INFO:     127.0.0.1:53375 - "GET /api/v1/jobs/69f509c2bc3c3a0a6303fbc8/candidates HTTP/1.1" 200 OK
INFO:     127.0.0.1:53375 - "GET /api/v1/jobs/6a09c1ac706a290bda80c131/candidates HTTP/1.1" 200 OK
INFO:     127.0.0.1:53397 - "GET /api/v1/stats HTTP/1.1" 200 OK
INFO:     127.0.0.1:53397 - "GET /api/v1/jobs HTTP/1.1" 200 OK
INFO:     127.0.0.1:53397 - "GET /api/v1/jobs/69f509c2bc3c3a0a6303fbc8/candidates HTTP/1.1" 200 OK
INFO:     127.0.0.1:53397 - "GET /api/v1/jobs/6a09c1ac706a290bda80c131/candidates HTTP/1.1" 200 OK
2026-05-25 15:39:39.035 | INFO     | api:background_pipeline:41 - Poller: checking for new CVs...
2026-05-25 15:39:39.657 | DEBUG    | intake.google_auth:get_google_credentials:26 - Google credentials loaded and token refreshed. Service account: recruitment-ai-service@recruitment-ai-494910.iam.gserviceaccount.com
2026-05-25 15:39:39.660 | DEBUG    | intake.drive_fetcher:_connect:59 - DriveFetcher: Google API session established.
2026-05-25 15:39:41.177 | DEBUG    | intake.drive_fetcher:_read_sheet_rows:80 - Read 8 rows from Google Sheets.
2026-05-25 15:39:41.177 | INFO     | intake.drive_fetcher:run:44 - DriveFetcher: 8 total form submissions found.
2026-05-25 15:39:41.333 | WARNING  | intake.drive_fetcher:_process_row:101 - No active job found for: ''
2026-05-25 15:39:42.424 | INFO     | intake.drive_fetcher:run:52 - DriveFetcher complete. New: 0, Skipped: 8, Errors: 0
2026-05-25 15:39:42.596 | INFO     | extraction:process_pending_candidates:67 - Text extraction: found 0 candidates with status RECEIVED.
2026-05-25 15:39:42.597 | INFO     | extraction:process_pending_candidates:109 - Text extraction complete. Processed: 0, Failed: 0, Skipped: 0
2026-05-25 15:39:42.754 | INFO     | scoring.pipeline:run_scoring_pipeline:17 - Scoring pipeline: 0 candidates with status PROCESSING.
2026-05-25 15:39:42.755 | INFO     | scoring.pipeline:run_scoring_pipeline:89 - Scoring complete. {'scored': 0, 'shortlisted': 0, 'not_selected': 0, 'failed': 0}
2026-05-25 15:39:42.921 | INFO     | scoring.mcq_scorer:process_mcq_responses:73 - Checking MCQ responses for job: Software Engineer
2026-05-25 15:39:43.495 | DEBUG    | intake.google_auth:get_google_credentials:26 - Google credentials loaded and token refreshed. Service account: recruitment-ai-service@recruitment-ai-494910.iam.gserviceaccount.com
2026-05-25 15:39:44.508 | DEBUG    | scoring.mcq_scorer:process_mcq_responses:149 - Already scored: Fatimah Adeel - skipping
2026-05-25 15:39:44.984 | DEBUG    | scoring.mcq_scorer:process_mcq_responses:149 - Already scored: test candidate 2 - skipping
2026-05-25 15:39:45.143 | DEBUG    | scoring.mcq_scorer:process_mcq_responses:149 - Already scored: Fatimah Adeel - skipping
2026-05-25 15:39:45.304 | DEBUG    | scoring.mcq_scorer:process_mcq_responses:149 - Already scored: Sulleman Mir - skipping
2026-05-25 15:39:45.304 | INFO     | scoring.mcq_scorer:process_mcq_responses:73 - Checking MCQ responses for job: Data Analyst
2026-05-25 15:39:45.910 | DEBUG    | intake.google_auth:get_google_credentials:26 - Google credentials loaded and token refreshed. Service account: recruitment-ai-service@recruitment-ai-494910.iam.gserviceaccount.com
2026-05-25 15:39:47.075 | DEBUG    | scoring.mcq_scorer:process_mcq_responses:149 - Already scored: Muhammad Ibrahim Mir - skipping
2026-05-25 15:39:47.231 | DEBUG    | scoring.mcq_scorer:process_mcq_responses:149 - Already scored: Muhammad Ibrahim Mir - skipping
2026-05-25 15:39:47.231 | INFO     | scoring.mcq_scorer:process_mcq_responses:184 - MCQ processing complete: {'processed': 0, 'skipped': 7, 'errors': 0}
2026-05-25 15:39:47.390 | INFO     | notifications:notify_shortlisted_candidates:165 - Notification check: 0 shortlisted candidates.
2026-05-25 15:39:48.342 | INFO     | notifications:notify_shortlisted_candidates:233 - Notifications done: {'sent': 0, 'skipped': 0, 'failed': 0}
2026-05-25 15:39:48.498 | INFO     | notifications:notify_rejected_candidates:344 - Rejection check: 1 rejected candidates.
2026-05-25 15:39:48.656 | INFO     | notifications:notify_rejected_candidates:369 - Rejection notifications done: {'sent': 0, 'skipped': 1, 'failed': 0}
2026-05-25 15:39:48.657 | INFO     | api:background_pipeline:48 - Poller: cycle complete.
INFO:     127.0.0.1:53414 - "GET /api/v1/stats HTTP/1.1" 200 OK
INFO:     127.0.0.1:53414 - "GET /api/v1/jobs HTTP/1.1" 200 OK
INFO:     127.0.0.1:53414 - "GET /api/v1/jobs/69f509c2bc3c3a0a6303fbc8/candidates HTTP/1.1" 200 OK
INFO:     127.0.0.1:53414 - "GET /api/v1/jobs/6a09c1ac706a290bda80c131/candidates HTTP/1.1" 200 OK
INFO:     127.0.0.1:53425 - "GET /api/v1/stats HTTP/1.1" 200 OK
INFO:     127.0.0.1:53425 - "GET /api/v1/jobs HTTP/1.1" 200 OK
INFO:     127.0.0.1:53425 - "GET /api/v1/jobs/69f509c2bc3c3a0a6303fbc8/candidates HTTP/1.1" 200 OK
INFO:     127.0.0.1:53425 - "GET /api/v1/jobs/6a09c1ac706a290bda80c131/candidates HTTP/1.1" 200 OK
INFO:     127.0.0.1:53442 - "GET /api/v1/stats HTTP/1.1" 200 OK
INFO:     127.0.0.1:53442 - "GET /api/v1/jobs HTTP/1.1" 200 OK
INFO:     127.0.0.1:53442 - "GET /api/v1/jobs/69f509c2bc3c3a0a6303fbc8/candidates HTTP/1.1" 200 OK
INFO:     127.0.0.1:53442 - "GET /api/v1/jobs/6a09c1ac706a290bda80c131/candidates HTTP/1.1" 200 OK
INFO:     127.0.0.1:53453 - "GET /api/v1/stats HTTP/1.1" 200 OK
INFO:     127.0.0.1:53453 - "GET /api/v1/jobs HTTP/1.1" 200 OK
INFO:     127.0.0.1:53453 - "GET /api/v1/jobs/69f509c2bc3c3a0a6303fbc8/candidates HTTP/1.1" 200 OK
INFO:     127.0.0.1:53453 - "GET /api/v1/jobs/6a09c1ac706a290bda80c131/candidates HTTP/1.1" 200 OK
INFO:     127.0.0.1:53462 - "GET /api/v1/stats HTTP/1.1" 200 OK
INFO:     127.0.0.1:53462 - "GET /api/v1/jobs HTTP/1.1" 200 OK
INFO:     127.0.0.1:53462 - "GET /api/v1/jobs/69f509c2bc3c3a0a6303fbc8/candidates HTTP/1.1" 200 OK
INFO:     127.0.0.1:53462 - "GET /api/v1/jobs/6a09c1ac706a290bda80c131/candidates HTTP/1.1" 200 OK
2026-05-25 15:44:48.662 | INFO     | api:background_pipeline:41 - Poller: checking for new CVs...
2026-05-25 15:44:49.322 | DEBUG    | intake.google_auth:get_google_credentials:26 - Google credentials loaded and token refreshed. Service account: recruitment-ai-service@recruitment-ai-494910.iam.gserviceaccount.com
2026-05-25 15:44:49.328 | DEBUG    | intake.drive_fetcher:_connect:59 - DriveFetcher: Google API session established.
2026-05-25 15:44:50.621 | DEBUG    | intake.drive_fetcher:_read_sheet_rows:80 - Read 8 rows from Google Sheets.
2026-05-25 15:44:50.621 | INFO     | intake.drive_fetcher:run:44 - DriveFetcher: 8 total form submissions found.
2026-05-25 15:44:50.779 | WARNING  | intake.drive_fetcher:_process_row:101 - No active job found for: ''
2026-05-25 15:44:51.886 | INFO     | intake.drive_fetcher:run:52 - DriveFetcher complete. New: 0, Skipped: 8, Errors: 0
2026-05-25 15:44:52.049 | INFO     | extraction:process_pending_candidates:67 - Text extraction: found 0 candidates with status RECEIVED.
2026-05-25 15:44:52.049 | INFO     | extraction:process_pending_candidates:109 - Text extraction complete. Processed: 0, Failed: 0, Skipped: 0
2026-05-25 15:44:52.206 | INFO     | scoring.pipeline:run_scoring_pipeline:17 - Scoring pipeline: 0 candidates with status PROCESSING.
2026-05-25 15:44:52.206 | INFO     | scoring.pipeline:run_scoring_pipeline:89 - Scoring complete. {'scored': 0, 'shortlisted': 0, 'not_selected': 0, 'failed': 0}
2026-05-25 15:44:52.363 | INFO     | scoring.mcq_scorer:process_mcq_responses:73 - Checking MCQ responses for job: Software Engineer
2026-05-25 15:44:52.908 | DEBUG    | intake.google_auth:get_google_credentials:26 - Google credentials loaded and token refreshed. Service account: recruitment-ai-service@recruitment-ai-494910.iam.gserviceaccount.com
2026-05-25 15:44:53.911 | DEBUG    | scoring.mcq_scorer:process_mcq_responses:149 - Already scored: Fatimah Adeel - skipping
2026-05-25 15:44:54.407 | DEBUG    | scoring.mcq_scorer:process_mcq_responses:149 - Already scored: test candidate 2 - skipping
2026-05-25 15:44:54.596 | DEBUG    | scoring.mcq_scorer:process_mcq_responses:149 - Already scored: Fatimah Adeel - skipping
2026-05-25 15:44:54.755 | DEBUG    | scoring.mcq_scorer:process_mcq_responses:149 - Already scored: Sulleman Mir - skipping
2026-05-25 15:44:54.755 | INFO     | scoring.mcq_scorer:process_mcq_responses:73 - Checking MCQ responses for job: Data Analyst
2026-05-25 15:44:55.307 | DEBUG    | intake.google_auth:get_google_credentials:26 - Google credentials loaded and token refreshed. Service account: recruitment-ai-service@recruitment-ai-494910.iam.gserviceaccount.com
2026-05-25 15:44:56.315 | DEBUG    | scoring.mcq_scorer:process_mcq_responses:149 - Already scored: Muhammad Ibrahim Mir - skipping
2026-05-25 15:44:56.474 | DEBUG    | scoring.mcq_scorer:process_mcq_responses:149 - Already scored: Muhammad Ibrahim Mir - skipping
2026-05-25 15:44:56.475 | INFO     | scoring.mcq_scorer:process_mcq_responses:184 - MCQ processing complete: {'processed': 0, 'skipped': 7, 'errors': 0}
2026-05-25 15:44:56.636 | INFO     | notifications:notify_shortlisted_candidates:165 - Notification check: 0 shortlisted candidates.
2026-05-25 15:44:57.592 | INFO     | notifications:notify_shortlisted_candidates:233 - Notifications done: {'sent': 0, 'skipped': 0, 'failed': 0}
2026-05-25 15:44:57.750 | INFO     | notifications:notify_rejected_candidates:344 - Rejection check: 1 rejected candidates.
2026-05-25 15:44:57.910 | INFO     | notifications:notify_rejected_candidates:369 - Rejection notifications done: {'sent': 0, 'skipped': 1, 'failed': 0}
2026-05-25 15:44:57.910 | INFO     | api:background_pipeline:48 - Poller: cycle complete.
INFO:     127.0.0.1:53478 - "GET /api/v1/stats HTTP/1.1" 200 OK
INFO:     127.0.0.1:53478 - "GET /api/v1/jobs HTTP/1.1" 200 OK
INFO:     127.0.0.1:53478 - "GET /api/v1/jobs/69f509c2bc3c3a0a6303fbc8/candidates HTTP/1.1" 200 OK
INFO:     127.0.0.1:53478 - "GET /api/v1/jobs/6a09c1ac706a290bda80c131/candidates HTTP/1.1" 200 OK
INFO:     127.0.0.1:53495 - "GET /api/v1/stats HTTP/1.1" 200 OK
INFO:     127.0.0.1:53495 - "GET /api/v1/jobs HTTP/1.1" 200 OK
INFO:     127.0.0.1:53495 - "GET /api/v1/jobs/69f509c2bc3c3a0a6303fbc8/candidates HTTP/1.1" 200 OK
INFO:     127.0.0.1:53495 - "GET /api/v1/jobs/6a09c1ac706a290bda80c131/candidates HTTP/1.1" 200 OK
INFO:     127.0.0.1:53505 - "GET /api/v1/stats HTTP/1.1" 200 OK
INFO:     127.0.0.1:53505 - "GET /api/v1/jobs HTTP/1.1" 200 OK
INFO:     127.0.0.1:53505 - "GET /api/v1/jobs/69f509c2bc3c3a0a6303fbc8/candidates HTTP/1.1" 200 OK
INFO:     127.0.0.1:53505 - "GET /api/v1/jobs/6a09c1ac706a290bda80c131/candidates HTTP/1.1" 200 OK
INFO:     127.0.0.1:53518 - "GET /api/v1/stats HTTP/1.1" 200 OK
INFO:     127.0.0.1:53518 - "GET /api/v1/jobs HTTP/1.1" 200 OK
INFO:     127.0.0.1:53518 - "GET /api/v1/jobs/69f509c2bc3c3a0a6303fbc8/candidates HTTP/1.1" 200 OK
INFO:     127.0.0.1:53518 - "GET /api/v1/jobs/6a09c1ac706a290bda80c131/candidates HTTP/1.1" 200 OK
INFO:     127.0.0.1:53527 - "GET /api/v1/stats HTTP/1.1" 200 OK
INFO:     127.0.0.1:53527 - "GET /api/v1/jobs HTTP/1.1" 200 OK
INFO:     127.0.0.1:53527 - "GET /api/v1/jobs/69f509c2bc3c3a0a6303fbc8/candidates HTTP/1.1" 200 OK
INFO:     127.0.0.1:53527 - "GET /api/v1/jobs/6a09c1ac706a290bda80c131/candidates HTTP/1.1" 200 OK
2026-05-25 15:49:57.912 | INFO     | api:background_pipeline:41 - Poller: checking for new CVs...
2026-05-25 15:49:58.492 | DEBUG    | intake.google_auth:get_google_credentials:26 - Google credentials loaded and token refreshed. Service account: recruitment-ai-service@recruitment-ai-494910.iam.gserviceaccount.com
2026-05-25 15:49:58.495 | DEBUG    | intake.drive_fetcher:_connect:59 - DriveFetcher: Google API session established.
2026-05-25 15:49:59.956 | DEBUG    | intake.drive_fetcher:_read_sheet_rows:80 - Read 8 rows from Google Sheets.
2026-05-25 15:49:59.956 | INFO     | intake.drive_fetcher:run:44 - DriveFetcher: 8 total form submissions found.
2026-05-25 15:50:00.113 | WARNING  | intake.drive_fetcher:_process_row:101 - No active job found for: ''
2026-05-25 15:50:01.215 | INFO     | intake.drive_fetcher:run:52 - DriveFetcher complete. New: 0, Skipped: 8, Errors: 0
2026-05-25 15:50:01.383 | INFO     | extraction:process_pending_candidates:67 - Text extraction: found 0 candidates with status RECEIVED.
2026-05-25 15:50:01.383 | INFO     | extraction:process_pending_candidates:109 - Text extraction complete. Processed: 0, Failed: 0, Skipped: 0
2026-05-25 15:50:01.541 | INFO     | scoring.pipeline:run_scoring_pipeline:17 - Scoring pipeline: 0 candidates with status PROCESSING.
2026-05-25 15:50:01.541 | INFO     | scoring.pipeline:run_scoring_pipeline:89 - Scoring complete. {'scored': 0, 'shortlisted': 0, 'not_selected': 0, 'failed': 0}
2026-05-25 15:50:01.698 | INFO     | scoring.mcq_scorer:process_mcq_responses:73 - Checking MCQ responses for job: Software Engineer
2026-05-25 15:50:02.279 | DEBUG    | intake.google_auth:get_google_credentials:26 - Google credentials loaded and token refreshed. Service account: recruitment-ai-service@recruitment-ai-494910.iam.gserviceaccount.com
2026-05-25 15:50:03.284 | DEBUG    | scoring.mcq_scorer:process_mcq_responses:149 - Already scored: Fatimah Adeel - skipping
2026-05-25 15:50:03.752 | DEBUG    | scoring.mcq_scorer:process_mcq_responses:149 - Already scored: test candidate 2 - skipping
2026-05-25 15:50:03.916 | DEBUG    | scoring.mcq_scorer:process_mcq_responses:149 - Already scored: Fatimah Adeel - skipping
2026-05-25 15:50:04.076 | DEBUG    | scoring.mcq_scorer:process_mcq_responses:149 - Already scored: Sulleman Mir - skipping
2026-05-25 15:50:04.076 | INFO     | scoring.mcq_scorer:process_mcq_responses:73 - Checking MCQ responses for job: Data Analyst
2026-05-25 15:50:04.678 | DEBUG    | intake.google_auth:get_google_credentials:26 - Google credentials loaded and token refreshed. Service account: recruitment-ai-service@recruitment-ai-494910.iam.gserviceaccount.com
2026-05-25 15:50:05.948 | DEBUG    | scoring.mcq_scorer:process_mcq_responses:149 - Already scored: Muhammad Ibrahim Mir - skipping
2026-05-25 15:50:06.105 | DEBUG    | scoring.mcq_scorer:process_mcq_responses:149 - Already scored: Muhammad Ibrahim Mir - skipping
2026-05-25 15:50:06.105 | INFO     | scoring.mcq_scorer:process_mcq_responses:184 - MCQ processing complete: {'processed': 0, 'skipped': 7, 'errors': 0}
2026-05-25 15:50:06.265 | INFO     | notifications:notify_shortlisted_candidates:165 - Notification check: 0 shortlisted candidates.
2026-05-25 15:50:07.235 | INFO     | notifications:notify_shortlisted_candidates:233 - Notifications done: {'sent': 0, 'skipped': 0, 'failed': 0}
2026-05-25 15:50:07.398 | INFO     | notifications:notify_rejected_candidates:344 - Rejection check: 1 rejected candidates.
2026-05-25 15:50:07.561 | INFO     | notifications:notify_rejected_candidates:369 - Rejection notifications done: {'sent': 0, 'skipped': 1, 'failed': 0}
2026-05-25 15:50:07.561 | INFO     | api:background_pipeline:48 - Poller: cycle complete.
INFO:     127.0.0.1:53542 - "GET /api/v1/stats HTTP/1.1" 200 OK
INFO:     127.0.0.1:53542 - "GET /api/v1/jobs HTTP/1.1" 200 OK
INFO:     127.0.0.1:53542 - "GET /api/v1/jobs/69f509c2bc3c3a0a6303fbc8/candidates HTTP/1.1" 200 OK
INFO:     127.0.0.1:53542 - "GET /api/v1/jobs/6a09c1ac706a290bda80c131/candidates HTTP/1.1" 200 OK
INFO:     127.0.0.1:53550 - "GET /api/v1/stats HTTP/1.1" 200 OK
INFO:     127.0.0.1:53550 - "GET /api/v1/jobs HTTP/1.1" 200 OK
INFO:     127.0.0.1:53550 - "GET /api/v1/jobs/69f509c2bc3c3a0a6303fbc8/candidates HTTP/1.1" 200 OK
INFO:     127.0.0.1:53550 - "GET /api/v1/jobs/6a09c1ac706a290bda80c131/candidates HTTP/1.1" 200 OK
INFO:     127.0.0.1:53559 - "GET /api/v1/stats HTTP/1.1" 200 OK
INFO:     127.0.0.1:53559 - "GET /api/v1/jobs HTTP/1.1" 200 OK
INFO:     127.0.0.1:53559 - "GET /api/v1/jobs/69f509c2bc3c3a0a6303fbc8/candidates HTTP/1.1" 200 OK
INFO:     127.0.0.1:53559 - "GET /api/v1/jobs/6a09c1ac706a290bda80c131/candidates HTTP/1.1" 200 OK
INFO:     127.0.0.1:53567 - "GET /api/v1/stats HTTP/1.1" 200 OK
INFO:     127.0.0.1:53567 - "GET /api/v1/jobs HTTP/1.1" 200 OK
INFO:     127.0.0.1:53567 - "GET /api/v1/jobs/69f509c2bc3c3a0a6303fbc8/candidates HTTP/1.1" 200 OK
INFO:     127.0.0.1:53567 - "GET /api/v1/jobs/6a09c1ac706a290bda80c131/candidates HTTP/1.1" 200 OK
INFO:     127.0.0.1:53574 - "GET /api/v1/stats HTTP/1.1" 200 OK
INFO:     127.0.0.1:53574 - "GET /api/v1/jobs HTTP/1.1" 200 OK
INFO:     127.0.0.1:53574 - "GET /api/v1/jobs/69f509c2bc3c3a0a6303fbc8/candidates HTTP/1.1" 200 OK
INFO:     127.0.0.1:53574 - "GET /api/v1/jobs/6a09c1ac706a290bda80c131/candidates HTTP/1.1" 200 OK
2026-05-25 15:55:07.564 | INFO     | api:background_pipeline:41 - Poller: checking for new CVs...
2026-05-25 15:55:08.232 | DEBUG    | intake.google_auth:get_google_credentials:26 - Google credentials loaded and token refreshed. Service account: recruitment-ai-service@recruitment-ai-494910.iam.gserviceaccount.com
2026-05-25 15:55:08.235 | DEBUG    | intake.drive_fetcher:_connect:59 - DriveFetcher: Google API session established.
2026-05-25 15:55:09.494 | DEBUG    | intake.drive_fetcher:_read_sheet_rows:80 - Read 8 rows from Google Sheets.
2026-05-25 15:55:09.495 | INFO     | intake.drive_fetcher:run:44 - DriveFetcher: 8 total form submissions found.
2026-05-25 15:55:09.654 | WARNING  | intake.drive_fetcher:_process_row:101 - No active job found for: ''
2026-05-25 15:55:10.786 | INFO     | intake.drive_fetcher:run:52 - DriveFetcher complete. New: 0, Skipped: 8, Errors: 0
2026-05-25 15:55:10.948 | INFO     | extraction:process_pending_candidates:67 - Text extraction: found 0 candidates with status RECEIVED.
2026-05-25 15:55:10.948 | INFO     | extraction:process_pending_candidates:109 - Text extraction complete. Processed: 0, Failed: 0, Skipped: 0
2026-05-25 15:55:11.104 | INFO     | scoring.pipeline:run_scoring_pipeline:17 - Scoring pipeline: 0 candidates with status PROCESSING.
2026-05-25 15:55:11.104 | INFO     | scoring.pipeline:run_scoring_pipeline:89 - Scoring complete. {'scored': 0, 'shortlisted': 0, 'not_selected': 0, 'failed': 0}
2026-05-25 15:55:11.260 | INFO     | scoring.mcq_scorer:process_mcq_responses:73 - Checking MCQ responses for job: Software Engineer
2026-05-25 15:55:11.798 | DEBUG    | intake.google_auth:get_google_credentials:26 - Google credentials loaded and token refreshed. Service account: recruitment-ai-service@recruitment-ai-494910.iam.gserviceaccount.com
2026-05-25 15:55:12.897 | DEBUG    | scoring.mcq_scorer:process_mcq_responses:149 - Already scored: Fatimah Adeel - skipping
2026-05-25 15:55:13.382 | DEBUG    | scoring.mcq_scorer:process_mcq_responses:149 - Already scored: test candidate 2 - skipping
2026-05-25 15:55:13.538 | DEBUG    | scoring.mcq_scorer:process_mcq_responses:149 - Already scored: Fatimah Adeel - skipping
2026-05-25 15:55:13.705 | DEBUG    | scoring.mcq_scorer:process_mcq_responses:149 - Already scored: Sulleman Mir - skipping
2026-05-25 15:55:13.705 | INFO     | scoring.mcq_scorer:process_mcq_responses:73 - Checking MCQ responses for job: Data Analyst
2026-05-25 15:55:14.294 | DEBUG    | intake.google_auth:get_google_credentials:26 - Google credentials loaded and token refreshed. Service account: recruitment-ai-service@recruitment-ai-494910.iam.gserviceaccount.com
2026-05-25 15:55:15.599 | DEBUG    | scoring.mcq_scorer:process_mcq_responses:149 - Already scored: Muhammad Ibrahim Mir - skipping
2026-05-25 15:55:15.770 | DEBUG    | scoring.mcq_scorer:process_mcq_responses:149 - Already scored: Muhammad Ibrahim Mir - skipping
2026-05-25 15:55:15.770 | INFO     | scoring.mcq_scorer:process_mcq_responses:184 - MCQ processing complete: {'processed': 0, 'skipped': 7, 'errors': 0}
2026-05-25 15:55:15.932 | INFO     | notifications:notify_shortlisted_candidates:165 - Notification check: 0 shortlisted candidates.
2026-05-25 15:55:16.993 | INFO     | notifications:notify_shortlisted_candidates:233 - Notifications done: {'sent': 0, 'skipped': 0, 'failed': 0}
2026-05-25 15:55:17.165 | INFO     | notifications:notify_rejected_candidates:344 - Rejection check: 1 rejected candidates.
2026-05-25 15:55:17.411 | INFO     | notifications:notify_rejected_candidates:369 - Rejection notifications done: {'sent': 0, 'skipped': 1, 'failed': 0}
2026-05-25 15:55:17.411 | INFO     | api:background_pipeline:48 - Poller: cycle complete.
INFO:     127.0.0.1:53591 - "GET /api/v1/stats HTTP/1.1" 200 OK
INFO:     127.0.0.1:53591 - "GET /api/v1/jobs HTTP/1.1" 200 OK
INFO:     127.0.0.1:53591 - "GET /api/v1/jobs/69f509c2bc3c3a0a6303fbc8/candidates HTTP/1.1" 200 OK
INFO:     127.0.0.1:53591 - "GET /api/v1/jobs/6a09c1ac706a290bda80c131/candidates HTTP/1.1" 200 OK
INFO:     127.0.0.1:53602 - "GET /api/v1/stats HTTP/1.1" 200 OK
INFO:     127.0.0.1:53602 - "GET /api/v1/jobs HTTP/1.1" 200 OK
INFO:     127.0.0.1:53602 - "GET /api/v1/jobs/69f509c2bc3c3a0a6303fbc8/candidates HTTP/1.1" 200 OK
INFO:     127.0.0.1:53602 - "GET /api/v1/jobs/6a09c1ac706a290bda80c131/candidates HTTP/1.1" 200 OK
INFO:     127.0.0.1:53613 - "GET /api/v1/stats HTTP/1.1" 200 OK
INFO:     127.0.0.1:53613 - "GET /api/v1/jobs HTTP/1.1" 200 OK
INFO:     127.0.0.1:53613 - "GET /api/v1/jobs/69f509c2bc3c3a0a6303fbc8/candidates HTTP/1.1" 200 OK
INFO:     127.0.0.1:53613 - "GET /api/v1/jobs/6a09c1ac706a290bda80c131/candidates HTTP/1.1" 200 OK
INFO:     127.0.0.1:53622 - "GET /api/v1/stats HTTP/1.1" 200 OK
INFO:     127.0.0.1:53622 - "GET /api/v1/jobs HTTP/1.1" 200 OK
INFO:     127.0.0.1:53622 - "GET /api/v1/jobs/69f509c2bc3c3a0a6303fbc8/candidates HTTP/1.1" 200 OK
INFO:     127.0.0.1:53622 - "GET /api/v1/jobs/6a09c1ac706a290bda80c131/candidates HTTP/1.1" 200 OK
INFO:     127.0.0.1:53633 - "GET /api/v1/stats HTTP/1.1" 200 OK
INFO:     127.0.0.1:53633 - "GET /api/v1/jobs HTTP/1.1" 200 OK
INFO:     127.0.0.1:53633 - "GET /api/v1/jobs/69f509c2bc3c3a0a6303fbc8/candidates HTTP/1.1" 200 OK
INFO:     127.0.0.1:53633 - "GET /api/v1/jobs/6a09c1ac706a290bda80c131/candidates HTTP/1.1" 200 OK
2026-05-25 16:00:17.412 | INFO     | api:background_pipeline:41 - Poller: checking for new CVs...
2026-05-25 16:00:18.029 | DEBUG    | intake.google_auth:get_google_credentials:26 - Google credentials loaded and token refreshed. Service account: recruitment-ai-service@recruitment-ai-494910.iam.gserviceaccount.com
2026-05-25 16:00:18.032 | DEBUG    | intake.drive_fetcher:_connect:59 - DriveFetcher: Google API session established.
2026-05-25 16:00:19.036 | DEBUG    | intake.drive_fetcher:_read_sheet_rows:80 - Read 8 rows from Google Sheets.
2026-05-25 16:00:19.036 | INFO     | intake.drive_fetcher:run:44 - DriveFetcher: 8 total form submissions found.
2026-05-25 16:00:19.194 | WARNING  | intake.drive_fetcher:_process_row:101 - No active job found for: ''
2026-05-25 16:00:20.293 | INFO     | intake.drive_fetcher:run:52 - DriveFetcher complete. New: 0, Skipped: 8, Errors: 0
2026-05-25 16:00:20.456 | INFO     | extraction:process_pending_candidates:67 - Text extraction: found 0 candidates with status RECEIVED.
2026-05-25 16:00:20.456 | INFO     | extraction:process_pending_candidates:109 - Text extraction complete. Processed: 0, Failed: 0, Skipped: 0
2026-05-25 16:00:20.613 | INFO     | scoring.pipeline:run_scoring_pipeline:17 - Scoring pipeline: 0 candidates with status PROCESSING.
2026-05-25 16:00:20.614 | INFO     | scoring.pipeline:run_scoring_pipeline:89 - Scoring complete. {'scored': 0, 'shortlisted': 0, 'not_selected': 0, 'failed': 0}
2026-05-25 16:00:20.778 | INFO     | scoring.mcq_scorer:process_mcq_responses:73 - Checking MCQ responses for job: Software Engineer
2026-05-25 16:00:21.465 | DEBUG    | intake.google_auth:get_google_credentials:26 - Google credentials loaded and token refreshed. Service account: recruitment-ai-service@recruitment-ai-494910.iam.gserviceaccount.com
2026-05-25 16:00:22.497 | DEBUG    | scoring.mcq_scorer:process_mcq_responses:149 - Already scored: Fatimah Adeel - skipping
2026-05-25 16:00:22.980 | DEBUG    | scoring.mcq_scorer:process_mcq_responses:149 - Already scored: test candidate 2 - skipping
2026-05-25 16:00:23.338 | DEBUG    | scoring.mcq_scorer:process_mcq_responses:149 - Already scored: Fatimah Adeel - skipping
2026-05-25 16:00:23.512 | DEBUG    | scoring.mcq_scorer:process_mcq_responses:149 - Already scored: Sulleman Mir - skipping
2026-05-25 16:00:23.512 | INFO     | scoring.mcq_scorer:process_mcq_responses:73 - Checking MCQ responses for job: Data Analyst
2026-05-25 16:00:24.070 | DEBUG    | intake.google_auth:get_google_credentials:26 - Google credentials loaded and token refreshed. Service account: recruitment-ai-service@recruitment-ai-494910.iam.gserviceaccount.com
2026-05-25 16:00:25.535 | DEBUG    | scoring.mcq_scorer:process_mcq_responses:149 - Already scored: Muhammad Ibrahim Mir - skipping
2026-05-25 16:00:25.695 | DEBUG    | scoring.mcq_scorer:process_mcq_responses:149 - Already scored: Muhammad Ibrahim Mir - skipping
2026-05-25 16:00:25.695 | INFO     | scoring.mcq_scorer:process_mcq_responses:184 - MCQ processing complete: {'processed': 0, 'skipped': 7, 'errors': 0}
2026-05-25 16:00:25.856 | INFO     | notifications:notify_shortlisted_candidates:165 - Notification check: 0 shortlisted candidates.
2026-05-25 16:00:27.355 | INFO     | notifications:notify_shortlisted_candidates:233 - Notifications done: {'sent': 0, 'skipped': 0, 'failed': 0}
2026-05-25 16:00:27.524 | INFO     | notifications:notify_rejected_candidates:344 - Rejection check: 1 rejected candidates.
2026-05-25 16:00:27.700 | INFO     | notifications:notify_rejected_candidates:369 - Rejection notifications done: {'sent': 0, 'skipped': 1, 'failed': 0}
2026-05-25 16:00:27.700 | INFO     | api:background_pipeline:48 - Poller: cycle complete.
INFO:     127.0.0.1:53653 - "GET /api/v1/stats HTTP/1.1" 200 OK
INFO:     127.0.0.1:53653 - "GET /api/v1/jobs HTTP/1.1" 200 OK
INFO:     127.0.0.1:53653 - "GET /api/v1/jobs/69f509c2bc3c3a0a6303fbc8/candidates HTTP/1.1" 200 OK
INFO:     127.0.0.1:53653 - "GET /api/v1/jobs/6a09c1ac706a290bda80c131/candidates HTTP/1.1" 200 OK
INFO:     127.0.0.1:53667 - "GET /api/v1/stats HTTP/1.1" 200 OK
INFO:     127.0.0.1:53667 - "GET /api/v1/jobs HTTP/1.1" 200 OK
INFO:     127.0.0.1:53667 - "GET /api/v1/jobs/69f509c2bc3c3a0a6303fbc8/candidates HTTP/1.1" 200 OK
INFO:     127.0.0.1:53667 - "GET /api/v1/jobs/6a09c1ac706a290bda80c131/candidates HTTP/1.1" 200 OK
INFO:     127.0.0.1:53674 - "GET /api/v1/stats HTTP/1.1" 200 OK
INFO:     127.0.0.1:53674 - "GET /api/v1/jobs HTTP/1.1" 200 OK
INFO:     127.0.0.1:53674 - "GET /api/v1/jobs/69f509c2bc3c3a0a6303fbc8/candidates HTTP/1.1" 200 OK
INFO:     127.0.0.1:53674 - "GET /api/v1/jobs/6a09c1ac706a290bda80c131/candidates HTTP/1.1" 200 OK
INFO:     127.0.0.1:53685 - "GET /api/v1/stats HTTP/1.1" 200 OK
INFO:     127.0.0.1:53685 - "GET /api/v1/jobs HTTP/1.1" 200 OK
INFO:     127.0.0.1:53685 - "GET /api/v1/jobs/69f509c2bc3c3a0a6303fbc8/candidates HTTP/1.1" 200 OK
INFO:     127.0.0.1:53685 - "GET /api/v1/jobs/6a09c1ac706a290bda80c131/candidates HTTP/1.1" 200 OK
2026-05-25 16:05:27.708 | INFO     | api:background_pipeline:41 - Poller: checking for new CVs...
2026-05-25 16:05:28.423 | DEBUG    | intake.google_auth:get_google_credentials:26 - Google credentials loaded and token refreshed. Service account: recruitment-ai-service@recruitment-ai-494910.iam.gserviceaccount.com
2026-05-25 16:05:28.426 | DEBUG    | intake.drive_fetcher:_connect:59 - DriveFetcher: Google API session established.
INFO:     127.0.0.1:53694 - "GET /api/v1/stats HTTP/1.1" 200 OK
2026-05-25 16:05:29.203 | DEBUG    | intake.drive_fetcher:_read_sheet_rows:80 - Read 8 rows from Google Sheets.
2026-05-25 16:05:29.203 | INFO     | intake.drive_fetcher:run:44 - DriveFetcher: 8 total form submissions found.
INFO:     127.0.0.1:53694 - "GET /api/v1/jobs HTTP/1.1" 200 OK
2026-05-25 16:05:29.386 | WARNING  | intake.drive_fetcher:_process_row:101 - No active job found for: ''
INFO:     127.0.0.1:53694 - "GET /api/v1/jobs/69f509c2bc3c3a0a6303fbc8/candidates HTTP/1.1" 200 OK
INFO:     127.0.0.1:53694 - "GET /api/v1/jobs/6a09c1ac706a290bda80c131/candidates HTTP/1.1" 200 OK
2026-05-25 16:05:30.485 | INFO     | intake.drive_fetcher:run:52 - DriveFetcher complete. New: 0, Skipped: 8, Errors: 0
2026-05-25 16:05:30.657 | INFO     | extraction:process_pending_candidates:67 - Text extraction: found 0 candidates with status RECEIVED.
2026-05-25 16:05:30.658 | INFO     | extraction:process_pending_candidates:109 - Text extraction complete. Processed: 0, Failed: 0, Skipped: 0
2026-05-25 16:05:30.817 | INFO     | scoring.pipeline:run_scoring_pipeline:17 - Scoring pipeline: 0 candidates with status PROCESSING.
2026-05-25 16:05:30.817 | INFO     | scoring.pipeline:run_scoring_pipeline:89 - Scoring complete. {'scored': 0, 'shortlisted': 0, 'not_selected': 0, 'failed': 0}
2026-05-25 16:05:30.983 | INFO     | scoring.mcq_scorer:process_mcq_responses:73 - Checking MCQ responses for job: Software Engineer
2026-05-25 16:05:31.597 | DEBUG    | intake.google_auth:get_google_credentials:26 - Google credentials loaded and token refreshed. Service account: recruitment-ai-service@recruitment-ai-494910.iam.gserviceaccount.com
2026-05-25 16:05:32.782 | DEBUG    | scoring.mcq_scorer:process_mcq_responses:149 - Already scored: Fatimah Adeel - skipping
2026-05-25 16:05:33.260 | DEBUG    | scoring.mcq_scorer:process_mcq_responses:149 - Already scored: test candidate 2 - skipping
2026-05-25 16:05:33.425 | DEBUG    | scoring.mcq_scorer:process_mcq_responses:149 - Already scored: Fatimah Adeel - skipping
2026-05-25 16:05:33.593 | DEBUG    | scoring.mcq_scorer:process_mcq_responses:149 - Already scored: Sulleman Mir - skipping
2026-05-25 16:05:33.593 | INFO     | scoring.mcq_scorer:process_mcq_responses:73 - Checking MCQ responses for job: Data Analyst
2026-05-25 16:05:34.267 | DEBUG    | intake.google_auth:get_google_credentials:26 - Google credentials loaded and token refreshed. Service account: recruitment-ai-service@recruitment-ai-494910.iam.gserviceaccount.com
2026-05-25 16:05:35.186 | DEBUG    | scoring.mcq_scorer:process_mcq_responses:149 - Already scored: Muhammad Ibrahim Mir - skipping
2026-05-25 16:05:35.341 | DEBUG    | scoring.mcq_scorer:process_mcq_responses:149 - Already scored: Muhammad Ibrahim Mir - skipping
2026-05-25 16:05:35.341 | INFO     | scoring.mcq_scorer:process_mcq_responses:184 - MCQ processing complete: {'processed': 0, 'skipped': 7, 'errors': 0}
2026-05-25 16:05:35.499 | INFO     | notifications:notify_shortlisted_candidates:165 - Notification check: 0 shortlisted candidates.
2026-05-25 16:05:36.437 | INFO     | notifications:notify_shortlisted_candidates:233 - Notifications done: {'sent': 0, 'skipped': 0, 'failed': 0}
2026-05-25 16:05:36.606 | INFO     | notifications:notify_rejected_candidates:344 - Rejection check: 1 rejected candidates.
2026-05-25 16:05:36.764 | INFO     | notifications:notify_rejected_candidates:369 - Rejection notifications done: {'sent': 0, 'skipped': 1, 'failed': 0}
2026-05-25 16:05:36.764 | INFO     | api:background_pipeline:48 - Poller: cycle complete.
INFO:     127.0.0.1:53711 - "GET /api/v1/stats HTTP/1.1" 200 OK
INFO:     127.0.0.1:53711 - "GET /api/v1/jobs HTTP/1.1" 200 OK
INFO:     127.0.0.1:53711 - "GET /api/v1/jobs/69f509c2bc3c3a0a6303fbc8/candidates HTTP/1.1" 200 OK
INFO:     127.0.0.1:53711 - "GET /api/v1/jobs/6a09c1ac706a290bda80c131/candidates HTTP/1.1" 200 OK
INFO:     127.0.0.1:53722 - "GET /api/v1/stats HTTP/1.1" 200 OK
INFO:     127.0.0.1:53722 - "GET /api/v1/jobs HTTP/1.1" 200 OK
INFO:     127.0.0.1:53722 - "GET /api/v1/jobs/69f509c2bc3c3a0a6303fbc8/candidates HTTP/1.1" 200 OK
INFO:     127.0.0.1:53722 - "GET /api/v1/jobs/6a09c1ac706a290bda80c131/candidates HTTP/1.1" 200 OK
INFO:     127.0.0.1:53732 - "GET /api/v1/stats HTTP/1.1" 200 OK
INFO:     127.0.0.1:53732 - "GET /api/v1/jobs HTTP/1.1" 200 OK
INFO:     127.0.0.1:53732 - "GET /api/v1/jobs/69f509c2bc3c3a0a6303fbc8/candidates HTTP/1.1" 200 OK
INFO:     127.0.0.1:53732 - "GET /api/v1/jobs/6a09c1ac706a290bda80c131/candidates HTTP/1.1" 200 OK
INFO:     127.0.0.1:53740 - "GET /api/v1/stats HTTP/1.1" 200 OK
INFO:     127.0.0.1:53740 - "GET /api/v1/jobs HTTP/1.1" 200 OK
INFO:     127.0.0.1:53740 - "GET /api/v1/jobs/69f509c2bc3c3a0a6303fbc8/candidates HTTP/1.1" 200 OK
INFO:     127.0.0.1:53740 - "GET /api/v1/jobs/6a09c1ac706a290bda80c131/candidates HTTP/1.1" 200 OK
2026-05-25 16:10:36.763 | INFO     | api:background_pipeline:41 - Poller: checking for new CVs...
2026-05-25 16:10:37.632 | DEBUG    | intake.google_auth:get_google_credentials:26 - Google credentials loaded and token refreshed. Service account: recruitment-ai-service@recruitment-ai-494910.iam.gserviceaccount.com
2026-05-25 16:10:37.635 | DEBUG    | intake.drive_fetcher:_connect:59 - DriveFetcher: Google API session established.
2026-05-25 16:10:39.082 | DEBUG    | intake.drive_fetcher:_read_sheet_rows:80 - Read 8 rows from Google Sheets.
2026-05-25 16:10:39.083 | INFO     | intake.drive_fetcher:run:44 - DriveFetcher: 8 total form submissions found.
2026-05-25 16:10:39.243 | WARNING  | intake.drive_fetcher:_process_row:101 - No active job found for: ''
2026-05-25 16:10:40.352 | INFO     | intake.drive_fetcher:run:52 - DriveFetcher complete. New: 0, Skipped: 8, Errors: 0
2026-05-25 16:10:40.512 | INFO     | extraction:process_pending_candidates:67 - Text extraction: found 0 candidates with status RECEIVED.
2026-05-25 16:10:40.512 | INFO     | extraction:process_pending_candidates:109 - Text extraction complete. Processed: 0, Failed: 0, Skipped: 0
2026-05-25 16:10:40.668 | INFO     | scoring.pipeline:run_scoring_pipeline:17 - Scoring pipeline: 0 candidates with status PROCESSING.
2026-05-25 16:10:40.669 | INFO     | scoring.pipeline:run_scoring_pipeline:89 - Scoring complete. {'scored': 0, 'shortlisted': 0, 'not_selected': 0, 'failed': 0}
2026-05-25 16:10:40.825 | INFO     | scoring.mcq_scorer:process_mcq_responses:73 - Checking MCQ responses for job: Software Engineer
2026-05-25 16:10:41.404 | DEBUG    | intake.google_auth:get_google_credentials:26 - Google credentials loaded and token refreshed. Service account: recruitment-ai-service@recruitment-ai-494910.iam.gserviceaccount.com
2026-05-25 16:10:42.401 | DEBUG    | scoring.mcq_scorer:process_mcq_responses:149 - Already scored: Fatimah Adeel - skipping
2026-05-25 16:10:42.872 | DEBUG    | scoring.mcq_scorer:process_mcq_responses:149 - Already scored: test candidate 2 - skipping
2026-05-25 16:10:43.030 | DEBUG    | scoring.mcq_scorer:process_mcq_responses:149 - Already scored: Fatimah Adeel - skipping
2026-05-25 16:10:43.192 | DEBUG    | scoring.mcq_scorer:process_mcq_responses:149 - Already scored: Sulleman Mir - skipping
2026-05-25 16:10:43.192 | INFO     | scoring.mcq_scorer:process_mcq_responses:73 - Checking MCQ responses for job: Data Analyst
2026-05-25 16:10:43.770 | DEBUG    | intake.google_auth:get_google_credentials:26 - Google credentials loaded and token refreshed. Service account: recruitment-ai-service@recruitment-ai-494910.iam.gserviceaccount.com
2026-05-25 16:10:44.821 | DEBUG    | scoring.mcq_scorer:process_mcq_responses:149 - Already scored: Muhammad Ibrahim Mir - skipping
2026-05-25 16:10:44.977 | DEBUG    | scoring.mcq_scorer:process_mcq_responses:149 - Already scored: Muhammad Ibrahim Mir - skipping
2026-05-25 16:10:44.978 | INFO     | scoring.mcq_scorer:process_mcq_responses:184 - MCQ processing complete: {'processed': 0, 'skipped': 7, 'errors': 0}
2026-05-25 16:10:45.145 | INFO     | notifications:notify_shortlisted_candidates:165 - Notification check: 0 shortlisted candidates.
INFO:     127.0.0.1:53758 - "GET /api/v1/stats HTTP/1.1" 200 OK
INFO:     127.0.0.1:53758 - "GET /api/v1/jobs HTTP/1.1" 200 OK
INFO:     127.0.0.1:53758 - "GET /api/v1/jobs/69f509c2bc3c3a0a6303fbc8/candidates HTTP/1.1" 200 OK
2026-05-25 16:10:46.092 | INFO     | notifications:notify_shortlisted_candidates:233 - Notifications done: {'sent': 0, 'skipped': 0, 'failed': 0}
2026-05-25 16:10:46.255 | INFO     | notifications:notify_rejected_candidates:344 - Rejection check: 1 rejected candidates.
INFO:     127.0.0.1:53758 - "GET /api/v1/jobs/6a09c1ac706a290bda80c131/candidates HTTP/1.1" 200 OK
2026-05-25 16:10:46.416 | INFO     | notifications:notify_rejected_candidates:369 - Rejection notifications done: {'sent': 0, 'skipped': 1, 'failed': 0}
2026-05-25 16:10:46.416 | INFO     | api:background_pipeline:48 - Poller: cycle complete.
INFO:     127.0.0.1:53776 - "GET /api/v1/stats HTTP/1.1" 200 OK
INFO:     127.0.0.1:53776 - "GET /api/v1/jobs HTTP/1.1" 200 OK
INFO:     127.0.0.1:53776 - "GET /api/v1/jobs/69f509c2bc3c3a0a6303fbc8/candidates HTTP/1.1" 200 OK
INFO:     127.0.0.1:53776 - "GET /api/v1/jobs/6a09c1ac706a290bda80c131/candidates HTTP/1.1" 200 OK
INFO:     127.0.0.1:53786 - "GET /api/v1/stats HTTP/1.1" 200 OK
INFO:     127.0.0.1:53786 - "GET /api/v1/jobs HTTP/1.1" 200 OK
INFO:     127.0.0.1:53786 - "GET /api/v1/jobs/69f509c2bc3c3a0a6303fbc8/candidates HTTP/1.1" 200 OK
INFO:     127.0.0.1:53786 - "GET /api/v1/jobs/6a09c1ac706a290bda80c131/candidates HTTP/1.1" 200 OK
INFO:     127.0.0.1:53793 - "GET /api/v1/stats HTTP/1.1" 200 OK
INFO:     127.0.0.1:53793 - "GET /api/v1/jobs HTTP/1.1" 200 OK
INFO:     127.0.0.1:53793 - "GET /api/v1/jobs/69f509c2bc3c3a0a6303fbc8/candidates HTTP/1.1" 200 OK
INFO:     127.0.0.1:53793 - "GET /api/v1/jobs/6a09c1ac706a290bda80c131/candidates HTTP/1.1" 200 OK
INFO:     127.0.0.1:53807 - "GET /api/v1/stats HTTP/1.1" 200 OK
INFO:     127.0.0.1:53807 - "GET /api/v1/jobs HTTP/1.1" 200 OK
INFO:     127.0.0.1:53807 - "GET /api/v1/jobs/69f509c2bc3c3a0a6303fbc8/candidates HTTP/1.1" 200 OK
INFO:     127.0.0.1:53807 - "GET /api/v1/jobs/6a09c1ac706a290bda80c131/candidates HTTP/1.1" 200 OK
2026-05-25 16:16:09.678 | INFO     | api:background_pipeline:41 - Poller: checking for new CVs...
2026-05-25 16:16:10.386 | DEBUG    | intake.google_auth:get_google_credentials:26 - Google credentials loaded and token refreshed. Service account: recruitment-ai-service@recruitment-ai-494910.iam.gserviceaccount.com
2026-05-25 16:16:10.389 | DEBUG    | intake.drive_fetcher:_connect:59 - DriveFetcher: Google API session established.
2026-05-25 16:16:11.849 | DEBUG    | intake.drive_fetcher:_read_sheet_rows:80 - Read 8 rows from Google Sheets.
2026-05-25 16:16:11.849 | INFO     | intake.drive_fetcher:run:44 - DriveFetcher: 8 total form submissions found.
2026-05-25 16:16:12.012 | WARNING  | intake.drive_fetcher:_process_row:101 - No active job found for: ''
2026-05-25 16:16:13.109 | INFO     | intake.drive_fetcher:run:52 - DriveFetcher complete. New: 0, Skipped: 8, Errors: 0
2026-05-25 16:16:13.271 | INFO     | extraction:process_pending_candidates:67 - Text extraction: found 0 candidates with status RECEIVED.
2026-05-25 16:16:13.271 | INFO     | extraction:process_pending_candidates:109 - Text extraction complete. Processed: 0, Failed: 0, Skipped: 0
2026-05-25 16:16:13.427 | INFO     | scoring.pipeline:run_scoring_pipeline:17 - Scoring pipeline: 0 candidates with status PROCESSING.
2026-05-25 16:16:13.428 | INFO     | scoring.pipeline:run_scoring_pipeline:89 - Scoring complete. {'scored': 0, 'shortlisted': 0, 'not_selected': 0, 'failed': 0}
2026-05-25 16:16:13.593 | INFO     | scoring.mcq_scorer:process_mcq_responses:73 - Checking MCQ responses for job: Software Engineer
2026-05-25 16:16:14.154 | DEBUG    | intake.google_auth:get_google_credentials:26 - Google credentials loaded and token refreshed. Service account: recruitment-ai-service@recruitment-ai-494910.iam.gserviceaccount.com
2026-05-25 16:16:15.238 | DEBUG    | scoring.mcq_scorer:process_mcq_responses:149 - Already scored: Fatimah Adeel - skipping
2026-05-25 16:16:15.711 | DEBUG    | scoring.mcq_scorer:process_mcq_responses:149 - Already scored: test candidate 2 - skipping
2026-05-25 16:16:15.871 | DEBUG    | scoring.mcq_scorer:process_mcq_responses:149 - Already scored: Fatimah Adeel - skipping
2026-05-25 16:16:16.085 | DEBUG    | scoring.mcq_scorer:process_mcq_responses:149 - Already scored: Sulleman Mir - skipping
2026-05-25 16:16:16.086 | INFO     | scoring.mcq_scorer:process_mcq_responses:73 - Checking MCQ responses for job: Data Analyst
2026-05-25 16:16:17.286 | DEBUG    | intake.google_auth:get_google_credentials:26 - Google credentials loaded and token refreshed. Service account: recruitment-ai-service@recruitment-ai-494910.iam.gserviceaccount.com
2026-05-25 16:16:18.363 | DEBUG    | scoring.mcq_scorer:process_mcq_responses:149 - Already scored: Muhammad Ibrahim Mir - skipping
2026-05-25 16:16:18.520 | DEBUG    | scoring.mcq_scorer:process_mcq_responses:149 - Already scored: Muhammad Ibrahim Mir - skipping
2026-05-25 16:16:18.520 | INFO     | scoring.mcq_scorer:process_mcq_responses:184 - MCQ processing complete: {'processed': 0, 'skipped': 7, 'errors': 0}
2026-05-25 16:16:18.692 | INFO     | notifications:notify_shortlisted_candidates:165 - Notification check: 0 shortlisted candidates.
2026-05-25 16:16:19.646 | INFO     | notifications:notify_shortlisted_candidates:233 - Notifications done: {'sent': 0, 'skipped': 0, 'failed': 0}
2026-05-25 16:16:19.808 | INFO     | notifications:notify_rejected_candidates:344 - Rejection check: 1 rejected candidates.
2026-05-25 16:16:19.976 | INFO     | notifications:notify_rejected_candidates:369 - Rejection notifications done: {'sent': 0, 'skipped': 1, 'failed': 0}
2026-05-25 16:16:19.977 | INFO     | api:background_pipeline:48 - Poller: cycle complete.
INFO:     127.0.0.1:53849 - "GET /api/v1/stats HTTP/1.1" 200 OK
INFO:     127.0.0.1:53849 - "GET /api/v1/jobs HTTP/1.1" 200 OK
INFO:     127.0.0.1:53849 - "GET /api/v1/jobs/69f509c2bc3c3a0a6303fbc8/candidates HTTP/1.1" 200 OK
INFO:     127.0.0.1:53849 - "GET /api/v1/jobs/6a09c1ac706a290bda80c131/candidates HTTP/1.1" 200 OK
INFO:     127.0.0.1:53883 - "GET /api/v1/stats HTTP/1.1" 200 OK
INFO:     127.0.0.1:53883 - "GET /api/v1/jobs HTTP/1.1" 200 OK
INFO:     127.0.0.1:53883 - "GET /api/v1/jobs/69f509c2bc3c3a0a6303fbc8/candidates HTTP/1.1" 200 OK
INFO:     127.0.0.1:53883 - "GET /api/v1/jobs/6a09c1ac706a290bda80c131/candidates HTTP/1.1" 200 OK
INFO:     127.0.0.1:53894 - "GET /api/v1/stats HTTP/1.1" 200 OK
INFO:     127.0.0.1:53894 - "GET /api/v1/jobs HTTP/1.1" 200 OK
INFO:     127.0.0.1:53894 - "GET /api/v1/jobs/69f509c2bc3c3a0a6303fbc8/candidates HTTP/1.1" 200 OK
INFO:     127.0.0.1:53894 - "GET /api/v1/jobs/6a09c1ac706a290bda80c131/candidates HTTP/1.1" 200 OK
INFO:     127.0.0.1:53903 - "GET /api/v1/stats HTTP/1.1" 200 OK
INFO:     127.0.0.1:53903 - "GET /api/v1/jobs HTTP/1.1" 200 OK
INFO:     127.0.0.1:53903 - "GET /api/v1/jobs/69f509c2bc3c3a0a6303fbc8/candidates HTTP/1.1" 200 OK
INFO:     127.0.0.1:53903 - "GET /api/v1/jobs/6a09c1ac706a290bda80c131/candidates HTTP/1.1" 200 OK
INFO:     127.0.0.1:53909 - "GET /api/v1/stats HTTP/1.1" 200 OK
INFO:     127.0.0.1:53909 - "GET /api/v1/jobs HTTP/1.1" 200 OK
INFO:     127.0.0.1:53909 - "GET /api/v1/jobs/69f509c2bc3c3a0a6303fbc8/candidates HTTP/1.1" 200 OK
INFO:     127.0.0.1:53909 - "GET /api/v1/jobs/6a09c1ac706a290bda80c131/candidates HTTP/1.1" 200 OK
2026-05-25 16:24:07.694 | INFO     | api:background_pipeline:41 - Poller: checking for new CVs...
2026-05-25 16:24:08.309 | DEBUG    | intake.google_auth:get_google_credentials:26 - Google credentials loaded and token refreshed. Service account: recruitment-ai-service@recruitment-ai-494910.iam.gserviceaccount.com
2026-05-25 16:24:08.311 | DEBUG    | intake.drive_fetcher:_connect:59 - DriveFetcher: Google API session established.
2026-05-25 16:24:09.908 | DEBUG    | intake.drive_fetcher:_read_sheet_rows:80 - Read 8 rows from Google Sheets.
2026-05-25 16:24:09.908 | INFO     | intake.drive_fetcher:run:44 - DriveFetcher: 8 total form submissions found.
2026-05-25 16:24:10.063 | WARNING  | intake.drive_fetcher:_process_row:101 - No active job found for: ''
2026-05-25 16:24:11.161 | INFO     | intake.drive_fetcher:run:52 - DriveFetcher complete. New: 0, Skipped: 8, Errors: 0
2026-05-25 16:24:11.320 | INFO     | extraction:process_pending_candidates:67 - Text extraction: found 0 candidates with status RECEIVED.
2026-05-25 16:24:11.320 | INFO     | extraction:process_pending_candidates:109 - Text extraction complete. Processed: 0, Failed: 0, Skipped: 0
2026-05-25 16:24:11.475 | INFO     | scoring.pipeline:run_scoring_pipeline:17 - Scoring pipeline: 0 candidates with status PROCESSING.
2026-05-25 16:24:11.475 | INFO     | scoring.pipeline:run_scoring_pipeline:89 - Scoring complete. {'scored': 0, 'shortlisted': 0, 'not_selected': 0, 'failed': 0}
2026-05-25 16:24:11.635 | INFO     | scoring.mcq_scorer:process_mcq_responses:73 - Checking MCQ responses for job: Software Engineer
2026-05-25 16:24:12.169 | DEBUG    | intake.google_auth:get_google_credentials:26 - Google credentials loaded and token refreshed. Service account: recruitment-ai-service@recruitment-ai-494910.iam.gserviceaccount.com
2026-05-25 16:24:13.224 | DEBUG    | scoring.mcq_scorer:process_mcq_responses:149 - Already scored: Fatimah Adeel - skipping
2026-05-25 16:24:13.724 | DEBUG    | scoring.mcq_scorer:process_mcq_responses:149 - Already scored: test candidate 2 - skipping
2026-05-25 16:24:13.895 | DEBUG    | scoring.mcq_scorer:process_mcq_responses:149 - Already scored: Fatimah Adeel - skipping
2026-05-25 16:24:14.054 | DEBUG    | scoring.mcq_scorer:process_mcq_responses:149 - Already scored: Sulleman Mir - skipping
2026-05-25 16:24:14.054 | INFO     | scoring.mcq_scorer:process_mcq_responses:73 - Checking MCQ responses for job: Data Analyst
2026-05-25 16:24:14.618 | DEBUG    | intake.google_auth:get_google_credentials:26 - Google credentials loaded and token refreshed. Service account: recruitment-ai-service@recruitment-ai-494910.iam.gserviceaccount.com
2026-05-25 16:24:15.714 | DEBUG    | scoring.mcq_scorer:process_mcq_responses:149 - Already scored: Muhammad Ibrahim Mir - skipping
2026-05-25 16:24:15.869 | DEBUG    | scoring.mcq_scorer:process_mcq_responses:149 - Already scored: Muhammad Ibrahim Mir - skipping
2026-05-25 16:24:15.869 | INFO     | scoring.mcq_scorer:process_mcq_responses:184 - MCQ processing complete: {'processed': 0, 'skipped': 7, 'errors': 0}
2026-05-25 16:24:16.029 | INFO     | notifications:notify_shortlisted_candidates:165 - Notification check: 0 shortlisted candidates.
2026-05-25 16:24:16.995 | INFO     | notifications:notify_shortlisted_candidates:233 - Notifications done: {'sent': 0, 'skipped': 0, 'failed': 0}
2026-05-25 16:24:17.152 | INFO     | notifications:notify_rejected_candidates:344 - Rejection check: 1 rejected candidates.
2026-05-25 16:24:17.316 | INFO     | notifications:notify_rejected_candidates:369 - Rejection notifications done: {'sent': 0, 'skipped': 1, 'failed': 0}
2026-05-25 16:24:17.317 | INFO     | api:background_pipeline:48 - Poller: cycle complete.
INFO:     127.0.0.1:53922 - "GET /api/v1/stats HTTP/1.1" 200 OK
INFO:     127.0.0.1:53922 - "GET /api/v1/jobs HTTP/1.1" 200 OK
INFO:     127.0.0.1:53922 - "GET /api/v1/jobs/69f509c2bc3c3a0a6303fbc8/candidates HTTP/1.1" 200 OK
INFO:     127.0.0.1:53922 - "GET /api/v1/jobs/6a09c1ac706a290bda80c131/candidates HTTP/1.1" 200 OK
INFO:     127.0.0.1:53929 - "GET /api/v1/stats HTTP/1.1" 200 OK
INFO:     127.0.0.1:53929 - "GET /api/v1/jobs HTTP/1.1" 200 OK
INFO:     127.0.0.1:53929 - "GET /api/v1/jobs/69f509c2bc3c3a0a6303fbc8/candidates HTTP/1.1" 200 OK
INFO:     127.0.0.1:53929 - "GET /api/v1/jobs/6a09c1ac706a290bda80c131/candidates HTTP/1.1" 200 OK
INFO:     127.0.0.1:53939 - "GET /api/v1/stats HTTP/1.1" 200 OK
INFO:     127.0.0.1:53939 - "GET /api/v1/jobs HTTP/1.1" 200 OK
INFO:     127.0.0.1:53939 - "GET /api/v1/jobs/69f509c2bc3c3a0a6303fbc8/candidates HTTP/1.1" 200 OK
INFO:     127.0.0.1:53939 - "GET /api/v1/jobs/6a09c1ac706a290bda80c131/candidates HTTP/1.1" 200 OK
INFO:     127.0.0.1:53948 - "GET /api/v1/stats HTTP/1.1" 200 OK
INFO:     127.0.0.1:53948 - "GET /api/v1/jobs HTTP/1.1" 200 OK
INFO:     127.0.0.1:53948 - "GET /api/v1/jobs/69f509c2bc3c3a0a6303fbc8/candidates HTTP/1.1" 200 OK
INFO:     127.0.0.1:53948 - "GET /api/v1/jobs/6a09c1ac706a290bda80c131/candidates HTTP/1.1" 200 OK
INFO:     127.0.0.1:53960 - "GET /api/v1/stats HTTP/1.1" 200 OK
INFO:     127.0.0.1:53960 - "GET /api/v1/jobs HTTP/1.1" 200 OK
INFO:     127.0.0.1:53960 - "GET /api/v1/jobs/69f509c2bc3c3a0a6303fbc8/candidates HTTP/1.1" 200 OK
INFO:     127.0.0.1:53960 - "GET /api/v1/jobs/6a09c1ac706a290bda80c131/candidates HTTP/1.1" 200 OK
2026-05-25 16:29:17.321 | INFO     | api:background_pipeline:41 - Poller: checking for new CVs...
2026-05-25 16:29:18.228 | DEBUG    | intake.google_auth:get_google_credentials:26 - Google credentials loaded and token refreshed. Service account: recruitment-ai-service@recruitment-ai-494910.iam.gserviceaccount.com
2026-05-25 16:29:18.230 | DEBUG    | intake.drive_fetcher:_connect:59 - DriveFetcher: Google API session established.
2026-05-25 16:29:18.971 | DEBUG    | intake.drive_fetcher:_read_sheet_rows:80 - Read 8 rows from Google Sheets.
2026-05-25 16:29:18.971 | INFO     | intake.drive_fetcher:run:44 - DriveFetcher: 8 total form submissions found.
2026-05-25 16:29:19.126 | WARNING  | intake.drive_fetcher:_process_row:101 - No active job found for: ''
2026-05-25 16:29:20.342 | INFO     | intake.drive_fetcher:run:52 - DriveFetcher complete. New: 0, Skipped: 8, Errors: 0
2026-05-25 16:29:20.503 | INFO     | extraction:process_pending_candidates:67 - Text extraction: found 0 candidates with status RECEIVED.
2026-05-25 16:29:20.503 | INFO     | extraction:process_pending_candidates:109 - Text extraction complete. Processed: 0, Failed: 0, Skipped: 0
2026-05-25 16:29:20.664 | INFO     | scoring.pipeline:run_scoring_pipeline:17 - Scoring pipeline: 0 candidates with status PROCESSING.
2026-05-25 16:29:20.665 | INFO     | scoring.pipeline:run_scoring_pipeline:89 - Scoring complete. {'scored': 0, 'shortlisted': 0, 'not_selected': 0, 'failed': 0}
2026-05-25 16:29:20.819 | INFO     | scoring.mcq_scorer:process_mcq_responses:73 - Checking MCQ responses for job: Software Engineer
2026-05-25 16:29:21.435 | DEBUG    | intake.google_auth:get_google_credentials:26 - Google credentials loaded and token refreshed. Service account: recruitment-ai-service@recruitment-ai-494910.iam.gserviceaccount.com
2026-05-25 16:29:22.536 | DEBUG    | scoring.mcq_scorer:process_mcq_responses:149 - Already scored: Fatimah Adeel - skipping
2026-05-25 16:29:23.089 | DEBUG    | scoring.mcq_scorer:process_mcq_responses:149 - Already scored: test candidate 2 - skipping
2026-05-25 16:29:23.256 | DEBUG    | scoring.mcq_scorer:process_mcq_responses:149 - Already scored: Fatimah Adeel - skipping
2026-05-25 16:29:23.421 | DEBUG    | scoring.mcq_scorer:process_mcq_responses:149 - Already scored: Sulleman Mir - skipping
2026-05-25 16:29:23.421 | INFO     | scoring.mcq_scorer:process_mcq_responses:73 - Checking MCQ responses for job: Data Analyst
2026-05-25 16:29:24.013 | DEBUG    | intake.google_auth:get_google_credentials:26 - Google credentials loaded and token refreshed. Service account: recruitment-ai-service@recruitment-ai-494910.iam.gserviceaccount.com
2026-05-25 16:29:25.005 | DEBUG    | scoring.mcq_scorer:process_mcq_responses:149 - Already scored: Muhammad Ibrahim Mir - skipping
2026-05-25 16:29:25.165 | DEBUG    | scoring.mcq_scorer:process_mcq_responses:149 - Already scored: Muhammad Ibrahim Mir - skipping
2026-05-25 16:29:25.166 | INFO     | scoring.mcq_scorer:process_mcq_responses:184 - MCQ processing complete: {'processed': 0, 'skipped': 7, 'errors': 0}
2026-05-25 16:29:25.324 | INFO     | notifications:notify_shortlisted_candidates:165 - Notification check: 0 shortlisted candidates.
2026-05-25 16:29:26.333 | INFO     | notifications:notify_shortlisted_candidates:233 - Notifications done: {'sent': 0, 'skipped': 0, 'failed': 0}
2026-05-25 16:29:26.495 | INFO     | notifications:notify_rejected_candidates:344 - Rejection check: 1 rejected candidates.
2026-05-25 16:29:26.655 | INFO     | notifications:notify_rejected_candidates:369 - Rejection notifications done: {'sent': 0, 'skipped': 1, 'failed': 0}
2026-05-25 16:29:26.659 | INFO     | api:background_pipeline:48 - Poller: cycle complete.
INFO:     127.0.0.1:53975 - "GET /api/v1/stats HTTP/1.1" 200 OK
INFO:     127.0.0.1:53975 - "GET /api/v1/jobs HTTP/1.1" 200 OK
INFO:     127.0.0.1:53975 - "GET /api/v1/jobs/69f509c2bc3c3a0a6303fbc8/candidates HTTP/1.1" 200 OK
INFO:     127.0.0.1:53975 - "GET /api/v1/jobs/6a09c1ac706a290bda80c131/candidates HTTP/1.1" 200 OK
INFO:     127.0.0.1:53984 - "GET /api/v1/stats HTTP/1.1" 200 OK
INFO:     127.0.0.1:53984 - "GET /api/v1/jobs HTTP/1.1" 200 OK
INFO:     127.0.0.1:53984 - "GET /api/v1/jobs/69f509c2bc3c3a0a6303fbc8/candidates HTTP/1.1" 200 OK
INFO:     127.0.0.1:53984 - "GET /api/v1/jobs/6a09c1ac706a290bda80c131/candidates HTTP/1.1" 200 OK
INFO:     127.0.0.1:53993 - "GET /api/v1/stats HTTP/1.1" 200 OK
INFO:     127.0.0.1:53993 - "GET /api/v1/jobs HTTP/1.1" 200 OK
INFO:     127.0.0.1:53993 - "GET /api/v1/jobs/69f509c2bc3c3a0a6303fbc8/candidates HTTP/1.1" 200 OK
INFO:     127.0.0.1:53993 - "GET /api/v1/jobs/6a09c1ac706a290bda80c131/candidates HTTP/1.1" 200 OK
INFO:     127.0.0.1:53999 - "GET /api/v1/stats HTTP/1.1" 200 OK
INFO:     127.0.0.1:53999 - "GET /api/v1/jobs HTTP/1.1" 200 OK
INFO:     127.0.0.1:53999 - "GET /api/v1/jobs/69f509c2bc3c3a0a6303fbc8/candidates HTTP/1.1" 200 OK
INFO:     127.0.0.1:53999 - "GET /api/v1/jobs/6a09c1ac706a290bda80c131/candidates HTTP/1.1" 200 OK
INFO:     127.0.0.1:54011 - "GET /api/v1/stats HTTP/1.1" 200 OK
INFO:     127.0.0.1:54011 - "GET /api/v1/jobs HTTP/1.1" 200 OK
INFO:     127.0.0.1:54011 - "GET /api/v1/jobs/69f509c2bc3c3a0a6303fbc8/candidates HTTP/1.1" 200 OK
INFO:     127.0.0.1:54011 - "GET /api/v1/jobs/6a09c1ac706a290bda80c131/candidates HTTP/1.1" 200 OK
2026-05-25 16:34:26.663 | INFO     | api:background_pipeline:41 - Poller: checking for new CVs...
2026-05-25 16:34:27.222 | DEBUG    | intake.google_auth:get_google_credentials:26 - Google credentials loaded and token refreshed. Service account: recruitment-ai-service@recruitment-ai-494910.iam.gserviceaccount.com
2026-05-25 16:34:27.225 | DEBUG    | intake.drive_fetcher:_connect:59 - DriveFetcher: Google API session established.
2026-05-25 16:34:28.488 | DEBUG    | intake.drive_fetcher:_read_sheet_rows:80 - Read 8 rows from Google Sheets.
2026-05-25 16:34:28.489 | INFO     | intake.drive_fetcher:run:44 - DriveFetcher: 8 total form submissions found.
2026-05-25 16:34:28.661 | WARNING  | intake.drive_fetcher:_process_row:101 - No active job found for: ''
2026-05-25 16:34:29.743 | INFO     | intake.drive_fetcher:run:52 - DriveFetcher complete. New: 0, Skipped: 8, Errors: 0
2026-05-25 16:34:29.900 | INFO     | extraction:process_pending_candidates:67 - Text extraction: found 0 candidates with status RECEIVED.
2026-05-25 16:34:29.901 | INFO     | extraction:process_pending_candidates:109 - Text extraction complete. Processed: 0, Failed: 0, Skipped: 0
2026-05-25 16:34:30.056 | INFO     | scoring.pipeline:run_scoring_pipeline:17 - Scoring pipeline: 0 candidates with status PROCESSING.
2026-05-25 16:34:30.057 | INFO     | scoring.pipeline:run_scoring_pipeline:89 - Scoring complete. {'scored': 0, 'shortlisted': 0, 'not_selected': 0, 'failed': 0}
2026-05-25 16:34:30.215 | INFO     | scoring.mcq_scorer:process_mcq_responses:73 - Checking MCQ responses for job: Software Engineer
2026-05-25 16:34:30.786 | DEBUG    | intake.google_auth:get_google_credentials:26 - Google credentials loaded and token refreshed. Service account: recruitment-ai-service@recruitment-ai-494910.iam.gserviceaccount.com
2026-05-25 16:34:31.941 | DEBUG    | scoring.mcq_scorer:process_mcq_responses:149 - Already scored: Fatimah Adeel - skipping
2026-05-25 16:34:32.518 | DEBUG    | scoring.mcq_scorer:process_mcq_responses:149 - Already scored: test candidate 2 - skipping
2026-05-25 16:34:32.712 | DEBUG    | scoring.mcq_scorer:process_mcq_responses:149 - Already scored: Fatimah Adeel - skipping
2026-05-25 16:34:33.012 | DEBUG    | scoring.mcq_scorer:process_mcq_responses:149 - Already scored: Sulleman Mir - skipping
2026-05-25 16:34:33.012 | INFO     | scoring.mcq_scorer:process_mcq_responses:73 - Checking MCQ responses for job: Data Analyst
2026-05-25 16:34:33.926 | DEBUG    | intake.google_auth:get_google_credentials:26 - Google credentials loaded and token refreshed. Service account: recruitment-ai-service@recruitment-ai-494910.iam.gserviceaccount.com
2026-05-25 16:34:40.482 | DEBUG    | scoring.mcq_scorer:process_mcq_responses:149 - Already scored: Muhammad Ibrahim Mir - skipping
2026-05-25 16:34:40.645 | DEBUG    | scoring.mcq_scorer:process_mcq_responses:149 - Already scored: Muhammad Ibrahim Mir - skipping
2026-05-25 16:34:40.647 | INFO     | scoring.mcq_scorer:process_mcq_responses:184 - MCQ processing complete: {'processed': 0, 'skipped': 7, 'errors': 0}
2026-05-25 16:34:40.805 | INFO     | notifications:notify_shortlisted_candidates:165 - Notification check: 0 shortlisted candidates.
2026-05-25 16:34:41.748 | INFO     | notifications:notify_shortlisted_candidates:233 - Notifications done: {'sent': 0, 'skipped': 0, 'failed': 0}
2026-05-25 16:34:41.919 | INFO     | notifications:notify_rejected_candidates:344 - Rejection check: 1 rejected candidates.
2026-05-25 16:34:42.077 | INFO     | notifications:notify_rejected_candidates:369 - Rejection notifications done: {'sent': 0, 'skipped': 1, 'failed': 0}
2026-05-25 16:34:42.077 | INFO     | api:background_pipeline:48 - Poller: cycle complete.
INFO:     127.0.0.1:54025 - "GET /api/v1/stats HTTP/1.1" 200 OK
INFO:     127.0.0.1:54025 - "GET /api/v1/jobs HTTP/1.1" 200 OK
INFO:     127.0.0.1:54025 - "GET /api/v1/jobs/69f509c2bc3c3a0a6303fbc8/candidates HTTP/1.1" 200 OK
INFO:     127.0.0.1:54025 - "GET /api/v1/jobs/6a09c1ac706a290bda80c131/candidates HTTP/1.1" 200 OK
INFO:     127.0.0.1:54035 - "GET /api/v1/stats HTTP/1.1" 200 OK
INFO:     127.0.0.1:54035 - "GET /api/v1/jobs HTTP/1.1" 200 OK
INFO:     127.0.0.1:54035 - "GET /api/v1/jobs/69f509c2bc3c3a0a6303fbc8/candidates HTTP/1.1" 200 OK
INFO:     127.0.0.1:54035 - "GET /api/v1/jobs/6a09c1ac706a290bda80c131/candidates HTTP/1.1" 200 OK
INFO:     127.0.0.1:54044 - "GET /api/v1/stats HTTP/1.1" 200 OK
INFO:     127.0.0.1:54044 - "GET /api/v1/jobs HTTP/1.1" 200 OK
INFO:     127.0.0.1:54044 - "GET /api/v1/jobs/69f509c2bc3c3a0a6303fbc8/candidates HTTP/1.1" 200 OK
INFO:     127.0.0.1:54044 - "GET /api/v1/jobs/6a09c1ac706a290bda80c131/candidates HTTP/1.1" 200 OK
INFO:     127.0.0.1:54057 - "GET /api/v1/stats HTTP/1.1" 200 OK
INFO:     127.0.0.1:54057 - "GET /api/v1/jobs HTTP/1.1" 200 OK
INFO:     127.0.0.1:54057 - "GET /api/v1/jobs/69f509c2bc3c3a0a6303fbc8/candidates HTTP/1.1" 200 OK
INFO:     127.0.0.1:54057 - "GET /api/v1/jobs/6a09c1ac706a290bda80c131/candidates HTTP/1.1" 200 OK
INFO:     127.0.0.1:54065 - "GET /api/v1/stats HTTP/1.1" 200 OK
INFO:     127.0.0.1:54065 - "GET /api/v1/jobs HTTP/1.1" 200 OK
INFO:     127.0.0.1:54065 - "GET /api/v1/jobs/69f509c2bc3c3a0a6303fbc8/candidates HTTP/1.1" 200 OK
INFO:     127.0.0.1:54065 - "GET /api/v1/jobs/6a09c1ac706a290bda80c131/candidates HTTP/1.1" 200 OK
2026-05-25 16:39:42.080 | INFO     | api:background_pipeline:41 - Poller: checking for new CVs...
2026-05-25 16:39:42.725 | DEBUG    | intake.google_auth:get_google_credentials:26 - Google credentials loaded and token refreshed. Service account: recruitment-ai-service@recruitment-ai-494910.iam.gserviceaccount.com
2026-05-25 16:39:42.728 | DEBUG    | intake.drive_fetcher:_connect:59 - DriveFetcher: Google API session established.
2026-05-25 16:39:44.069 | DEBUG    | intake.drive_fetcher:_read_sheet_rows:80 - Read 8 rows from Google Sheets.
2026-05-25 16:39:44.069 | INFO     | intake.drive_fetcher:run:44 - DriveFetcher: 8 total form submissions found.
2026-05-25 16:39:44.234 | WARNING  | intake.drive_fetcher:_process_row:101 - No active job found for: ''
2026-05-25 16:39:45.331 | INFO     | intake.drive_fetcher:run:52 - DriveFetcher complete. New: 0, Skipped: 8, Errors: 0
2026-05-25 16:39:45.514 | INFO     | extraction:process_pending_candidates:67 - Text extraction: found 0 candidates with status RECEIVED.
2026-05-25 16:39:45.515 | INFO     | extraction:process_pending_candidates:109 - Text extraction complete. Processed: 0, Failed: 0, Skipped: 0
2026-05-25 16:39:45.672 | INFO     | scoring.pipeline:run_scoring_pipeline:17 - Scoring pipeline: 0 candidates with status PROCESSING.
2026-05-25 16:39:45.673 | INFO     | scoring.pipeline:run_scoring_pipeline:89 - Scoring complete. {'scored': 0, 'shortlisted': 0, 'not_selected': 0, 'failed': 0}
2026-05-25 16:39:45.838 | INFO     | scoring.mcq_scorer:process_mcq_responses:73 - Checking MCQ responses for job: Software Engineer
2026-05-25 16:39:46.432 | DEBUG    | intake.google_auth:get_google_credentials:26 - Google credentials loaded and token refreshed. Service account: recruitment-ai-service@recruitment-ai-494910.iam.gserviceaccount.com
2026-05-25 16:39:47.450 | DEBUG    | scoring.mcq_scorer:process_mcq_responses:149 - Already scored: Fatimah Adeel - skipping
2026-05-25 16:39:47.972 | DEBUG    | scoring.mcq_scorer:process_mcq_responses:149 - Already scored: test candidate 2 - skipping
2026-05-25 16:39:48.149 | DEBUG    | scoring.mcq_scorer:process_mcq_responses:149 - Already scored: Fatimah Adeel - skipping
2026-05-25 16:39:48.304 | DEBUG    | scoring.mcq_scorer:process_mcq_responses:149 - Already scored: Sulleman Mir - skipping
2026-05-25 16:39:48.305 | INFO     | scoring.mcq_scorer:process_mcq_responses:73 - Checking MCQ responses for job: Data Analyst
2026-05-25 16:39:48.888 | DEBUG    | intake.google_auth:get_google_credentials:26 - Google credentials loaded and token refreshed. Service account: recruitment-ai-service@recruitment-ai-494910.iam.gserviceaccount.com
2026-05-25 16:39:50.079 | DEBUG    | scoring.mcq_scorer:process_mcq_responses:149 - Already scored: Muhammad Ibrahim Mir - skipping
2026-05-25 16:39:50.282 | DEBUG    | scoring.mcq_scorer:process_mcq_responses:149 - Already scored: Muhammad Ibrahim Mir - skipping
2026-05-25 16:39:50.282 | INFO     | scoring.mcq_scorer:process_mcq_responses:184 - MCQ processing complete: {'processed': 0, 'skipped': 7, 'errors': 0}
2026-05-25 16:39:50.442 | INFO     | notifications:notify_shortlisted_candidates:165 - Notification check: 0 shortlisted candidates.
2026-05-25 16:39:51.375 | INFO     | notifications:notify_shortlisted_candidates:233 - Notifications done: {'sent': 0, 'skipped': 0, 'failed': 0}
2026-05-25 16:39:51.530 | INFO     | notifications:notify_rejected_candidates:344 - Rejection check: 1 rejected candidates.
2026-05-25 16:39:51.697 | INFO     | notifications:notify_rejected_candidates:369 - Rejection notifications done: {'sent': 0, 'skipped': 1, 'failed': 0}
2026-05-25 16:39:51.697 | INFO     | api:background_pipeline:48 - Poller: cycle complete.
INFO:     127.0.0.1:54081 - "GET /api/v1/stats HTTP/1.1" 200 OK
INFO:     127.0.0.1:54081 - "GET /api/v1/jobs HTTP/1.1" 200 OK
INFO:     127.0.0.1:54081 - "GET /api/v1/jobs/69f509c2bc3c3a0a6303fbc8/candidates HTTP/1.1" 200 OK
INFO:     127.0.0.1:54081 - "GET /api/v1/jobs/6a09c1ac706a290bda80c131/candidates HTTP/1.1" 200 OK
INFO:     127.0.0.1:54093 - "GET /api/v1/stats HTTP/1.1" 200 OK
INFO:     127.0.0.1:54093 - "GET /api/v1/jobs HTTP/1.1" 200 OK
INFO:     127.0.0.1:54093 - "GET /api/v1/jobs/69f509c2bc3c3a0a6303fbc8/candidates HTTP/1.1" 200 OK
INFO:     127.0.0.1:54093 - "GET /api/v1/jobs/6a09c1ac706a290bda80c131/candidates HTTP/1.1" 200 OK
INFO:     127.0.0.1:54100 - "GET /api/v1/stats HTTP/1.1" 200 OK
INFO:     127.0.0.1:54100 - "GET /api/v1/jobs HTTP/1.1" 200 OK
INFO:     127.0.0.1:54100 - "GET /api/v1/jobs/69f509c2bc3c3a0a6303fbc8/candidates HTTP/1.1" 200 OK
INFO:     127.0.0.1:54100 - "GET /api/v1/jobs/6a09c1ac706a290bda80c131/candidates HTTP/1.1" 200 OK
INFO:     127.0.0.1:54110 - "GET /api/v1/stats HTTP/1.1" 200 OK
INFO:     127.0.0.1:54110 - "GET /api/v1/jobs HTTP/1.1" 200 OK
INFO:     127.0.0.1:54110 - "GET /api/v1/jobs/69f509c2bc3c3a0a6303fbc8/candidates HTTP/1.1" 200 OK
INFO:     127.0.0.1:54110 - "GET /api/v1/jobs/6a09c1ac706a290bda80c131/candidates HTTP/1.1" 200 OK
INFO:     127.0.0.1:54118 - "GET /api/v1/stats HTTP/1.1" 200 OK
INFO:     127.0.0.1:54118 - "GET /api/v1/jobs HTTP/1.1" 200 OK
INFO:     127.0.0.1:54118 - "GET /api/v1/jobs/69f509c2bc3c3a0a6303fbc8/candidates HTTP/1.1" 200 OK
INFO:     127.0.0.1:54118 - "GET /api/v1/jobs/6a09c1ac706a290bda80c131/candidates HTTP/1.1" 200 OK
2026-05-25 16:44:51.701 | INFO     | api:background_pipeline:41 - Poller: checking for new CVs...
2026-05-25 16:44:52.383 | DEBUG    | intake.google_auth:get_google_credentials:26 - Google credentials loaded and token refreshed. Service account: recruitment-ai-service@recruitment-ai-494910.iam.gserviceaccount.com
2026-05-25 16:44:52.424 | DEBUG    | intake.drive_fetcher:_connect:59 - DriveFetcher: Google API session established.
2026-05-25 16:44:53.820 | DEBUG    | intake.drive_fetcher:_read_sheet_rows:80 - Read 8 rows from Google Sheets.
2026-05-25 16:44:53.821 | INFO     | intake.drive_fetcher:run:44 - DriveFetcher: 8 total form submissions found.
2026-05-25 16:44:53.977 | WARNING  | intake.drive_fetcher:_process_row:101 - No active job found for: ''
2026-05-25 16:44:55.074 | INFO     | intake.drive_fetcher:run:52 - DriveFetcher complete. New: 0, Skipped: 8, Errors: 0
2026-05-25 16:44:55.266 | INFO     | extraction:process_pending_candidates:67 - Text extraction: found 0 candidates with status RECEIVED.
2026-05-25 16:44:55.267 | INFO     | extraction:process_pending_candidates:109 - Text extraction complete. Processed: 0, Failed: 0, Skipped: 0
2026-05-25 16:44:55.480 | INFO     | scoring.pipeline:run_scoring_pipeline:17 - Scoring pipeline: 0 candidates with status PROCESSING.
2026-05-25 16:44:55.481 | INFO     | scoring.pipeline:run_scoring_pipeline:89 - Scoring complete. {'scored': 0, 'shortlisted': 0, 'not_selected': 0, 'failed': 0}
2026-05-25 16:44:55.635 | INFO     | scoring.mcq_scorer:process_mcq_responses:73 - Checking MCQ responses for job: Software Engineer
2026-05-25 16:44:56.210 | DEBUG    | intake.google_auth:get_google_credentials:26 - Google credentials loaded and token refreshed. Service account: recruitment-ai-service@recruitment-ai-494910.iam.gserviceaccount.com
2026-05-25 16:44:57.133 | DEBUG    | scoring.mcq_scorer:process_mcq_responses:149 - Already scored: Fatimah Adeel - skipping
2026-05-25 16:44:57.610 | DEBUG    | scoring.mcq_scorer:process_mcq_responses:149 - Already scored: test candidate 2 - skipping
2026-05-25 16:44:57.770 | DEBUG    | scoring.mcq_scorer:process_mcq_responses:149 - Already scored: Fatimah Adeel - skipping
2026-05-25 16:44:57.930 | DEBUG    | scoring.mcq_scorer:process_mcq_responses:149 - Already scored: Sulleman Mir - skipping
2026-05-25 16:44:57.931 | INFO     | scoring.mcq_scorer:process_mcq_responses:73 - Checking MCQ responses for job: Data Analyst
2026-05-25 16:44:58.486 | DEBUG    | intake.google_auth:get_google_credentials:26 - Google credentials loaded and token refreshed. Service account: recruitment-ai-service@recruitment-ai-494910.iam.gserviceaccount.com
2026-05-25 16:44:59.612 | DEBUG    | scoring.mcq_scorer:process_mcq_responses:149 - Already scored: Muhammad Ibrahim Mir - skipping
2026-05-25 16:44:59.766 | DEBUG    | scoring.mcq_scorer:process_mcq_responses:149 - Already scored: Muhammad Ibrahim Mir - skipping
2026-05-25 16:44:59.769 | INFO     | scoring.mcq_scorer:process_mcq_responses:184 - MCQ processing complete: {'processed': 0, 'skipped': 7, 'errors': 0}
2026-05-25 16:44:59.928 | INFO     | notifications:notify_shortlisted_candidates:165 - Notification check: 0 shortlisted candidates.
2026-05-25 16:45:00.873 | INFO     | notifications:notify_shortlisted_candidates:233 - Notifications done: {'sent': 0, 'skipped': 0, 'failed': 0}
2026-05-25 16:45:01.058 | INFO     | notifications:notify_rejected_candidates:344 - Rejection check: 1 rejected candidates.
2026-05-25 16:45:01.212 | INFO     | notifications:notify_rejected_candidates:369 - Rejection notifications done: {'sent': 0, 'skipped': 1, 'failed': 0}
2026-05-25 16:45:01.213 | INFO     | api:background_pipeline:48 - Poller: cycle complete.
INFO:     127.0.0.1:54140 - "GET /api/v1/stats HTTP/1.1" 200 OK
INFO:     127.0.0.1:54140 - "GET /api/v1/jobs HTTP/1.1" 200 OK
INFO:     127.0.0.1:54140 - "GET /api/v1/jobs/69f509c2bc3c3a0a6303fbc8/candidates HTTP/1.1" 200 OK
INFO:     127.0.0.1:54140 - "GET /api/v1/jobs/6a09c1ac706a290bda80c131/candidates HTTP/1.1" 200 OK
INFO:     127.0.0.1:54150 - "GET /api/v1/stats HTTP/1.1" 200 OK
INFO:     127.0.0.1:54150 - "GET /api/v1/jobs HTTP/1.1" 200 OK
INFO:     127.0.0.1:54150 - "GET /api/v1/jobs/69f509c2bc3c3a0a6303fbc8/candidates HTTP/1.1" 200 OK
INFO:     127.0.0.1:54150 - "GET /api/v1/jobs/6a09c1ac706a290bda80c131/candidates HTTP/1.1" 200 OK
INFO:     127.0.0.1:54162 - "GET /api/v1/stats HTTP/1.1" 200 OK
INFO:     127.0.0.1:54162 - "GET /api/v1/jobs HTTP/1.1" 200 OK
INFO:     127.0.0.1:54162 - "GET /api/v1/jobs/69f509c2bc3c3a0a6303fbc8/candidates HTTP/1.1" 200 OK
INFO:     127.0.0.1:54162 - "GET /api/v1/jobs/6a09c1ac706a290bda80c131/candidates HTTP/1.1" 200 OK
INFO:     127.0.0.1:54176 - "GET /api/v1/stats HTTP/1.1" 200 OK
INFO:     127.0.0.1:54176 - "GET /api/v1/jobs HTTP/1.1" 200 OK
INFO:     127.0.0.1:54176 - "GET /api/v1/jobs/69f509c2bc3c3a0a6303fbc8/candidates HTTP/1.1" 200 OK
INFO:     127.0.0.1:54176 - "GET /api/v1/jobs/6a09c1ac706a290bda80c131/candidates HTTP/1.1" 200 OK
INFO:     127.0.0.1:54184 - "GET /api/v1/stats HTTP/1.1" 200 OK
INFO:     127.0.0.1:54184 - "GET /api/v1/jobs HTTP/1.1" 200 OK
INFO:     127.0.0.1:54184 - "GET /api/v1/jobs/69f509c2bc3c3a0a6303fbc8/candidates HTTP/1.1" 200 OK
INFO:     127.0.0.1:54184 - "GET /api/v1/jobs/6a09c1ac706a290bda80c131/candidates HTTP/1.1" 200 OK
2026-05-25 16:50:01.217 | INFO     | api:background_pipeline:41 - Poller: checking for new CVs...
2026-05-25 16:50:01.781 | DEBUG    | intake.google_auth:get_google_credentials:26 - Google credentials loaded and token refreshed. Service account: recruitment-ai-service@recruitment-ai-494910.iam.gserviceaccount.com
2026-05-25 16:50:01.784 | DEBUG    | intake.drive_fetcher:_connect:59 - DriveFetcher: Google API session established.
2026-05-25 16:50:03.262 | DEBUG    | intake.drive_fetcher:_read_sheet_rows:80 - Read 8 rows from Google Sheets.
2026-05-25 16:50:03.262 | INFO     | intake.drive_fetcher:run:44 - DriveFetcher: 8 total form submissions found.
2026-05-25 16:50:03.418 | WARNING  | intake.drive_fetcher:_process_row:101 - No active job found for: ''
2026-05-25 16:50:04.512 | INFO     | intake.drive_fetcher:run:52 - DriveFetcher complete. New: 0, Skipped: 8, Errors: 0
2026-05-25 16:50:04.669 | INFO     | extraction:process_pending_candidates:67 - Text extraction: found 0 candidates with status RECEIVED.
2026-05-25 16:50:04.670 | INFO     | extraction:process_pending_candidates:109 - Text extraction complete. Processed: 0, Failed: 0, Skipped: 0
2026-05-25 16:50:04.829 | INFO     | scoring.pipeline:run_scoring_pipeline:17 - Scoring pipeline: 0 candidates with status PROCESSING.
2026-05-25 16:50:04.829 | INFO     | scoring.pipeline:run_scoring_pipeline:89 - Scoring complete. {'scored': 0, 'shortlisted': 0, 'not_selected': 0, 'failed': 0}
2026-05-25 16:50:04.987 | INFO     | scoring.mcq_scorer:process_mcq_responses:73 - Checking MCQ responses for job: Software Engineer
2026-05-25 16:50:05.532 | DEBUG    | intake.google_auth:get_google_credentials:26 - Google credentials loaded and token refreshed. Service account: recruitment-ai-service@recruitment-ai-494910.iam.gserviceaccount.com
2026-05-25 16:50:06.693 | DEBUG    | scoring.mcq_scorer:process_mcq_responses:149 - Already scored: Fatimah Adeel - skipping
2026-05-25 16:50:07.158 | DEBUG    | scoring.mcq_scorer:process_mcq_responses:149 - Already scored: test candidate 2 - skipping
2026-05-25 16:50:07.318 | DEBUG    | scoring.mcq_scorer:process_mcq_responses:149 - Already scored: Fatimah Adeel - skipping
2026-05-25 16:50:07.473 | DEBUG    | scoring.mcq_scorer:process_mcq_responses:149 - Already scored: Sulleman Mir - skipping
2026-05-25 16:50:07.473 | INFO     | scoring.mcq_scorer:process_mcq_responses:73 - Checking MCQ responses for job: Data Analyst
2026-05-25 16:50:08.040 | DEBUG    | intake.google_auth:get_google_credentials:26 - Google credentials loaded and token refreshed. Service account: recruitment-ai-service@recruitment-ai-494910.iam.gserviceaccount.com
2026-05-25 16:50:08.940 | DEBUG    | scoring.mcq_scorer:process_mcq_responses:149 - Already scored: Muhammad Ibrahim Mir - skipping
2026-05-25 16:50:09.100 | DEBUG    | scoring.mcq_scorer:process_mcq_responses:149 - Already scored: Muhammad Ibrahim Mir - skipping
2026-05-25 16:50:09.100 | INFO     | scoring.mcq_scorer:process_mcq_responses:184 - MCQ processing complete: {'processed': 0, 'skipped': 7, 'errors': 0}
2026-05-25 16:50:09.259 | INFO     | notifications:notify_shortlisted_candidates:165 - Notification check: 0 shortlisted candidates.
2026-05-25 16:50:10.199 | INFO     | notifications:notify_shortlisted_candidates:233 - Notifications done: {'sent': 0, 'skipped': 0, 'failed': 0}
2026-05-25 16:50:10.357 | INFO     | notifications:notify_rejected_candidates:344 - Rejection check: 1 rejected candidates.
2026-05-25 16:50:10.516 | INFO     | notifications:notify_rejected_candidates:369 - Rejection notifications done: {'sent': 0, 'skipped': 1, 'failed': 0}
2026-05-25 16:50:10.516 | INFO     | api:background_pipeline:48 - Poller: cycle complete.
INFO:     127.0.0.1:54200 - "GET /api/v1/stats HTTP/1.1" 200 OK
INFO:     127.0.0.1:54200 - "GET /api/v1/jobs HTTP/1.1" 200 OK
INFO:     127.0.0.1:54200 - "GET /api/v1/jobs/69f509c2bc3c3a0a6303fbc8/candidates HTTP/1.1" 200 OK
INFO:     127.0.0.1:54200 - "GET /api/v1/jobs/6a09c1ac706a290bda80c131/candidates HTTP/1.1" 200 OK
INFO:     127.0.0.1:54219 - "GET /api/v1/stats HTTP/1.1" 200 OK
INFO:     127.0.0.1:54219 - "GET /api/v1/jobs HTTP/1.1" 200 OK
INFO:     127.0.0.1:54219 - "GET /api/v1/jobs/69f509c2bc3c3a0a6303fbc8/candidates HTTP/1.1" 200 OK
INFO:     127.0.0.1:54219 - "GET /api/v1/jobs/6a09c1ac706a290bda80c131/candidates HTTP/1.1" 200 OK
INFO:     127.0.0.1:54226 - "GET /api/v1/stats HTTP/1.1" 200 OK
INFO:     127.0.0.1:54226 - "GET /api/v1/jobs HTTP/1.1" 200 OK
INFO:     127.0.0.1:54226 - "GET /api/v1/jobs/69f509c2bc3c3a0a6303fbc8/candidates HTTP/1.1" 200 OK
INFO:     127.0.0.1:54226 - "GET /api/v1/jobs/6a09c1ac706a290bda80c131/candidates HTTP/1.1" 200 OK
INFO:     127.0.0.1:54232 - "GET /api/v1/stats HTTP/1.1" 200 OK
INFO:     127.0.0.1:54232 - "GET /api/v1/jobs HTTP/1.1" 200 OK
INFO:     127.0.0.1:54232 - "GET /api/v1/jobs/69f509c2bc3c3a0a6303fbc8/candidates HTTP/1.1" 200 OK
INFO:     127.0.0.1:54232 - "GET /api/v1/jobs/6a09c1ac706a290bda80c131/candidates HTTP/1.1" 200 OK
2026-05-25 16:55:10.117 | INFO     | api:background_pipeline:41 - Poller: checking for new CVs...
2026-05-25 16:55:10.791 | DEBUG    | intake.google_auth:get_google_credentials:26 - Google credentials loaded and token refreshed. Service account: recruitment-ai-service@recruitment-ai-494910.iam.gserviceaccount.com
2026-05-25 16:55:10.794 | DEBUG    | intake.drive_fetcher:_connect:59 - DriveFetcher: Google API session established.
2026-05-25 16:55:11.979 | DEBUG    | intake.drive_fetcher:_read_sheet_rows:80 - Read 8 rows from Google Sheets.
2026-05-25 16:55:11.979 | INFO     | intake.drive_fetcher:run:44 - DriveFetcher: 8 total form submissions found.
2026-05-25 16:55:12.139 | WARNING  | intake.drive_fetcher:_process_row:101 - No active job found for: ''
2026-05-25 16:55:13.278 | INFO     | intake.drive_fetcher:run:52 - DriveFetcher complete. New: 0, Skipped: 8, Errors: 0
2026-05-25 16:55:13.434 | INFO     | extraction:process_pending_candidates:67 - Text extraction: found 0 candidates with status RECEIVED.
2026-05-25 16:55:13.434 | INFO     | extraction:process_pending_candidates:109 - Text extraction complete. Processed: 0, Failed: 0, Skipped: 0
2026-05-25 16:55:13.588 | INFO     | scoring.pipeline:run_scoring_pipeline:17 - Scoring pipeline: 0 candidates with status PROCESSING.
2026-05-25 16:55:13.588 | INFO     | scoring.pipeline:run_scoring_pipeline:89 - Scoring complete. {'scored': 0, 'shortlisted': 0, 'not_selected': 0, 'failed': 0}
2026-05-25 16:55:13.745 | INFO     | scoring.mcq_scorer:process_mcq_responses:73 - Checking MCQ responses for job: Software Engineer
2026-05-25 16:55:14.269 | DEBUG    | intake.google_auth:get_google_credentials:26 - Google credentials loaded and token refreshed. Service account: recruitment-ai-service@recruitment-ai-494910.iam.gserviceaccount.com
2026-05-25 16:55:15.186 | DEBUG    | scoring.mcq_scorer:process_mcq_responses:149 - Already scored: Fatimah Adeel - skipping
2026-05-25 16:55:15.655 | DEBUG    | scoring.mcq_scorer:process_mcq_responses:149 - Already scored: test candidate 2 - skipping
INFO:     127.0.0.1:54251 - "GET /api/v1/stats HTTP/1.1" 200 OK
2026-05-25 16:55:15.814 | DEBUG    | scoring.mcq_scorer:process_mcq_responses:149 - Already scored: Fatimah Adeel - skipping
INFO:     127.0.0.1:54251 - "GET /api/v1/jobs HTTP/1.1" 200 OK
2026-05-25 16:55:15.968 | DEBUG    | scoring.mcq_scorer:process_mcq_responses:149 - Already scored: Sulleman Mir - skipping
2026-05-25 16:55:15.968 | INFO     | scoring.mcq_scorer:process_mcq_responses:73 - Checking MCQ responses for job: Data Analyst
INFO:     127.0.0.1:54251 - "GET /api/v1/jobs/69f509c2bc3c3a0a6303fbc8/candidates HTTP/1.1" 200 OK
INFO:     127.0.0.1:54251 - "GET /api/v1/jobs/6a09c1ac706a290bda80c131/candidates HTTP/1.1" 200 OK
2026-05-25 16:55:16.564 | DEBUG    | intake.google_auth:get_google_credentials:26 - Google credentials loaded and token refreshed. Service account: recruitment-ai-service@recruitment-ai-494910.iam.gserviceaccount.com
2026-05-25 16:55:17.694 | DEBUG    | scoring.mcq_scorer:process_mcq_responses:149 - Already scored: Muhammad Ibrahim Mir - skipping
2026-05-25 16:55:17.849 | DEBUG    | scoring.mcq_scorer:process_mcq_responses:149 - Already scored: Muhammad Ibrahim Mir - skipping
2026-05-25 16:55:17.850 | INFO     | scoring.mcq_scorer:process_mcq_responses:184 - MCQ processing complete: {'processed': 0, 'skipped': 7, 'errors': 0}
2026-05-25 16:55:18.012 | INFO     | notifications:notify_shortlisted_candidates:165 - Notification check: 0 shortlisted candidates.
2026-05-25 16:55:18.946 | INFO     | notifications:notify_shortlisted_candidates:233 - Notifications done: {'sent': 0, 'skipped': 0, 'failed': 0}
2026-05-25 16:55:19.110 | INFO     | notifications:notify_rejected_candidates:344 - Rejection check: 1 rejected candidates.
2026-05-25 16:55:19.265 | INFO     | notifications:notify_rejected_candidates:369 - Rejection notifications done: {'sent': 0, 'skipped': 1, 'failed': 0}
2026-05-25 16:55:19.266 | INFO     | api:background_pipeline:48 - Poller: cycle complete.
INFO:     127.0.0.1:54282 - "GET /api/v1/stats HTTP/1.1" 200 OK
INFO:     127.0.0.1:54282 - "GET /api/v1/jobs HTTP/1.1" 200 OK
INFO:     127.0.0.1:54282 - "GET /api/v1/jobs/69f509c2bc3c3a0a6303fbc8/candidates HTTP/1.1" 200 OK
INFO:     127.0.0.1:54282 - "GET /api/v1/jobs/6a09c1ac706a290bda80c131/candidates HTTP/1.1" 200 OK
INFO:     127.0.0.1:54303 - "GET /api/v1/stats HTTP/1.1" 200 OK
INFO:     127.0.0.1:54303 - "GET /api/v1/jobs HTTP/1.1" 200 OK
INFO:     127.0.0.1:54303 - "GET /api/v1/jobs/69f509c2bc3c3a0a6303fbc8/candidates HTTP/1.1" 200 OK
INFO:     127.0.0.1:54303 - "GET /api/v1/jobs/6a09c1ac706a290bda80c131/candidates HTTP/1.1" 200 OK
INFO:     127.0.0.1:54327 - "GET /api/v1/stats HTTP/1.1" 200 OK
INFO:     127.0.0.1:54327 - "GET /api/v1/jobs HTTP/1.1" 200 OK
INFO:     127.0.0.1:54327 - "GET /api/v1/jobs/69f509c2bc3c3a0a6303fbc8/candidates HTTP/1.1" 200 OK
INFO:     127.0.0.1:54327 - "GET /api/v1/jobs/6a09c1ac706a290bda80c131/candidates HTTP/1.1" 200 OK
INFO:     127.0.0.1:54363 - "GET /api/v1/stats HTTP/1.1" 200 OK
INFO:     127.0.0.1:54363 - "GET /api/v1/jobs HTTP/1.1" 200 OK
INFO:     127.0.0.1:54363 - "GET /api/v1/jobs/69f509c2bc3c3a0a6303fbc8/candidates HTTP/1.1" 200 OK
INFO:     127.0.0.1:54363 - "GET /api/v1/jobs/6a09c1ac706a290bda80c131/candidates HTTP/1.1" 200 OK
2026-05-25 17:30:00.647 | INFO     | api:background_pipeline:41 - Poller: checking for new CVs...
2026-05-25 17:30:01.242 | DEBUG    | intake.google_auth:get_google_credentials:26 - Google credentials loaded and token refreshed. Service account: recruitment-ai-service@recruitment-ai-494910.iam.gserviceaccount.com
2026-05-25 17:30:01.245 | DEBUG    | intake.drive_fetcher:_connect:59 - DriveFetcher: Google API session established.
2026-05-25 17:30:02.228 | DEBUG    | intake.drive_fetcher:_read_sheet_rows:80 - Read 8 rows from Google Sheets.
2026-05-25 17:30:02.228 | INFO     | intake.drive_fetcher:run:44 - DriveFetcher: 8 total form submissions found.
2026-05-25 17:30:02.396 | WARNING  | intake.drive_fetcher:_process_row:101 - No active job found for: ''
2026-05-25 17:30:03.494 | INFO     | intake.drive_fetcher:run:52 - DriveFetcher complete. New: 0, Skipped: 8, Errors: 0
2026-05-25 17:30:03.657 | INFO     | extraction:process_pending_candidates:67 - Text extraction: found 0 candidates with status RECEIVED.
2026-05-25 17:30:03.658 | INFO     | extraction:process_pending_candidates:109 - Text extraction complete. Processed: 0, Failed: 0, Skipped: 0
2026-05-25 17:30:03.814 | INFO     | scoring.pipeline:run_scoring_pipeline:17 - Scoring pipeline: 0 candidates with status PROCESSING.
2026-05-25 17:30:03.814 | INFO     | scoring.pipeline:run_scoring_pipeline:89 - Scoring complete. {'scored': 0, 'shortlisted': 0, 'not_selected': 0, 'failed': 0}
2026-05-25 17:30:03.970 | INFO     | scoring.mcq_scorer:process_mcq_responses:73 - Checking MCQ responses for job: Software Engineer
2026-05-25 17:30:05.006 | DEBUG    | intake.google_auth:get_google_credentials:26 - Google credentials loaded and token refreshed. Service account: recruitment-ai-service@recruitment-ai-494910.iam.gserviceaccount.com
INFO:     127.0.0.1:54395 - "GET /api/v1/stats HTTP/1.1" 200 OK
INFO:     127.0.0.1:54395 - "GET /api/v1/jobs HTTP/1.1" 200 OK
INFO:     127.0.0.1:54395 - "GET /api/v1/jobs/69f509c2bc3c3a0a6303fbc8/candidates HTTP/1.1" 200 OK
INFO:     127.0.0.1:54395 - "GET /api/v1/jobs/6a09c1ac706a290bda80c131/candidates HTTP/1.1" 200 OK
INFO:     127.0.0.1:54405 - "GET /api/v1/stats HTTP/1.1" 200 OK
INFO:     127.0.0.1:54405 - "GET /api/v1/jobs HTTP/1.1" 200 OK
INFO:     127.0.0.1:54405 - "GET /api/v1/jobs/69f509c2bc3c3a0a6303fbc8/candidates HTTP/1.1" 200 OK
INFO:     127.0.0.1:54405 - "GET /api/v1/jobs/6a09c1ac706a290bda80c131/candidates HTTP/1.1" 200 OK
2026-05-25 17:47:04.589 | ERROR    | scoring.mcq_scorer:process_mcq_responses:96 - Error reading MCQ sheet: HTTPSConnectionPool(host='sheets.googleapis.com', port=443): Read timed out. (read timeout=120)
2026-05-25 17:47:04.590 | INFO     | scoring.mcq_scorer:process_mcq_responses:73 - Checking MCQ responses for job: Data Analyst
2026-05-25 17:47:05.173 | DEBUG    | intake.google_auth:get_google_credentials:26 - Google credentials loaded and token refreshed. Service account: recruitment-ai-service@recruitment-ai-494910.iam.gserviceaccount.com
2026-05-25 17:47:06.493 | DEBUG    | scoring.mcq_scorer:process_mcq_responses:149 - Already scored: Muhammad Ibrahim Mir - skipping
2026-05-25 17:47:06.666 | DEBUG    | scoring.mcq_scorer:process_mcq_responses:149 - Already scored: Muhammad Ibrahim Mir - skipping
2026-05-25 17:47:06.666 | INFO     | scoring.mcq_scorer:process_mcq_responses:184 - MCQ processing complete: {'processed': 0, 'skipped': 3, 'errors': 1}
2026-05-25 17:47:06.820 | INFO     | notifications:notify_shortlisted_candidates:165 - Notification check: 0 shortlisted candidates.
2026-05-25 17:47:07.757 | INFO     | notifications:notify_shortlisted_candidates:233 - Notifications done: {'sent': 0, 'skipped': 0, 'failed': 0}
2026-05-25 17:47:07.913 | INFO     | notifications:notify_rejected_candidates:344 - Rejection check: 1 rejected candidates.
2026-05-25 17:47:08.081 | INFO     | notifications:notify_rejected_candidates:369 - Rejection notifications done: {'sent': 0, 'skipped': 1, 'failed': 0}
2026-05-25 17:47:08.081 | INFO     | api:background_pipeline:48 - Poller: cycle complete.
INFO:     127.0.0.1:54416 - "GET /api/v1/stats HTTP/1.1" 200 OK
INFO:     127.0.0.1:54416 - "GET /api/v1/jobs HTTP/1.1" 200 OK
INFO:     127.0.0.1:54416 - "GET /api/v1/jobs/69f509c2bc3c3a0a6303fbc8/candidates HTTP/1.1" 200 OK
INFO:     127.0.0.1:54416 - "GET /api/v1/jobs/6a09c1ac706a290bda80c131/candidates HTTP/1.1" 200 OK
INFO:     127.0.0.1:54432 - "GET /api/v1/stats HTTP/1.1" 200 OK
INFO:     127.0.0.1:54432 - "GET /api/v1/jobs HTTP/1.1" 200 OK
INFO:     127.0.0.1:54432 - "GET /api/v1/jobs/69f509c2bc3c3a0a6303fbc8/candidates HTTP/1.1" 200 OK
INFO:     127.0.0.1:54432 - "GET /api/v1/jobs/6a09c1ac706a290bda80c131/candidates HTTP/1.1" 200 OK
INFO:     127.0.0.1:54445 - "GET /api/v1/stats HTTP/1.1" 200 OK
INFO:     127.0.0.1:54445 - "GET /api/v1/jobs HTTP/1.1" 200 OK
INFO:     127.0.0.1:54445 - "GET /api/v1/jobs/69f509c2bc3c3a0a6303fbc8/candidates HTTP/1.1" 200 OK
INFO:     127.0.0.1:54445 - "GET /api/v1/jobs/6a09c1ac706a290bda80c131/candidates HTTP/1.1" 200 OK
INFO:     127.0.0.1:54452 - "GET /api/v1/stats HTTP/1.1" 200 OK
INFO:     127.0.0.1:54452 - "GET /api/v1/jobs HTTP/1.1" 200 OK
INFO:     127.0.0.1:54452 - "GET /api/v1/jobs/69f509c2bc3c3a0a6303fbc8/candidates HTTP/1.1" 200 OK
INFO:     127.0.0.1:54452 - "GET /api/v1/jobs/6a09c1ac706a290bda80c131/candidates HTTP/1.1" 200 OK
2026-05-25 18:22:01.731 | INFO     | api:background_pipeline:41 - Poller: checking for new CVs...
2026-05-25 18:22:02.320 | DEBUG    | intake.google_auth:get_google_credentials:26 - Google credentials loaded and token refreshed. Service account: recruitment-ai-service@recruitment-ai-494910.iam.gserviceaccount.com
2026-05-25 18:22:02.322 | DEBUG    | intake.drive_fetcher:_connect:59 - DriveFetcher: Google API session established.
2026-05-25 18:22:03.283 | DEBUG    | intake.drive_fetcher:_read_sheet_rows:80 - Read 8 rows from Google Sheets.
2026-05-25 18:22:03.284 | INFO     | intake.drive_fetcher:run:44 - DriveFetcher: 8 total form submissions found.
2026-05-25 18:22:03.446 | WARNING  | intake.drive_fetcher:_process_row:101 - No active job found for: ''
2026-05-25 18:22:04.538 | INFO     | intake.drive_fetcher:run:52 - DriveFetcher complete. New: 0, Skipped: 8, Errors: 0
2026-05-25 18:22:04.699 | INFO     | extraction:process_pending_candidates:67 - Text extraction: found 0 candidates with status RECEIVED.
2026-05-25 18:22:04.699 | INFO     | extraction:process_pending_candidates:109 - Text extraction complete. Processed: 0, Failed: 0, Skipped: 0
2026-05-25 18:22:04.856 | INFO     | scoring.pipeline:run_scoring_pipeline:17 - Scoring pipeline: 0 candidates with status PROCESSING.
2026-05-25 18:22:04.856 | INFO     | scoring.pipeline:run_scoring_pipeline:89 - Scoring complete. {'scored': 0, 'shortlisted': 0, 'not_selected': 0, 'failed': 0}
2026-05-25 18:22:05.010 | INFO     | scoring.mcq_scorer:process_mcq_responses:73 - Checking MCQ responses for job: Software Engineer
2026-05-25 18:22:05.565 | DEBUG    | intake.google_auth:get_google_credentials:26 - Google credentials loaded and token refreshed. Service account: recruitment-ai-service@recruitment-ai-494910.iam.gserviceaccount.com
2026-05-25 18:22:06.821 | DEBUG    | scoring.mcq_scorer:process_mcq_responses:149 - Already scored: Fatimah Adeel - skipping
2026-05-25 18:22:07.293 | DEBUG    | scoring.mcq_scorer:process_mcq_responses:149 - Already scored: test candidate 2 - skipping
2026-05-25 18:22:07.453 | DEBUG    | scoring.mcq_scorer:process_mcq_responses:149 - Already scored: Fatimah Adeel - skipping
2026-05-25 18:22:07.607 | DEBUG    | scoring.mcq_scorer:process_mcq_responses:149 - Already scored: Sulleman Mir - skipping
2026-05-25 18:22:07.607 | INFO     | scoring.mcq_scorer:process_mcq_responses:73 - Checking MCQ responses for job: Data Analyst
2026-05-25 18:22:08.159 | DEBUG    | intake.google_auth:get_google_credentials:26 - Google credentials loaded and token refreshed. Service account: recruitment-ai-service@recruitment-ai-494910.iam.gserviceaccount.com
2026-05-25 18:22:09.244 | DEBUG    | scoring.mcq_scorer:process_mcq_responses:149 - Already scored: Muhammad Ibrahim Mir - skipping
2026-05-25 18:22:09.416 | DEBUG    | scoring.mcq_scorer:process_mcq_responses:149 - Already scored: Muhammad Ibrahim Mir - skipping
2026-05-25 18:22:09.416 | INFO     | scoring.mcq_scorer:process_mcq_responses:184 - MCQ processing complete: {'processed': 0, 'skipped': 7, 'errors': 0}
2026-05-25 18:22:09.574 | INFO     | notifications:notify_shortlisted_candidates:165 - Notification check: 0 shortlisted candidates.
2026-05-25 18:22:10.510 | INFO     | notifications:notify_shortlisted_candidates:233 - Notifications done: {'sent': 0, 'skipped': 0, 'failed': 0}
2026-05-25 18:22:10.670 | INFO     | notifications:notify_rejected_candidates:344 - Rejection check: 1 rejected candidates.
2026-05-25 18:22:10.825 | INFO     | notifications:notify_rejected_candidates:369 - Rejection notifications done: {'sent': 0, 'skipped': 1, 'failed': 0}
2026-05-25 18:22:10.825 | INFO     | api:background_pipeline:48 - Poller: cycle complete.
INFO:     127.0.0.1:54467 - "GET /api/v1/stats HTTP/1.1" 200 OK
INFO:     127.0.0.1:54467 - "GET /api/v1/jobs HTTP/1.1" 200 OK
INFO:     127.0.0.1:54467 - "GET /api/v1/jobs/69f509c2bc3c3a0a6303fbc8/candidates HTTP/1.1" 200 OK
INFO:     127.0.0.1:54467 - "GET /api/v1/jobs/6a09c1ac706a290bda80c131/candidates HTTP/1.1" 200 OK
INFO:     127.0.0.1:54478 - "GET /api/v1/stats HTTP/1.1" 200 OK
INFO:     127.0.0.1:54478 - "GET /api/v1/jobs HTTP/1.1" 200 OK
INFO:     127.0.0.1:54478 - "GET /api/v1/jobs/69f509c2bc3c3a0a6303fbc8/candidates HTTP/1.1" 200 OK
INFO:     127.0.0.1:54478 - "GET /api/v1/jobs/6a09c1ac706a290bda80c131/candidates HTTP/1.1" 200 OK
INFO:     127.0.0.1:54502 - "GET /api/v1/stats HTTP/1.1" 200 OK
INFO:     127.0.0.1:54502 - "GET /api/v1/jobs HTTP/1.1" 200 OK
INFO:     127.0.0.1:54502 - "GET /api/v1/jobs/69f509c2bc3c3a0a6303fbc8/candidates HTTP/1.1" 200 OK
INFO:     127.0.0.1:54502 - "GET /api/v1/jobs/6a09c1ac706a290bda80c131/candidates HTTP/1.1" 200 OK
INFO:     127.0.0.1:54513 - "GET /api/v1/stats HTTP/1.1" 200 OK
INFO:     127.0.0.1:54513 - "GET /api/v1/jobs HTTP/1.1" 200 OK
INFO:     127.0.0.1:54513 - "GET /api/v1/jobs/69f509c2bc3c3a0a6303fbc8/candidates HTTP/1.1" 200 OK
INFO:     127.0.0.1:54513 - "GET /api/v1/jobs/6a09c1ac706a290bda80c131/candidates HTTP/1.1" 200 OK
INFO:     127.0.0.1:54535 - "GET /api/v1/stats HTTP/1.1" 200 OK
INFO:     127.0.0.1:54535 - "GET /api/v1/jobs HTTP/1.1" 200 OK
INFO:     127.0.0.1:54535 - "GET /api/v1/jobs/69f509c2bc3c3a0a6303fbc8/candidates HTTP/1.1" 200 OK
INFO:     127.0.0.1:54535 - "GET /api/v1/jobs/6a09c1ac706a290bda80c131/candidates HTTP/1.1" 200 OK
2026-05-25 19:42:49.385 | INFO     | api:background_pipeline:41 - Poller: checking for new CVs...
2026-05-25 19:42:50.256 | DEBUG    | intake.google_auth:get_google_credentials:26 - Google credentials loaded and token refreshed. Service account: recruitment-ai-service@recruitment-ai-494910.iam.gserviceaccount.com
2026-05-25 19:42:50.261 | DEBUG    | intake.drive_fetcher:_connect:59 - DriveFetcher: Google API session established.
2026-05-25 19:42:51.666 | DEBUG    | intake.drive_fetcher:_read_sheet_rows:80 - Read 8 rows from Google Sheets.
2026-05-25 19:42:51.666 | INFO     | intake.drive_fetcher:run:44 - DriveFetcher: 8 total form submissions found.
2026-05-25 19:42:51.822 | WARNING  | intake.drive_fetcher:_process_row:101 - No active job found for: ''
2026-05-25 19:42:52.927 | INFO     | intake.drive_fetcher:run:52 - DriveFetcher complete. New: 0, Skipped: 8, Errors: 0
2026-05-25 19:42:53.101 | INFO     | extraction:process_pending_candidates:67 - Text extraction: found 0 candidates with status RECEIVED.
2026-05-25 19:42:53.102 | INFO     | extraction:process_pending_candidates:109 - Text extraction complete. Processed: 0, Failed: 0, Skipped: 0
2026-05-25 19:42:53.261 | INFO     | scoring.pipeline:run_scoring_pipeline:17 - Scoring pipeline: 0 candidates with status PROCESSING.
2026-05-25 19:42:53.261 | INFO     | scoring.pipeline:run_scoring_pipeline:89 - Scoring complete. {'scored': 0, 'shortlisted': 0, 'not_selected': 0, 'failed': 0}
2026-05-25 19:42:53.428 | INFO     | scoring.mcq_scorer:process_mcq_responses:73 - Checking MCQ responses for job: Software Engineer
2026-05-25 19:42:54.017 | DEBUG    | intake.google_auth:get_google_credentials:26 - Google credentials loaded and token refreshed. Service account: recruitment-ai-service@recruitment-ai-494910.iam.gserviceaccount.com
2026-05-25 19:42:55.107 | DEBUG    | scoring.mcq_scorer:process_mcq_responses:149 - Already scored: Fatimah Adeel - skipping
2026-05-25 19:42:55.580 | DEBUG    | scoring.mcq_scorer:process_mcq_responses:149 - Already scored: test candidate 2 - skipping
2026-05-25 19:42:55.737 | DEBUG    | scoring.mcq_scorer:process_mcq_responses:149 - Already scored: Fatimah Adeel - skipping
2026-05-25 19:42:55.892 | DEBUG    | scoring.mcq_scorer:process_mcq_responses:149 - Already scored: Sulleman Mir - skipping
2026-05-25 19:42:55.892 | INFO     | scoring.mcq_scorer:process_mcq_responses:73 - Checking MCQ responses for job: Data Analyst
2026-05-25 19:42:56.457 | DEBUG    | intake.google_auth:get_google_credentials:26 - Google credentials loaded and token refreshed. Service account: recruitment-ai-service@recruitment-ai-494910.iam.gserviceaccount.com
2026-05-25 19:42:57.602 | DEBUG    | scoring.mcq_scorer:process_mcq_responses:149 - Already scored: Muhammad Ibrahim Mir - skipping
2026-05-25 19:42:57.757 | DEBUG    | scoring.mcq_scorer:process_mcq_responses:149 - Already scored: Muhammad Ibrahim Mir - skipping
2026-05-25 19:42:57.757 | INFO     | scoring.mcq_scorer:process_mcq_responses:184 - MCQ processing complete: {'processed': 0, 'skipped': 7, 'errors': 0}
2026-05-25 19:42:57.917 | INFO     | notifications:notify_shortlisted_candidates:165 - Notification check: 0 shortlisted candidates.
2026-05-25 19:42:58.853 | INFO     | notifications:notify_shortlisted_candidates:233 - Notifications done: {'sent': 0, 'skipped': 0, 'failed': 0}
2026-05-25 19:42:59.013 | INFO     | notifications:notify_rejected_candidates:344 - Rejection check: 1 rejected candidates.
2026-05-25 19:42:59.174 | INFO     | notifications:notify_rejected_candidates:369 - Rejection notifications done: {'sent': 0, 'skipped': 1, 'failed': 0}
2026-05-25 19:42:59.174 | INFO     | api:background_pipeline:48 - Poller: cycle complete.
INFO:     127.0.0.1:54567 - "GET /api/v1/stats HTTP/1.1" 200 OK
INFO:     127.0.0.1:54567 - "GET /api/v1/jobs HTTP/1.1" 200 OK
INFO:     127.0.0.1:54567 - "GET /api/v1/jobs/69f509c2bc3c3a0a6303fbc8/candidates HTTP/1.1" 200 OK
INFO:     127.0.0.1:54567 - "GET /api/v1/jobs/6a09c1ac706a290bda80c131/candidates HTTP/1.1" 200 OK
INFO:     127.0.0.1:54574 - "GET /api/v1/stats HTTP/1.1" 200 OK
INFO:     127.0.0.1:54574 - "GET /api/v1/jobs HTTP/1.1" 200 OK
INFO:     127.0.0.1:54574 - "GET /api/v1/jobs/69f509c2bc3c3a0a6303fbc8/candidates HTTP/1.1" 200 OK
INFO:     127.0.0.1:54574 - "GET /api/v1/jobs/6a09c1ac706a290bda80c131/candidates HTTP/1.1" 200 OK
INFO:     127.0.0.1:54581 - "GET /api/v1/stats HTTP/1.1" 200 OK
INFO:     127.0.0.1:54581 - "GET /api/v1/jobs HTTP/1.1" 200 OK
INFO:     127.0.0.1:54581 - "GET /api/v1/jobs/69f509c2bc3c3a0a6303fbc8/candidates HTTP/1.1" 200 OK
INFO:     127.0.0.1:54581 - "GET /api/v1/jobs/6a09c1ac706a290bda80c131/candidates HTTP/1.1" 200 OK
INFO:     127.0.0.1:54590 - "GET /api/v1/stats HTTP/1.1" 200 OK
INFO:     127.0.0.1:54590 - "GET /api/v1/jobs HTTP/1.1" 200 OK
INFO:     127.0.0.1:54590 - "GET /api/v1/jobs/69f509c2bc3c3a0a6303fbc8/candidates HTTP/1.1" 200 OK
INFO:     127.0.0.1:54590 - "GET /api/v1/jobs/6a09c1ac706a290bda80c131/candidates HTTP/1.1" 200 OK
2026-05-25 19:47:59.182 | INFO     | api:background_pipeline:41 - Poller: checking for new CVs...
2026-05-25 19:47:59.734 | DEBUG    | intake.google_auth:get_google_credentials:26 - Google credentials loaded and token refreshed. Service account: recruitment-ai-service@recruitment-ai-494910.iam.gserviceaccount.com
2026-05-25 19:47:59.737 | DEBUG    | intake.drive_fetcher:_connect:59 - DriveFetcher: Google API session established.
2026-05-25 19:48:00.590 | DEBUG    | intake.drive_fetcher:_read_sheet_rows:80 - Read 8 rows from Google Sheets.
2026-05-25 19:48:00.591 | INFO     | intake.drive_fetcher:run:44 - DriveFetcher: 8 total form submissions found.
2026-05-25 19:48:00.746 | WARNING  | intake.drive_fetcher:_process_row:101 - No active job found for: ''
2026-05-25 19:48:01.832 | INFO     | intake.drive_fetcher:run:52 - DriveFetcher complete. New: 0, Skipped: 8, Errors: 0
2026-05-25 19:48:01.994 | INFO     | extraction:process_pending_candidates:67 - Text extraction: found 0 candidates with status RECEIVED.
2026-05-25 19:48:01.995 | INFO     | extraction:process_pending_candidates:109 - Text extraction complete. Processed: 0, Failed: 0, Skipped: 0
2026-05-25 19:48:02.149 | INFO     | scoring.pipeline:run_scoring_pipeline:17 - Scoring pipeline: 0 candidates with status PROCESSING.
2026-05-25 19:48:02.150 | INFO     | scoring.pipeline:run_scoring_pipeline:89 - Scoring complete. {'scored': 0, 'shortlisted': 0, 'not_selected': 0, 'failed': 0}
2026-05-25 19:48:02.306 | INFO     | scoring.mcq_scorer:process_mcq_responses:73 - Checking MCQ responses for job: Software Engineer
2026-05-25 19:48:02.848 | DEBUG    | intake.google_auth:get_google_credentials:26 - Google credentials loaded and token refreshed. Service account: recruitment-ai-service@recruitment-ai-494910.iam.gserviceaccount.com
2026-05-25 19:48:03.928 | DEBUG    | scoring.mcq_scorer:process_mcq_responses:149 - Already scored: Fatimah Adeel - skipping
2026-05-25 19:48:04.409 | DEBUG    | scoring.mcq_scorer:process_mcq_responses:149 - Already scored: test candidate 2 - skipping
2026-05-25 19:48:04.564 | DEBUG    | scoring.mcq_scorer:process_mcq_responses:149 - Already scored: Fatimah Adeel - skipping
2026-05-25 19:48:04.721 | DEBUG    | scoring.mcq_scorer:process_mcq_responses:149 - Already scored: Sulleman Mir - skipping
2026-05-25 19:48:04.721 | INFO     | scoring.mcq_scorer:process_mcq_responses:73 - Checking MCQ responses for job: Data Analyst
2026-05-25 19:48:05.261 | DEBUG    | intake.google_auth:get_google_credentials:26 - Google credentials loaded and token refreshed. Service account: recruitment-ai-service@recruitment-ai-494910.iam.gserviceaccount.com
2026-05-25 19:48:06.228 | DEBUG    | scoring.mcq_scorer:process_mcq_responses:149 - Already scored: Muhammad Ibrahim Mir - skipping
2026-05-25 19:48:06.383 | DEBUG    | scoring.mcq_scorer:process_mcq_responses:149 - Already scored: Muhammad Ibrahim Mir - skipping
2026-05-25 19:48:06.383 | INFO     | scoring.mcq_scorer:process_mcq_responses:184 - MCQ processing complete: {'processed': 0, 'skipped': 7, 'errors': 0}
2026-05-25 19:48:06.542 | INFO     | notifications:notify_shortlisted_candidates:165 - Notification check: 0 shortlisted candidates.
2026-05-25 19:48:07.475 | INFO     | notifications:notify_shortlisted_candidates:233 - Notifications done: {'sent': 0, 'skipped': 0, 'failed': 0}
2026-05-25 19:48:07.642 | INFO     | notifications:notify_rejected_candidates:344 - Rejection check: 1 rejected candidates.
2026-05-25 19:48:07.806 | INFO     | notifications:notify_rejected_candidates:369 - Rejection notifications done: {'sent': 0, 'skipped': 1, 'failed': 0}
2026-05-25 19:48:07.806 | INFO     | api:background_pipeline:48 - Poller: cycle complete.
INFO:     127.0.0.1:54607 - "GET /api/v1/stats HTTP/1.1" 200 OK
INFO:     127.0.0.1:54607 - "GET /api/v1/jobs HTTP/1.1" 200 OK
INFO:     127.0.0.1:54607 - "GET /api/v1/jobs/69f509c2bc3c3a0a6303fbc8/candidates HTTP/1.1" 200 OK
INFO:     127.0.0.1:54607 - "GET /api/v1/jobs/6a09c1ac706a290bda80c131/candidates HTTP/1.1" 200 OK
INFO:     127.0.0.1:54616 - "GET /api/v1/stats HTTP/1.1" 200 OK
INFO:     127.0.0.1:54616 - "GET /api/v1/jobs HTTP/1.1" 200 OK
INFO:     127.0.0.1:54616 - "GET /api/v1/jobs/69f509c2bc3c3a0a6303fbc8/candidates HTTP/1.1" 200 OK
INFO:     127.0.0.1:54616 - "GET /api/v1/jobs/6a09c1ac706a290bda80c131/candidates HTTP/1.1" 200 OK
INFO:     127.0.0.1:54625 - "GET /api/v1/stats HTTP/1.1" 200 OK
INFO:     127.0.0.1:54625 - "GET /api/v1/jobs HTTP/1.1" 200 OK
INFO:     127.0.0.1:54625 - "GET /api/v1/jobs/69f509c2bc3c3a0a6303fbc8/candidates HTTP/1.1" 200 OK
INFO:     127.0.0.1:54625 - "GET /api/v1/jobs/6a09c1ac706a290bda80c131/candidates HTTP/1.1" 200 OK
INFO:     127.0.0.1:54634 - "GET /api/v1/stats HTTP/1.1" 200 OK
INFO:     127.0.0.1:54634 - "GET /api/v1/jobs HTTP/1.1" 200 OK
INFO:     127.0.0.1:54634 - "GET /api/v1/jobs/69f509c2bc3c3a0a6303fbc8/candidates HTTP/1.1" 200 OK
INFO:     127.0.0.1:54634 - "GET /api/v1/jobs/6a09c1ac706a290bda80c131/candidates HTTP/1.1" 200 OK
INFO:     127.0.0.1:54644 - "GET /api/v1/stats HTTP/1.1" 200 OK
INFO:     127.0.0.1:54644 - "GET /api/v1/jobs HTTP/1.1" 200 OK
INFO:     127.0.0.1:54644 - "GET /api/v1/jobs/69f509c2bc3c3a0a6303fbc8/candidates HTTP/1.1" 200 OK
INFO:     127.0.0.1:54644 - "GET /api/v1/jobs/6a09c1ac706a290bda80c131/candidates HTTP/1.1" 200 OK
2026-05-25 19:53:07.807 | INFO     | api:background_pipeline:41 - Poller: checking for new CVs...
2026-05-25 19:53:15.337 | DEBUG    | intake.google_auth:get_google_credentials:26 - Google credentials loaded and token refreshed. Service account: recruitment-ai-service@recruitment-ai-494910.iam.gserviceaccount.com
2026-05-25 19:53:15.340 | DEBUG    | intake.drive_fetcher:_connect:59 - DriveFetcher: Google API session established.
2026-05-25 19:53:16.760 | DEBUG    | intake.drive_fetcher:_read_sheet_rows:80 - Read 8 rows from Google Sheets.
2026-05-25 19:53:16.760 | INFO     | intake.drive_fetcher:run:44 - DriveFetcher: 8 total form submissions found.
2026-05-25 19:53:16.950 | WARNING  | intake.drive_fetcher:_process_row:101 - No active job found for: ''
2026-05-25 19:53:19.539 | INFO     | intake.drive_fetcher:run:52 - DriveFetcher complete. New: 0, Skipped: 8, Errors: 0
2026-05-25 19:53:19.751 | INFO     | extraction:process_pending_candidates:67 - Text extraction: found 0 candidates with status RECEIVED.
2026-05-25 19:53:19.751 | INFO     | extraction:process_pending_candidates:109 - Text extraction complete. Processed: 0, Failed: 0, Skipped: 0
2026-05-25 19:53:19.927 | INFO     | scoring.pipeline:run_scoring_pipeline:17 - Scoring pipeline: 0 candidates with status PROCESSING.
2026-05-25 19:53:19.927 | INFO     | scoring.pipeline:run_scoring_pipeline:89 - Scoring complete. {'scored': 0, 'shortlisted': 0, 'not_selected': 0, 'failed': 0}
2026-05-25 19:53:21.091 | INFO     | scoring.mcq_scorer:process_mcq_responses:73 - Checking MCQ responses for job: Software Engineer
2026-05-25 19:53:22.160 | DEBUG    | intake.google_auth:get_google_credentials:26 - Google credentials loaded and token refreshed. Service account: recruitment-ai-service@recruitment-ai-494910.iam.gserviceaccount.com
2026-05-25 19:53:25.251 | DEBUG    | scoring.mcq_scorer:process_mcq_responses:149 - Already scored: Fatimah Adeel - skipping
2026-05-25 19:53:26.214 | DEBUG    | scoring.mcq_scorer:process_mcq_responses:149 - Already scored: test candidate 2 - skipping
2026-05-25 19:53:26.374 | DEBUG    | scoring.mcq_scorer:process_mcq_responses:149 - Already scored: Fatimah Adeel - skipping
2026-05-25 19:53:26.579 | DEBUG    | scoring.mcq_scorer:process_mcq_responses:149 - Already scored: Sulleman Mir - skipping
2026-05-25 19:53:26.579 | INFO     | scoring.mcq_scorer:process_mcq_responses:73 - Checking MCQ responses for job: Data Analyst
2026-05-25 19:53:27.144 | DEBUG    | intake.google_auth:get_google_credentials:26 - Google credentials loaded and token refreshed. Service account: recruitment-ai-service@recruitment-ai-494910.iam.gserviceaccount.com
2026-05-25 19:53:28.213 | DEBUG    | scoring.mcq_scorer:process_mcq_responses:149 - Already scored: Muhammad Ibrahim Mir - skipping
2026-05-25 19:53:28.388 | DEBUG    | scoring.mcq_scorer:process_mcq_responses:149 - Already scored: Muhammad Ibrahim Mir - skipping
2026-05-25 19:53:28.388 | INFO     | scoring.mcq_scorer:process_mcq_responses:184 - MCQ processing complete: {'processed': 0, 'skipped': 7, 'errors': 0}
2026-05-25 19:53:28.546 | INFO     | notifications:notify_shortlisted_candidates:165 - Notification check: 0 shortlisted candidates.
2026-05-25 19:53:29.545 | INFO     | notifications:notify_shortlisted_candidates:233 - Notifications done: {'sent': 0, 'skipped': 0, 'failed': 0}
2026-05-25 19:53:29.700 | INFO     | notifications:notify_rejected_candidates:344 - Rejection check: 1 rejected candidates.
2026-05-25 19:53:29.856 | INFO     | notifications:notify_rejected_candidates:369 - Rejection notifications done: {'sent': 0, 'skipped': 1, 'failed': 0}
2026-05-25 19:53:29.856 | INFO     | api:background_pipeline:48 - Poller: cycle complete.
INFO:     127.0.0.1:54656 - "GET /api/v1/stats HTTP/1.1" 200 OK
INFO:     127.0.0.1:54656 - "GET /api/v1/jobs HTTP/1.1" 200 OK
INFO:     127.0.0.1:54656 - "GET /api/v1/jobs/69f509c2bc3c3a0a6303fbc8/candidates HTTP/1.1" 200 OK
INFO:     127.0.0.1:54656 - "GET /api/v1/jobs/6a09c1ac706a290bda80c131/candidates HTTP/1.1" 200 OK
INFO:     127.0.0.1:54666 - "GET /api/v1/stats HTTP/1.1" 200 OK
INFO:     127.0.0.1:54666 - "GET /api/v1/jobs HTTP/1.1" 200 OK
INFO:     127.0.0.1:54666 - "GET /api/v1/jobs/69f509c2bc3c3a0a6303fbc8/candidates HTTP/1.1" 200 OK
INFO:     127.0.0.1:54666 - "GET /api/v1/jobs/6a09c1ac706a290bda80c131/candidates HTTP/1.1" 200 OK
INFO:     127.0.0.1:54690 - "GET /api/v1/stats HTTP/1.1" 200 OK
INFO:     127.0.0.1:54690 - "GET /api/v1/jobs HTTP/1.1" 200 OK
INFO:     127.0.0.1:54690 - "GET /api/v1/jobs/69f509c2bc3c3a0a6303fbc8/candidates HTTP/1.1" 200 OK
INFO:     127.0.0.1:54690 - "GET /api/v1/jobs/6a09c1ac706a290bda80c131/candidates HTTP/1.1" 200 OK
INFO:     127.0.0.1:54722 - "GET /api/v1/stats HTTP/1.1" 200 OK
INFO:     127.0.0.1:54722 - "GET /api/v1/jobs HTTP/1.1" 200 OK
INFO:     127.0.0.1:54722 - "GET /api/v1/jobs/69f509c2bc3c3a0a6303fbc8/candidates HTTP/1.1" 200 OK
INFO:     127.0.0.1:54722 - "GET /api/v1/jobs/6a09c1ac706a290bda80c131/candidates HTTP/1.1" 200 OK
INFO:     127.0.0.1:54735 - "GET /api/v1/stats HTTP/1.1" 200 OK
INFO:     127.0.0.1:54735 - "GET /api/v1/jobs HTTP/1.1" 200 OK
INFO:     127.0.0.1:54735 - "GET /api/v1/jobs/69f509c2bc3c3a0a6303fbc8/candidates HTTP/1.1" 200 OK
INFO:     127.0.0.1:54735 - "GET /api/v1/jobs/6a09c1ac706a290bda80c131/candidates HTTP/1.1" 200 OK
2026-05-25 20:42:42.575 | INFO     | api:background_pipeline:41 - Poller: checking for new CVs...
2026-05-25 20:42:43.377 | DEBUG    | intake.google_auth:get_google_credentials:26 - Google credentials loaded and token refreshed. Service account: recruitment-ai-service@recruitment-ai-494910.iam.gserviceaccount.com
2026-05-25 20:42:43.378 | DEBUG    | intake.drive_fetcher:_connect:59 - DriveFetcher: Google API session established.
2026-05-25 20:42:44.639 | DEBUG    | intake.drive_fetcher:_read_sheet_rows:80 - Read 8 rows from Google Sheets.
2026-05-25 20:42:44.639 | INFO     | intake.drive_fetcher:run:44 - DriveFetcher: 8 total form submissions found.
2026-05-25 20:42:44.827 | WARNING  | intake.drive_fetcher:_process_row:101 - No active job found for: ''
2026-05-25 20:42:46.169 | INFO     | intake.drive_fetcher:run:52 - DriveFetcher complete. New: 0, Skipped: 8, Errors: 0
2026-05-25 20:42:46.531 | INFO     | extraction:process_pending_candidates:67 - Text extraction: found 0 candidates with status RECEIVED.
2026-05-25 20:42:46.531 | INFO     | extraction:process_pending_candidates:109 - Text extraction complete. Processed: 0, Failed: 0, Skipped: 0
2026-05-25 20:42:46.905 | INFO     | scoring.pipeline:run_scoring_pipeline:17 - Scoring pipeline: 0 candidates with status PROCESSING.
2026-05-25 20:42:46.906 | INFO     | scoring.pipeline:run_scoring_pipeline:89 - Scoring complete. {'scored': 0, 'shortlisted': 0, 'not_selected': 0, 'failed': 0}
2026-05-25 20:42:47.096 | INFO     | scoring.mcq_scorer:process_mcq_responses:73 - Checking MCQ responses for job: Software Engineer
2026-05-25 20:42:47.812 | DEBUG    | intake.google_auth:get_google_credentials:26 - Google credentials loaded and token refreshed. Service account: recruitment-ai-service@recruitment-ai-494910.iam.gserviceaccount.com
2026-05-25 20:42:49.072 | DEBUG    | scoring.mcq_scorer:process_mcq_responses:149 - Already scored: Fatimah Adeel - skipping
2026-05-25 20:42:49.691 | DEBUG    | scoring.mcq_scorer:process_mcq_responses:149 - Already scored: test candidate 2 - skipping
2026-05-25 20:42:49.867 | DEBUG    | scoring.mcq_scorer:process_mcq_responses:149 - Already scored: Fatimah Adeel - skipping
2026-05-25 20:42:50.197 | DEBUG    | scoring.mcq_scorer:process_mcq_responses:149 - Already scored: Sulleman Mir - skipping
2026-05-25 20:42:50.197 | INFO     | scoring.mcq_scorer:process_mcq_responses:73 - Checking MCQ responses for job: Data Analyst
2026-05-25 20:42:51.079 | DEBUG    | intake.google_auth:get_google_credentials:26 - Google credentials loaded and token refreshed. Service account: recruitment-ai-service@recruitment-ai-494910.iam.gserviceaccount.com
2026-05-25 20:42:52.425 | DEBUG    | scoring.mcq_scorer:process_mcq_responses:149 - Already scored: Muhammad Ibrahim Mir - skipping
2026-05-25 20:42:52.626 | DEBUG    | scoring.mcq_scorer:process_mcq_responses:149 - Already scored: Muhammad Ibrahim Mir - skipping
2026-05-25 20:42:52.626 | INFO     | scoring.mcq_scorer:process_mcq_responses:184 - MCQ processing complete: {'processed': 0, 'skipped': 7, 'errors': 0}
2026-05-25 20:42:52.811 | INFO     | notifications:notify_shortlisted_candidates:165 - Notification check: 0 shortlisted candidates.
2026-05-25 20:42:54.031 | INFO     | notifications:notify_shortlisted_candidates:233 - Notifications done: {'sent': 0, 'skipped': 0, 'failed': 0}
2026-05-25 20:42:54.229 | INFO     | notifications:notify_rejected_candidates:344 - Rejection check: 1 rejected candidates.
2026-05-25 20:42:54.391 | INFO     | notifications:notify_rejected_candidates:369 - Rejection notifications done: {'sent': 0, 'skipped': 1, 'failed': 0}
2026-05-25 20:42:54.391 | INFO     | api:background_pipeline:48 - Poller: cycle complete.
INFO:     127.0.0.1:54757 - "GET /api/v1/stats HTTP/1.1" 200 OK
INFO:     127.0.0.1:54757 - "GET /api/v1/jobs HTTP/1.1" 200 OK
INFO:     127.0.0.1:54757 - "GET /api/v1/jobs/69f509c2bc3c3a0a6303fbc8/candidates HTTP/1.1" 200 OK
INFO:     127.0.0.1:54757 - "GET /api/v1/jobs/6a09c1ac706a290bda80c131/candidates HTTP/1.1" 200 OK
INFO:     127.0.0.1:54774 - "GET /api/v1/stats HTTP/1.1" 200 OK
INFO:     127.0.0.1:54774 - "GET /api/v1/jobs HTTP/1.1" 200 OK
INFO:     127.0.0.1:54774 - "GET /api/v1/jobs/69f509c2bc3c3a0a6303fbc8/candidates HTTP/1.1" 200 OK
INFO:     127.0.0.1:54774 - "GET /api/v1/jobs/6a09c1ac706a290bda80c131/candidates HTTP/1.1" 200 OK
INFO:     127.0.0.1:54786 - "GET /api/v1/stats HTTP/1.1" 200 OK
INFO:     127.0.0.1:54786 - "GET /api/v1/jobs HTTP/1.1" 200 OK
INFO:     127.0.0.1:54786 - "GET /api/v1/jobs/69f509c2bc3c3a0a6303fbc8/candidates HTTP/1.1" 200 OK
INFO:     127.0.0.1:54786 - "GET /api/v1/jobs/6a09c1ac706a290bda80c131/candidates HTTP/1.1" 200 OK
INFO:     127.0.0.1:54844 - "GET /api/v1/stats HTTP/1.1" 200 OK
INFO:     127.0.0.1:54844 - "GET /api/v1/jobs HTTP/1.1" 200 OK
INFO:     127.0.0.1:54844 - "GET /api/v1/jobs/69f509c2bc3c3a0a6303fbc8/candidates HTTP/1.1" 200 OK
INFO:     127.0.0.1:54844 - "GET /api/v1/jobs/6a09c1ac706a290bda80c131/candidates HTTP/1.1" 200 OK
2026-05-25 22:11:56.057 | INFO     | api:background_pipeline:41 - Poller: checking for new CVs...
2026-05-25 22:11:56.680 | DEBUG    | intake.google_auth:get_google_credentials:26 - Google credentials loaded and token refreshed. Service account: recruitment-ai-service@recruitment-ai-494910.iam.gserviceaccount.com
2026-05-25 22:11:56.686 | DEBUG    | intake.drive_fetcher:_connect:59 - DriveFetcher: Google API session established.
2026-05-25 22:11:58.043 | DEBUG    | intake.drive_fetcher:_read_sheet_rows:80 - Read 8 rows from Google Sheets.
2026-05-25 22:11:58.043 | INFO     | intake.drive_fetcher:run:44 - DriveFetcher: 8 total form submissions found.
2026-05-25 22:11:59.064 | WARNING  | intake.drive_fetcher:_process_row:101 - No active job found for: ''
2026-05-25 22:12:00.179 | INFO     | intake.drive_fetcher:run:52 - DriveFetcher complete. New: 0, Skipped: 8, Errors: 0
2026-05-25 22:12:00.340 | INFO     | extraction:process_pending_candidates:67 - Text extraction: found 0 candidates with status RECEIVED.
2026-05-25 22:12:00.341 | INFO     | extraction:process_pending_candidates:109 - Text extraction complete. Processed: 0, Failed: 0, Skipped: 0
2026-05-25 22:12:00.513 | INFO     | scoring.pipeline:run_scoring_pipeline:17 - Scoring pipeline: 0 candidates with status PROCESSING.
2026-05-25 22:12:00.513 | INFO     | scoring.pipeline:run_scoring_pipeline:89 - Scoring complete. {'scored': 0, 'shortlisted': 0, 'not_selected': 0, 'failed': 0}
2026-05-25 22:12:00.676 | INFO     | scoring.mcq_scorer:process_mcq_responses:73 - Checking MCQ responses for job: Software Engineer
2026-05-25 22:12:01.212 | DEBUG    | intake.google_auth:get_google_credentials:26 - Google credentials loaded and token refreshed. Service account: recruitment-ai-service@recruitment-ai-494910.iam.gserviceaccount.com
2026-05-25 22:12:02.305 | DEBUG    | scoring.mcq_scorer:process_mcq_responses:149 - Already scored: Fatimah Adeel - skipping
2026-05-25 22:12:02.791 | DEBUG    | scoring.mcq_scorer:process_mcq_responses:149 - Already scored: test candidate 2 - skipping
2026-05-25 22:12:02.982 | DEBUG    | scoring.mcq_scorer:process_mcq_responses:149 - Already scored: Fatimah Adeel - skipping
2026-05-25 22:12:03.248 | DEBUG    | scoring.mcq_scorer:process_mcq_responses:149 - Already scored: Sulleman Mir - skipping
2026-05-25 22:12:03.248 | INFO     | scoring.mcq_scorer:process_mcq_responses:73 - Checking MCQ responses for job: Data Analyst
2026-05-25 22:12:03.909 | DEBUG    | intake.google_auth:get_google_credentials:26 - Google credentials loaded and token refreshed. Service account: recruitment-ai-service@recruitment-ai-494910.iam.gserviceaccount.com
INFO:     127.0.0.1:54872 - "GET /api/v1/stats HTTP/1.1" 200 OK
INFO:     127.0.0.1:54872 - "GET /api/v1/jobs HTTP/1.1" 200 OK
INFO:     127.0.0.1:54872 - "GET /api/v1/jobs/69f509c2bc3c3a0a6303fbc8/candidates HTTP/1.1" 200 OK
INFO:     127.0.0.1:54872 - "GET /api/v1/jobs/6a09c1ac706a290bda80c131/candidates HTTP/1.1" 200 OK
2026-05-25 22:12:05.312 | DEBUG    | scoring.mcq_scorer:process_mcq_responses:149 - Already scored: Muhammad Ibrahim Mir - skipping
2026-05-25 22:12:05.469 | DEBUG    | scoring.mcq_scorer:process_mcq_responses:149 - Already scored: Muhammad Ibrahim Mir - skipping
2026-05-25 22:12:05.469 | INFO     | scoring.mcq_scorer:process_mcq_responses:184 - MCQ processing complete: {'processed': 0, 'skipped': 7, 'errors': 0}
2026-05-25 22:12:05.627 | INFO     | notifications:notify_shortlisted_candidates:165 - Notification check: 0 shortlisted candidates.
2026-05-25 22:12:06.413 | INFO     | notifications:notify_shortlisted_candidates:233 - Notifications done: {'sent': 0, 'skipped': 0, 'failed': 0}
2026-05-25 22:12:06.568 | INFO     | notifications:notify_rejected_candidates:344 - Rejection check: 1 rejected candidates.
2026-05-25 22:12:06.724 | INFO     | notifications:notify_rejected_candidates:369 - Rejection notifications done: {'sent': 0, 'skipped': 1, 'failed': 0}
2026-05-25 22:12:06.724 | INFO     | api:background_pipeline:48 - Poller: cycle complete.
INFO:     127.0.0.1:54893 - "GET /api/v1/stats HTTP/1.1" 200 OK
INFO:     127.0.0.1:54893 - "GET /api/v1/jobs HTTP/1.1" 200 OK
INFO:     127.0.0.1:54893 - "GET /api/v1/jobs/69f509c2bc3c3a0a6303fbc8/candidates HTTP/1.1" 200 OK
INFO:     127.0.0.1:54893 - "GET /api/v1/jobs/6a09c1ac706a290bda80c131/candidates HTTP/1.1" 200 OK
INFO:     127.0.0.1:54908 - "GET /api/v1/stats HTTP/1.1" 200 OK
INFO:     127.0.0.1:54908 - "GET /api/v1/jobs HTTP/1.1" 200 OK
INFO:     127.0.0.1:54908 - "GET /api/v1/jobs/69f509c2bc3c3a0a6303fbc8/candidates HTTP/1.1" 200 OK
INFO:     127.0.0.1:54908 - "GET /api/v1/jobs/6a09c1ac706a290bda80c131/candidates HTTP/1.1" 200 OK
INFO:     127.0.0.1:54921 - "GET /api/v1/stats HTTP/1.1" 200 OK
INFO:     127.0.0.1:54921 - "GET /api/v1/jobs HTTP/1.1" 200 OK
INFO:     127.0.0.1:54921 - "GET /api/v1/jobs/69f509c2bc3c3a0a6303fbc8/candidates HTTP/1.1" 200 OK
INFO:     127.0.0.1:54921 - "GET /api/v1/jobs/6a09c1ac706a290bda80c131/candidates HTTP/1.1" 200 OK
INFO:     127.0.0.1:54956 - "GET /api/v1/stats HTTP/1.1" 200 OK
INFO:     127.0.0.1:54956 - "GET /api/v1/jobs HTTP/1.1" 200 OK
INFO:     127.0.0.1:54956 - "GET /api/v1/jobs/69f509c2bc3c3a0a6303fbc8/candidates HTTP/1.1" 200 OK
INFO:     127.0.0.1:54956 - "GET /api/v1/jobs/6a09c1ac706a290bda80c131/candidates HTTP/1.1" 200 OK
2026-05-26 13:37:00.675 | INFO     | api:background_pipeline:41 - Poller: checking for new CVs...
2026-05-26 13:37:01.456 | ERROR    | intake.google_auth:get_google_credentials:29 - Error loading Google credentials: HTTPSConnectionPool(host='oauth2.googleapis.com', port=443): Max retries exceeded with url: /token (Caused by NameResolutionError("HTTPSConnection(host='oauth2.googleapis.com', port=443): Failed to resolve 'oauth2.googleapis.com' ([Errno 8] nodename nor servname provided, or not known)"))
2026-05-26 13:37:01.458 | WARNING  | intake.drive_fetcher:run:35 - DriveFetcher: Google authentication failed.
2026-05-26 13:37:06.105 | INFO     | extraction:process_pending_candidates:67 - Text extraction: found 0 candidates with status RECEIVED.
2026-05-26 13:37:06.105 | INFO     | extraction:process_pending_candidates:109 - Text extraction complete. Processed: 0, Failed: 0, Skipped: 0
2026-05-26 13:37:06.331 | INFO     | scoring.pipeline:run_scoring_pipeline:17 - Scoring pipeline: 0 candidates with status PROCESSING.
2026-05-26 13:37:06.331 | INFO     | scoring.pipeline:run_scoring_pipeline:89 - Scoring complete. {'scored': 0, 'shortlisted': 0, 'not_selected': 0, 'failed': 0}
2026-05-26 13:37:06.539 | INFO     | scoring.mcq_scorer:process_mcq_responses:73 - Checking MCQ responses for job: Software Engineer
2026-05-26 13:37:07.349 | DEBUG    | intake.google_auth:get_google_credentials:26 - Google credentials loaded and token refreshed. Service account: recruitment-ai-service@recruitment-ai-494910.iam.gserviceaccount.com
2026-05-26 13:37:08.583 | DEBUG    | scoring.mcq_scorer:process_mcq_responses:149 - Already scored: Fatimah Adeel - skipping
2026-05-26 13:37:09.096 | DEBUG    | scoring.mcq_scorer:process_mcq_responses:149 - Already scored: test candidate 2 - skipping
2026-05-26 13:37:09.279 | DEBUG    | scoring.mcq_scorer:process_mcq_responses:149 - Already scored: Fatimah Adeel - skipping
2026-05-26 13:37:09.625 | DEBUG    | scoring.mcq_scorer:process_mcq_responses:149 - Already scored: Sulleman Mir - skipping
2026-05-26 13:37:09.626 | INFO     | scoring.mcq_scorer:process_mcq_responses:73 - Checking MCQ responses for job: Data Analyst
2026-05-26 13:37:10.829 | DEBUG    | intake.google_auth:get_google_credentials:26 - Google credentials loaded and token refreshed. Service account: recruitment-ai-service@recruitment-ai-494910.iam.gserviceaccount.com
2026-05-26 13:37:12.179 | DEBUG    | scoring.mcq_scorer:process_mcq_responses:149 - Already scored: Muhammad Ibrahim Mir - skipping
2026-05-26 13:37:12.345 | DEBUG    | scoring.mcq_scorer:process_mcq_responses:149 - Already scored: Muhammad Ibrahim Mir - skipping
2026-05-26 13:37:12.345 | INFO     | scoring.mcq_scorer:process_mcq_responses:184 - MCQ processing complete: {'processed': 0, 'skipped': 7, 'errors': 0}
2026-05-26 13:37:13.034 | INFO     | notifications:notify_shortlisted_candidates:165 - Notification check: 0 shortlisted candidates.
2026-05-26 13:37:14.038 | INFO     | notifications:notify_shortlisted_candidates:233 - Notifications done: {'sent': 0, 'skipped': 0, 'failed': 0}
2026-05-26 13:37:14.201 | INFO     | notifications:notify_rejected_candidates:344 - Rejection check: 1 rejected candidates.
2026-05-26 13:37:14.361 | INFO     | notifications:notify_rejected_candidates:369 - Rejection notifications done: {'sent': 0, 'skipped': 1, 'failed': 0}
2026-05-26 13:37:14.362 | INFO     | api:background_pipeline:48 - Poller: cycle complete.
INFO:     127.0.0.1:55010 - "GET /api/v1/stats HTTP/1.1" 200 OK
INFO:     127.0.0.1:55017 - "GET /api/v1/jobs HTTP/1.1" 200 OK
INFO:     127.0.0.1:55017 - "GET /api/v1/jobs/69f509c2bc3c3a0a6303fbc8/candidates HTTP/1.1" 200 OK
INFO:     127.0.0.1:55018 - "GET /api/v1/jobs/6a09c1ac706a290bda80c131/candidates HTTP/1.1" 200 OK
INFO:     127.0.0.1:55030 - "GET /api/v1/stats HTTP/1.1" 200 OK
INFO:     127.0.0.1:55030 - "GET /api/v1/jobs HTTP/1.1" 200 OK
INFO:     127.0.0.1:55030 - "GET /api/v1/jobs/69f509c2bc3c3a0a6303fbc8/candidates HTTP/1.1" 200 OK
INFO:     127.0.0.1:55030 - "GET /api/v1/jobs/6a09c1ac706a290bda80c131/candidates HTTP/1.1" 200 OK
2026-05-26 13:42:14.381 | INFO     | api:background_pipeline:41 - Poller: checking for new CVs...
2026-05-26 13:42:15.240 | DEBUG    | intake.google_auth:get_google_credentials:26 - Google credentials loaded and token refreshed. Service account: recruitment-ai-service@recruitment-ai-494910.iam.gserviceaccount.com
2026-05-26 13:42:15.245 | DEBUG    | intake.drive_fetcher:_connect:59 - DriveFetcher: Google API session established.
2026-05-26 13:42:15.966 | DEBUG    | intake.drive_fetcher:_read_sheet_rows:80 - Read 8 rows from Google Sheets.
2026-05-26 13:42:15.966 | INFO     | intake.drive_fetcher:run:44 - DriveFetcher: 8 total form submissions found.
2026-05-26 13:42:16.132 | WARNING  | intake.drive_fetcher:_process_row:101 - No active job found for: ''
2026-05-26 13:42:17.241 | INFO     | intake.drive_fetcher:run:52 - DriveFetcher complete. New: 0, Skipped: 8, Errors: 0
2026-05-26 13:42:17.401 | INFO     | extraction:process_pending_candidates:67 - Text extraction: found 0 candidates with status RECEIVED.
2026-05-26 13:42:17.401 | INFO     | extraction:process_pending_candidates:109 - Text extraction complete. Processed: 0, Failed: 0, Skipped: 0
2026-05-26 13:42:17.557 | INFO     | scoring.pipeline:run_scoring_pipeline:17 - Scoring pipeline: 0 candidates with status PROCESSING.
2026-05-26 13:42:17.557 | INFO     | scoring.pipeline:run_scoring_pipeline:89 - Scoring complete. {'scored': 0, 'shortlisted': 0, 'not_selected': 0, 'failed': 0}
2026-05-26 13:42:17.714 | INFO     | scoring.mcq_scorer:process_mcq_responses:73 - Checking MCQ responses for job: Software Engineer
2026-05-26 13:42:18.322 | DEBUG    | intake.google_auth:get_google_credentials:26 - Google credentials loaded and token refreshed. Service account: recruitment-ai-service@recruitment-ai-494910.iam.gserviceaccount.com
2026-05-26 13:42:19.302 | DEBUG    | scoring.mcq_scorer:process_mcq_responses:149 - Already scored: Fatimah Adeel - skipping
2026-05-26 13:42:19.788 | DEBUG    | scoring.mcq_scorer:process_mcq_responses:149 - Already scored: test candidate 2 - skipping
2026-05-26 13:42:19.951 | DEBUG    | scoring.mcq_scorer:process_mcq_responses:149 - Already scored: Fatimah Adeel - skipping
2026-05-26 13:42:20.116 | DEBUG    | scoring.mcq_scorer:process_mcq_responses:149 - Already scored: Sulleman Mir - skipping
2026-05-26 13:42:20.117 | INFO     | scoring.mcq_scorer:process_mcq_responses:73 - Checking MCQ responses for job: Data Analyst
2026-05-26 13:42:20.726 | DEBUG    | intake.google_auth:get_google_credentials:26 - Google credentials loaded and token refreshed. Service account: recruitment-ai-service@recruitment-ai-494910.iam.gserviceaccount.com
2026-05-26 13:42:21.820 | DEBUG    | scoring.mcq_scorer:process_mcq_responses:149 - Already scored: Muhammad Ibrahim Mir - skipping
2026-05-26 13:42:21.982 | DEBUG    | scoring.mcq_scorer:process_mcq_responses:149 - Already scored: Muhammad Ibrahim Mir - skipping
2026-05-26 13:42:21.983 | INFO     | scoring.mcq_scorer:process_mcq_responses:184 - MCQ processing complete: {'processed': 0, 'skipped': 7, 'errors': 0}
2026-05-26 13:42:22.142 | INFO     | notifications:notify_shortlisted_candidates:165 - Notification check: 0 shortlisted candidates.
2026-05-26 13:42:23.090 | INFO     | notifications:notify_shortlisted_candidates:233 - Notifications done: {'sent': 0, 'skipped': 0, 'failed': 0}
2026-05-26 13:42:23.247 | INFO     | notifications:notify_rejected_candidates:344 - Rejection check: 1 rejected candidates.
2026-05-26 13:42:23.423 | INFO     | notifications:notify_rejected_candidates:369 - Rejection notifications done: {'sent': 0, 'skipped': 1, 'failed': 0}
2026-05-26 13:42:23.423 | INFO     | api:background_pipeline:48 - Poller: cycle complete.
2026-05-26 14:40:36.770 | INFO     | api:background_pipeline:41 - Poller: checking for new CVs...
2026-05-26 14:40:37.423 | DEBUG    | intake.google_auth:get_google_credentials:26 - Google credentials loaded and token refreshed. Service account: recruitment-ai-service@recruitment-ai-494910.iam.gserviceaccount.com
2026-05-26 14:40:37.425 | DEBUG    | intake.drive_fetcher:_connect:59 - DriveFetcher: Google API session established.
2026-05-26 14:40:38.322 | DEBUG    | intake.drive_fetcher:_read_sheet_rows:80 - Read 8 rows from Google Sheets.
2026-05-26 14:40:38.322 | INFO     | intake.drive_fetcher:run:44 - DriveFetcher: 8 total form submissions found.
2026-05-26 14:40:39.590 | WARNING  | intake.drive_fetcher:_process_row:101 - No active job found for: ''
2026-05-26 14:40:40.723 | INFO     | intake.drive_fetcher:run:52 - DriveFetcher complete. New: 0, Skipped: 8, Errors: 0
2026-05-26 14:40:40.892 | INFO     | extraction:process_pending_candidates:67 - Text extraction: found 0 candidates with status RECEIVED.
2026-05-26 14:40:40.892 | INFO     | extraction:process_pending_candidates:109 - Text extraction complete. Processed: 0, Failed: 0, Skipped: 0
2026-05-26 14:40:41.048 | INFO     | scoring.pipeline:run_scoring_pipeline:17 - Scoring pipeline: 0 candidates with status PROCESSING.
2026-05-26 14:40:41.048 | INFO     | scoring.pipeline:run_scoring_pipeline:89 - Scoring complete. {'scored': 0, 'shortlisted': 0, 'not_selected': 0, 'failed': 0}
2026-05-26 14:40:41.205 | INFO     | scoring.mcq_scorer:process_mcq_responses:73 - Checking MCQ responses for job: Software Engineer
2026-05-26 14:40:41.768 | DEBUG    | intake.google_auth:get_google_credentials:26 - Google credentials loaded and token refreshed. Service account: recruitment-ai-service@recruitment-ai-494910.iam.gserviceaccount.com
2026-05-26 14:40:42.868 | DEBUG    | scoring.mcq_scorer:process_mcq_responses:149 - Already scored: Fatimah Adeel - skipping
2026-05-26 14:40:43.336 | DEBUG    | scoring.mcq_scorer:process_mcq_responses:149 - Already scored: test candidate 2 - skipping
2026-05-26 14:40:43.501 | DEBUG    | scoring.mcq_scorer:process_mcq_responses:149 - Already scored: Fatimah Adeel - skipping
2026-05-26 14:40:43.660 | DEBUG    | scoring.mcq_scorer:process_mcq_responses:149 - Already scored: Sulleman Mir - skipping
2026-05-26 14:40:43.660 | INFO     | scoring.mcq_scorer:process_mcq_responses:73 - Checking MCQ responses for job: Data Analyst
2026-05-26 14:40:44.375 | DEBUG    | intake.google_auth:get_google_credentials:26 - Google credentials loaded and token refreshed. Service account: recruitment-ai-service@recruitment-ai-494910.iam.gserviceaccount.com
2026-05-26 14:40:45.583 | DEBUG    | scoring.mcq_scorer:process_mcq_responses:149 - Already scored: Muhammad Ibrahim Mir - skipping
2026-05-26 14:40:45.741 | DEBUG    | scoring.mcq_scorer:process_mcq_responses:149 - Already scored: Muhammad Ibrahim Mir - skipping
2026-05-26 14:40:45.742 | INFO     | scoring.mcq_scorer:process_mcq_responses:184 - MCQ processing complete: {'processed': 0, 'skipped': 7, 'errors': 0}
2026-05-26 14:40:45.906 | INFO     | notifications:notify_shortlisted_candidates:165 - Notification check: 0 shortlisted candidates.
2026-05-26 14:40:46.843 | INFO     | notifications:notify_shortlisted_candidates:233 - Notifications done: {'sent': 0, 'skipped': 0, 'failed': 0}
2026-05-26 14:40:47.001 | INFO     | notifications:notify_rejected_candidates:344 - Rejection check: 1 rejected candidates.
2026-05-26 14:40:47.155 | INFO     | notifications:notify_rejected_candidates:369 - Rejection notifications done: {'sent': 0, 'skipped': 1, 'failed': 0}
2026-05-26 14:40:47.159 | INFO     | api:background_pipeline:48 - Poller: cycle complete.
2026-05-26 19:46:55.565 | INFO     | api:background_pipeline:41 - Poller: checking for new CVs...
2026-05-26 19:46:56.550 | DEBUG    | intake.google_auth:get_google_credentials:26 - Google credentials loaded and token refreshed. Service account: recruitment-ai-service@recruitment-ai-494910.iam.gserviceaccount.com
2026-05-26 19:46:56.561 | DEBUG    | intake.drive_fetcher:_connect:59 - DriveFetcher: Google API session established.
2026-05-26 19:46:58.067 | DEBUG    | intake.drive_fetcher:_read_sheet_rows:80 - Read 8 rows from Google Sheets.
2026-05-26 19:46:58.067 | INFO     | intake.drive_fetcher:run:44 - DriveFetcher: 8 total form submissions found.
2026-05-26 19:46:59.863 | WARNING  | intake.drive_fetcher:_process_row:101 - No active job found for: ''
2026-05-26 19:47:01.315 | INFO     | intake.drive_fetcher:run:52 - DriveFetcher complete. New: 0, Skipped: 8, Errors: 0
2026-05-26 19:47:01.494 | INFO     | extraction:process_pending_candidates:67 - Text extraction: found 0 candidates with status RECEIVED.
2026-05-26 19:47:01.494 | INFO     | extraction:process_pending_candidates:109 - Text extraction complete. Processed: 0, Failed: 0, Skipped: 0
2026-05-26 19:47:01.829 | INFO     | scoring.pipeline:run_scoring_pipeline:17 - Scoring pipeline: 0 candidates with status PROCESSING.
2026-05-26 19:47:01.829 | INFO     | scoring.pipeline:run_scoring_pipeline:89 - Scoring complete. {'scored': 0, 'shortlisted': 0, 'not_selected': 0, 'failed': 0}
2026-05-26 19:47:02.023 | INFO     | scoring.mcq_scorer:process_mcq_responses:73 - Checking MCQ responses for job: Software Engineer
2026-05-26 19:47:02.839 | DEBUG    | intake.google_auth:get_google_credentials:26 - Google credentials loaded and token refreshed. Service account: recruitment-ai-service@recruitment-ai-494910.iam.gserviceaccount.com
2026-05-26 19:47:04.044 | DEBUG    | scoring.mcq_scorer:process_mcq_responses:149 - Already scored: Fatimah Adeel - skipping
2026-05-26 19:47:04.710 | DEBUG    | scoring.mcq_scorer:process_mcq_responses:149 - Already scored: test candidate 2 - skipping
2026-05-26 19:47:05.123 | DEBUG    | scoring.mcq_scorer:process_mcq_responses:149 - Already scored: Fatimah Adeel - skipping
2026-05-26 19:47:05.341 | DEBUG    | scoring.mcq_scorer:process_mcq_responses:149 - Already scored: Sulleman Mir - skipping
2026-05-26 19:47:05.341 | INFO     | scoring.mcq_scorer:process_mcq_responses:73 - Checking MCQ responses for job: Data Analyst
2026-05-26 19:47:06.220 | DEBUG    | intake.google_auth:get_google_credentials:26 - Google credentials loaded and token refreshed. Service account: recruitment-ai-service@recruitment-ai-494910.iam.gserviceaccount.com
2026-05-26 19:47:08.087 | DEBUG    | scoring.mcq_scorer:process_mcq_responses:149 - Already scored: Muhammad Ibrahim Mir - skipping
2026-05-26 19:47:08.255 | DEBUG    | scoring.mcq_scorer:process_mcq_responses:149 - Already scored: Muhammad Ibrahim Mir - skipping
2026-05-26 19:47:08.255 | INFO     | scoring.mcq_scorer:process_mcq_responses:184 - MCQ processing complete: {'processed': 0, 'skipped': 7, 'errors': 0}
2026-05-26 19:47:08.485 | INFO     | notifications:notify_shortlisted_candidates:165 - Notification check: 0 shortlisted candidates.
2026-05-26 19:47:09.674 | INFO     | notifications:notify_shortlisted_candidates:233 - Notifications done: {'sent': 0, 'skipped': 0, 'failed': 0}
2026-05-26 19:47:09.832 | INFO     | notifications:notify_rejected_candidates:344 - Rejection check: 1 rejected candidates.
2026-05-26 19:47:10.173 | INFO     | notifications:notify_rejected_candidates:369 - Rejection notifications done: {'sent': 0, 'skipped': 1, 'failed': 0}
2026-05-26 19:47:10.173 | INFO     | api:background_pipeline:48 - Poller: cycle complete.
2026-05-26 19:52:10.180 | INFO     | api:background_pipeline:41 - Poller: checking for new CVs...
2026-05-26 19:52:10.775 | DEBUG    | intake.google_auth:get_google_credentials:26 - Google credentials loaded and token refreshed. Service account: recruitment-ai-service@recruitment-ai-494910.iam.gserviceaccount.com
2026-05-26 19:52:10.780 | DEBUG    | intake.drive_fetcher:_connect:59 - DriveFetcher: Google API session established.
2026-05-26 19:52:12.261 | DEBUG    | intake.drive_fetcher:_read_sheet_rows:80 - Read 8 rows from Google Sheets.
2026-05-26 19:52:12.262 | INFO     | intake.drive_fetcher:run:44 - DriveFetcher: 8 total form submissions found.
2026-05-26 19:52:12.429 | WARNING  | intake.drive_fetcher:_process_row:101 - No active job found for: ''
2026-05-26 19:52:13.541 | INFO     | intake.drive_fetcher:run:52 - DriveFetcher complete. New: 0, Skipped: 8, Errors: 0
2026-05-26 19:52:13.705 | INFO     | extraction:process_pending_candidates:67 - Text extraction: found 0 candidates with status RECEIVED.
2026-05-26 19:52:13.705 | INFO     | extraction:process_pending_candidates:109 - Text extraction complete. Processed: 0, Failed: 0, Skipped: 0
2026-05-26 19:52:13.866 | INFO     | scoring.pipeline:run_scoring_pipeline:17 - Scoring pipeline: 0 candidates with status PROCESSING.
2026-05-26 19:52:13.866 | INFO     | scoring.pipeline:run_scoring_pipeline:89 - Scoring complete. {'scored': 0, 'shortlisted': 0, 'not_selected': 0, 'failed': 0}
2026-05-26 19:52:14.031 | INFO     | scoring.mcq_scorer:process_mcq_responses:73 - Checking MCQ responses for job: Software Engineer
2026-05-26 19:52:14.573 | DEBUG    | intake.google_auth:get_google_credentials:26 - Google credentials loaded and token refreshed. Service account: recruitment-ai-service@recruitment-ai-494910.iam.gserviceaccount.com
2026-05-26 19:52:15.560 | DEBUG    | scoring.mcq_scorer:process_mcq_responses:149 - Already scored: Fatimah Adeel - skipping
2026-05-26 19:52:16.051 | DEBUG    | scoring.mcq_scorer:process_mcq_responses:149 - Already scored: test candidate 2 - skipping
2026-05-26 19:52:16.219 | DEBUG    | scoring.mcq_scorer:process_mcq_responses:149 - Already scored: Fatimah Adeel - skipping
2026-05-26 19:52:16.386 | DEBUG    | scoring.mcq_scorer:process_mcq_responses:149 - Already scored: Sulleman Mir - skipping
2026-05-26 19:52:16.388 | INFO     | scoring.mcq_scorer:process_mcq_responses:73 - Checking MCQ responses for job: Data Analyst
2026-05-26 19:52:16.934 | DEBUG    | intake.google_auth:get_google_credentials:26 - Google credentials loaded and token refreshed. Service account: recruitment-ai-service@recruitment-ai-494910.iam.gserviceaccount.com
2026-05-26 19:52:17.952 | DEBUG    | scoring.mcq_scorer:process_mcq_responses:149 - Already scored: Muhammad Ibrahim Mir - skipping
2026-05-26 19:52:18.128 | DEBUG    | scoring.mcq_scorer:process_mcq_responses:149 - Already scored: Muhammad Ibrahim Mir - skipping
2026-05-26 19:52:18.129 | INFO     | scoring.mcq_scorer:process_mcq_responses:184 - MCQ processing complete: {'processed': 0, 'skipped': 7, 'errors': 0}
2026-05-26 19:52:18.298 | INFO     | notifications:notify_shortlisted_candidates:165 - Notification check: 0 shortlisted candidates.
2026-05-26 19:52:19.246 | INFO     | notifications:notify_shortlisted_candidates:233 - Notifications done: {'sent': 0, 'skipped': 0, 'failed': 0}
2026-05-26 19:52:19.406 | INFO     | notifications:notify_rejected_candidates:344 - Rejection check: 1 rejected candidates.
2026-05-26 19:52:19.566 | INFO     | notifications:notify_rejected_candidates:369 - Rejection notifications done: {'sent': 0, 'skipped': 1, 'failed': 0}
2026-05-26 19:52:19.566 | INFO     | api:background_pipeline:48 - Poller: cycle complete.
2026-05-26 19:57:19.570 | INFO     | api:background_pipeline:41 - Poller: checking for new CVs...
2026-05-26 19:57:20.220 | DEBUG    | intake.google_auth:get_google_credentials:26 - Google credentials loaded and token refreshed. Service account: recruitment-ai-service@recruitment-ai-494910.iam.gserviceaccount.com
2026-05-26 19:57:20.223 | DEBUG    | intake.drive_fetcher:_connect:59 - DriveFetcher: Google API session established.
2026-05-26 19:57:21.695 | DEBUG    | intake.drive_fetcher:_read_sheet_rows:80 - Read 8 rows from Google Sheets.
2026-05-26 19:57:21.696 | INFO     | intake.drive_fetcher:run:44 - DriveFetcher: 8 total form submissions found.
2026-05-26 19:57:21.879 | WARNING  | intake.drive_fetcher:_process_row:101 - No active job found for: ''
2026-05-26 19:57:23.055 | INFO     | intake.drive_fetcher:run:52 - DriveFetcher complete. New: 0, Skipped: 8, Errors: 0
2026-05-26 19:57:23.219 | INFO     | extraction:process_pending_candidates:67 - Text extraction: found 0 candidates with status RECEIVED.
2026-05-26 19:57:23.219 | INFO     | extraction:process_pending_candidates:109 - Text extraction complete. Processed: 0, Failed: 0, Skipped: 0
2026-05-26 19:57:23.380 | INFO     | scoring.pipeline:run_scoring_pipeline:17 - Scoring pipeline: 0 candidates with status PROCESSING.
2026-05-26 19:57:23.380 | INFO     | scoring.pipeline:run_scoring_pipeline:89 - Scoring complete. {'scored': 0, 'shortlisted': 0, 'not_selected': 0, 'failed': 0}
2026-05-26 19:57:23.542 | INFO     | scoring.mcq_scorer:process_mcq_responses:73 - Checking MCQ responses for job: Software Engineer
2026-05-26 19:57:24.106 | DEBUG    | intake.google_auth:get_google_credentials:26 - Google credentials loaded and token refreshed. Service account: recruitment-ai-service@recruitment-ai-494910.iam.gserviceaccount.com
2026-05-26 19:57:25.247 | DEBUG    | scoring.mcq_scorer:process_mcq_responses:149 - Already scored: Fatimah Adeel - skipping
2026-05-26 19:57:25.758 | DEBUG    | scoring.mcq_scorer:process_mcq_responses:149 - Already scored: test candidate 2 - skipping
2026-05-26 19:57:25.924 | DEBUG    | scoring.mcq_scorer:process_mcq_responses:149 - Already scored: Fatimah Adeel - skipping
2026-05-26 19:57:26.082 | DEBUG    | scoring.mcq_scorer:process_mcq_responses:149 - Already scored: Sulleman Mir - skipping
2026-05-26 19:57:26.082 | INFO     | scoring.mcq_scorer:process_mcq_responses:73 - Checking MCQ responses for job: Data Analyst
2026-05-26 19:57:26.652 | DEBUG    | intake.google_auth:get_google_credentials:26 - Google credentials loaded and token refreshed. Service account: recruitment-ai-service@recruitment-ai-494910.iam.gserviceaccount.com
2026-05-26 19:57:27.683 | DEBUG    | scoring.mcq_scorer:process_mcq_responses:149 - Already scored: Muhammad Ibrahim Mir - skipping
2026-05-26 19:57:27.851 | DEBUG    | scoring.mcq_scorer:process_mcq_responses:149 - Already scored: Muhammad Ibrahim Mir - skipping
2026-05-26 19:57:27.851 | INFO     | scoring.mcq_scorer:process_mcq_responses:184 - MCQ processing complete: {'processed': 0, 'skipped': 7, 'errors': 0}
2026-05-26 19:57:28.015 | INFO     | notifications:notify_shortlisted_candidates:165 - Notification check: 0 shortlisted candidates.
2026-05-26 19:57:29.003 | INFO     | notifications:notify_shortlisted_candidates:233 - Notifications done: {'sent': 0, 'skipped': 0, 'failed': 0}
2026-05-26 19:57:29.169 | INFO     | notifications:notify_rejected_candidates:344 - Rejection check: 1 rejected candidates.
2026-05-26 19:57:29.337 | INFO     | notifications:notify_rejected_candidates:369 - Rejection notifications done: {'sent': 0, 'skipped': 1, 'failed': 0}
2026-05-26 19:57:29.337 | INFO     | api:background_pipeline:48 - Poller: cycle complete.
2026-05-26 20:02:29.342 | INFO     | api:background_pipeline:41 - Poller: checking for new CVs...
2026-05-26 20:02:29.963 | DEBUG    | intake.google_auth:get_google_credentials:26 - Google credentials loaded and token refreshed. Service account: recruitment-ai-service@recruitment-ai-494910.iam.gserviceaccount.com
2026-05-26 20:02:29.966 | DEBUG    | intake.drive_fetcher:_connect:59 - DriveFetcher: Google API session established.
2026-05-26 20:02:31.657 | DEBUG    | intake.drive_fetcher:_read_sheet_rows:80 - Read 8 rows from Google Sheets.
2026-05-26 20:02:31.665 | INFO     | intake.drive_fetcher:run:44 - DriveFetcher: 8 total form submissions found.
2026-05-26 20:02:31.862 | WARNING  | intake.drive_fetcher:_process_row:101 - No active job found for: ''
2026-05-26 20:02:33.001 | INFO     | intake.drive_fetcher:run:52 - DriveFetcher complete. New: 0, Skipped: 8, Errors: 0
2026-05-26 20:02:33.233 | INFO     | extraction:process_pending_candidates:67 - Text extraction: found 0 candidates with status RECEIVED.
2026-05-26 20:02:33.233 | INFO     | extraction:process_pending_candidates:109 - Text extraction complete. Processed: 0, Failed: 0, Skipped: 0
2026-05-26 20:02:33.401 | INFO     | scoring.pipeline:run_scoring_pipeline:17 - Scoring pipeline: 0 candidates with status PROCESSING.
2026-05-26 20:02:33.401 | INFO     | scoring.pipeline:run_scoring_pipeline:89 - Scoring complete. {'scored': 0, 'shortlisted': 0, 'not_selected': 0, 'failed': 0}
2026-05-26 20:02:33.606 | INFO     | scoring.mcq_scorer:process_mcq_responses:73 - Checking MCQ responses for job: Software Engineer
2026-05-26 20:02:34.162 | DEBUG    | intake.google_auth:get_google_credentials:26 - Google credentials loaded and token refreshed. Service account: recruitment-ai-service@recruitment-ai-494910.iam.gserviceaccount.com
2026-05-26 20:02:35.286 | DEBUG    | scoring.mcq_scorer:process_mcq_responses:149 - Already scored: Fatimah Adeel - skipping
2026-05-26 20:02:35.835 | DEBUG    | scoring.mcq_scorer:process_mcq_responses:149 - Already scored: test candidate 2 - skipping
2026-05-26 20:02:36.019 | DEBUG    | scoring.mcq_scorer:process_mcq_responses:149 - Already scored: Fatimah Adeel - skipping
2026-05-26 20:02:36.210 | DEBUG    | scoring.mcq_scorer:process_mcq_responses:149 - Already scored: Sulleman Mir - skipping
2026-05-26 20:02:36.210 | INFO     | scoring.mcq_scorer:process_mcq_responses:73 - Checking MCQ responses for job: Data Analyst
2026-05-26 20:02:36.798 | DEBUG    | intake.google_auth:get_google_credentials:26 - Google credentials loaded and token refreshed. Service account: recruitment-ai-service@recruitment-ai-494910.iam.gserviceaccount.com
2026-05-26 20:02:37.735 | DEBUG    | scoring.mcq_scorer:process_mcq_responses:149 - Already scored: Muhammad Ibrahim Mir - skipping
2026-05-26 20:02:37.903 | DEBUG    | scoring.mcq_scorer:process_mcq_responses:149 - Already scored: Muhammad Ibrahim Mir - skipping
2026-05-26 20:02:37.903 | INFO     | scoring.mcq_scorer:process_mcq_responses:184 - MCQ processing complete: {'processed': 0, 'skipped': 7, 'errors': 0}
2026-05-26 20:02:38.063 | INFO     | notifications:notify_shortlisted_candidates:165 - Notification check: 0 shortlisted candidates.
2026-05-26 20:02:39.048 | INFO     | notifications:notify_shortlisted_candidates:233 - Notifications done: {'sent': 0, 'skipped': 0, 'failed': 0}
2026-05-26 20:02:39.206 | INFO     | notifications:notify_rejected_candidates:344 - Rejection check: 1 rejected candidates.
2026-05-26 20:02:39.366 | INFO     | notifications:notify_rejected_candidates:369 - Rejection notifications done: {'sent': 0, 'skipped': 1, 'failed': 0}
2026-05-26 20:02:39.367 | INFO     | api:background_pipeline:48 - Poller: cycle complete.
2026-05-26 20:07:39.372 | INFO     | api:background_pipeline:41 - Poller: checking for new CVs...
2026-05-26 20:07:39.994 | DEBUG    | intake.google_auth:get_google_credentials:26 - Google credentials loaded and token refreshed. Service account: recruitment-ai-service@recruitment-ai-494910.iam.gserviceaccount.com
2026-05-26 20:07:39.996 | DEBUG    | intake.drive_fetcher:_connect:59 - DriveFetcher: Google API session established.
2026-05-26 20:07:41.620 | DEBUG    | intake.drive_fetcher:_read_sheet_rows:80 - Read 8 rows from Google Sheets.
2026-05-26 20:07:41.620 | INFO     | intake.drive_fetcher:run:44 - DriveFetcher: 8 total form submissions found.
2026-05-26 20:07:41.785 | WARNING  | intake.drive_fetcher:_process_row:101 - No active job found for: ''
2026-05-26 20:07:42.912 | INFO     | intake.drive_fetcher:run:52 - DriveFetcher complete. New: 0, Skipped: 8, Errors: 0
2026-05-26 20:07:43.072 | INFO     | extraction:process_pending_candidates:67 - Text extraction: found 0 candidates with status RECEIVED.
2026-05-26 20:07:43.072 | INFO     | extraction:process_pending_candidates:109 - Text extraction complete. Processed: 0, Failed: 0, Skipped: 0
2026-05-26 20:07:43.229 | INFO     | scoring.pipeline:run_scoring_pipeline:17 - Scoring pipeline: 0 candidates with status PROCESSING.
2026-05-26 20:07:43.230 | INFO     | scoring.pipeline:run_scoring_pipeline:89 - Scoring complete. {'scored': 0, 'shortlisted': 0, 'not_selected': 0, 'failed': 0}
2026-05-26 20:07:43.391 | INFO     | scoring.mcq_scorer:process_mcq_responses:73 - Checking MCQ responses for job: Software Engineer
2026-05-26 20:07:43.918 | DEBUG    | intake.google_auth:get_google_credentials:26 - Google credentials loaded and token refreshed. Service account: recruitment-ai-service@recruitment-ai-494910.iam.gserviceaccount.com
2026-05-26 20:07:45.068 | DEBUG    | scoring.mcq_scorer:process_mcq_responses:149 - Already scored: Fatimah Adeel - skipping
2026-05-26 20:07:45.582 | DEBUG    | scoring.mcq_scorer:process_mcq_responses:149 - Already scored: test candidate 2 - skipping
2026-05-26 20:07:45.746 | DEBUG    | scoring.mcq_scorer:process_mcq_responses:149 - Already scored: Fatimah Adeel - skipping
2026-05-26 20:07:45.907 | DEBUG    | scoring.mcq_scorer:process_mcq_responses:149 - Already scored: Sulleman Mir - skipping
2026-05-26 20:07:45.908 | INFO     | scoring.mcq_scorer:process_mcq_responses:73 - Checking MCQ responses for job: Data Analyst
2026-05-26 20:07:46.447 | DEBUG    | intake.google_auth:get_google_credentials:26 - Google credentials loaded and token refreshed. Service account: recruitment-ai-service@recruitment-ai-494910.iam.gserviceaccount.com
2026-05-26 20:07:47.613 | DEBUG    | scoring.mcq_scorer:process_mcq_responses:149 - Already scored: Muhammad Ibrahim Mir - skipping
2026-05-26 20:07:47.792 | DEBUG    | scoring.mcq_scorer:process_mcq_responses:149 - Already scored: Muhammad Ibrahim Mir - skipping
2026-05-26 20:07:47.795 | INFO     | scoring.mcq_scorer:process_mcq_responses:184 - MCQ processing complete: {'processed': 0, 'skipped': 7, 'errors': 0}
2026-05-26 20:07:47.959 | INFO     | notifications:notify_shortlisted_candidates:165 - Notification check: 0 shortlisted candidates.
2026-05-26 20:07:48.971 | INFO     | notifications:notify_shortlisted_candidates:233 - Notifications done: {'sent': 0, 'skipped': 0, 'failed': 0}
2026-05-26 20:07:49.169 | INFO     | notifications:notify_rejected_candidates:344 - Rejection check: 1 rejected candidates.
2026-05-26 20:07:49.340 | INFO     | notifications:notify_rejected_candidates:369 - Rejection notifications done: {'sent': 0, 'skipped': 1, 'failed': 0}
2026-05-26 20:07:49.341 | INFO     | api:background_pipeline:48 - Poller: cycle complete.
2026-05-26 20:12:49.344 | INFO     | api:background_pipeline:41 - Poller: checking for new CVs...
2026-05-26 20:12:49.959 | DEBUG    | intake.google_auth:get_google_credentials:26 - Google credentials loaded and token refreshed. Service account: recruitment-ai-service@recruitment-ai-494910.iam.gserviceaccount.com
2026-05-26 20:12:49.967 | DEBUG    | intake.drive_fetcher:_connect:59 - DriveFetcher: Google API session established.
2026-05-26 20:12:51.210 | DEBUG    | intake.drive_fetcher:_read_sheet_rows:80 - Read 8 rows from Google Sheets.
2026-05-26 20:12:51.210 | INFO     | intake.drive_fetcher:run:44 - DriveFetcher: 8 total form submissions found.
2026-05-26 20:12:51.371 | WARNING  | intake.drive_fetcher:_process_row:101 - No active job found for: ''
2026-05-26 20:12:52.629 | INFO     | intake.drive_fetcher:run:52 - DriveFetcher complete. New: 0, Skipped: 8, Errors: 0
2026-05-26 20:12:52.799 | INFO     | extraction:process_pending_candidates:67 - Text extraction: found 0 candidates with status RECEIVED.
2026-05-26 20:12:52.799 | INFO     | extraction:process_pending_candidates:109 - Text extraction complete. Processed: 0, Failed: 0, Skipped: 0
2026-05-26 20:12:52.956 | INFO     | scoring.pipeline:run_scoring_pipeline:17 - Scoring pipeline: 0 candidates with status PROCESSING.
2026-05-26 20:12:52.956 | INFO     | scoring.pipeline:run_scoring_pipeline:89 - Scoring complete. {'scored': 0, 'shortlisted': 0, 'not_selected': 0, 'failed': 0}
2026-05-26 20:12:53.142 | INFO     | scoring.mcq_scorer:process_mcq_responses:73 - Checking MCQ responses for job: Software Engineer
2026-05-26 20:12:53.763 | DEBUG    | intake.google_auth:get_google_credentials:26 - Google credentials loaded and token refreshed. Service account: recruitment-ai-service@recruitment-ai-494910.iam.gserviceaccount.com
2026-05-26 20:12:54.797 | DEBUG    | scoring.mcq_scorer:process_mcq_responses:149 - Already scored: Fatimah Adeel - skipping
2026-05-26 20:12:55.395 | DEBUG    | scoring.mcq_scorer:process_mcq_responses:149 - Already scored: test candidate 2 - skipping
2026-05-26 20:12:55.554 | DEBUG    | scoring.mcq_scorer:process_mcq_responses:149 - Already scored: Fatimah Adeel - skipping
2026-05-26 20:12:55.719 | DEBUG    | scoring.mcq_scorer:process_mcq_responses:149 - Already scored: Sulleman Mir - skipping
2026-05-26 20:12:55.719 | INFO     | scoring.mcq_scorer:process_mcq_responses:73 - Checking MCQ responses for job: Data Analyst
2026-05-26 20:12:56.285 | DEBUG    | intake.google_auth:get_google_credentials:26 - Google credentials loaded and token refreshed. Service account: recruitment-ai-service@recruitment-ai-494910.iam.gserviceaccount.com
2026-05-26 20:12:57.307 | DEBUG    | scoring.mcq_scorer:process_mcq_responses:149 - Already scored: Muhammad Ibrahim Mir - skipping
2026-05-26 20:12:57.476 | DEBUG    | scoring.mcq_scorer:process_mcq_responses:149 - Already scored: Muhammad Ibrahim Mir - skipping
2026-05-26 20:12:57.476 | INFO     | scoring.mcq_scorer:process_mcq_responses:184 - MCQ processing complete: {'processed': 0, 'skipped': 7, 'errors': 0}
2026-05-26 20:12:57.641 | INFO     | notifications:notify_shortlisted_candidates:165 - Notification check: 0 shortlisted candidates.
2026-05-26 20:12:58.612 | INFO     | notifications:notify_shortlisted_candidates:233 - Notifications done: {'sent': 0, 'skipped': 0, 'failed': 0}
2026-05-26 20:12:58.769 | INFO     | notifications:notify_rejected_candidates:344 - Rejection check: 1 rejected candidates.
2026-05-26 20:12:58.929 | INFO     | notifications:notify_rejected_candidates:369 - Rejection notifications done: {'sent': 0, 'skipped': 1, 'failed': 0}
2026-05-26 20:12:58.930 | INFO     | api:background_pipeline:48 - Poller: cycle complete.
2026-05-26 20:17:58.934 | INFO     | api:background_pipeline:41 - Poller: checking for new CVs...
2026-05-26 20:17:59.558 | DEBUG    | intake.google_auth:get_google_credentials:26 - Google credentials loaded and token refreshed. Service account: recruitment-ai-service@recruitment-ai-494910.iam.gserviceaccount.com
2026-05-26 20:17:59.562 | DEBUG    | intake.drive_fetcher:_connect:59 - DriveFetcher: Google API session established.
2026-05-26 20:18:01.045 | DEBUG    | intake.drive_fetcher:_read_sheet_rows:80 - Read 8 rows from Google Sheets.
2026-05-26 20:18:01.045 | INFO     | intake.drive_fetcher:run:44 - DriveFetcher: 8 total form submissions found.
2026-05-26 20:18:01.209 | WARNING  | intake.drive_fetcher:_process_row:101 - No active job found for: ''
2026-05-26 20:18:02.314 | INFO     | intake.drive_fetcher:run:52 - DriveFetcher complete. New: 0, Skipped: 8, Errors: 0
2026-05-26 20:18:02.474 | INFO     | extraction:process_pending_candidates:67 - Text extraction: found 0 candidates with status RECEIVED.
2026-05-26 20:18:02.474 | INFO     | extraction:process_pending_candidates:109 - Text extraction complete. Processed: 0, Failed: 0, Skipped: 0
2026-05-26 20:18:02.633 | INFO     | scoring.pipeline:run_scoring_pipeline:17 - Scoring pipeline: 0 candidates with status PROCESSING.
2026-05-26 20:18:02.633 | INFO     | scoring.pipeline:run_scoring_pipeline:89 - Scoring complete. {'scored': 0, 'shortlisted': 0, 'not_selected': 0, 'failed': 0}
2026-05-26 20:18:02.792 | INFO     | scoring.mcq_scorer:process_mcq_responses:73 - Checking MCQ responses for job: Software Engineer
2026-05-26 20:18:03.332 | DEBUG    | intake.google_auth:get_google_credentials:26 - Google credentials loaded and token refreshed. Service account: recruitment-ai-service@recruitment-ai-494910.iam.gserviceaccount.com
2026-05-26 20:18:04.542 | DEBUG    | scoring.mcq_scorer:process_mcq_responses:149 - Already scored: Fatimah Adeel - skipping
2026-05-26 20:18:05.016 | DEBUG    | scoring.mcq_scorer:process_mcq_responses:149 - Already scored: test candidate 2 - skipping
2026-05-26 20:18:05.208 | DEBUG    | scoring.mcq_scorer:process_mcq_responses:149 - Already scored: Fatimah Adeel - skipping
2026-05-26 20:18:05.368 | DEBUG    | scoring.mcq_scorer:process_mcq_responses:149 - Already scored: Sulleman Mir - skipping
2026-05-26 20:18:05.369 | INFO     | scoring.mcq_scorer:process_mcq_responses:73 - Checking MCQ responses for job: Data Analyst
2026-05-26 20:18:05.903 | DEBUG    | intake.google_auth:get_google_credentials:26 - Google credentials loaded and token refreshed. Service account: recruitment-ai-service@recruitment-ai-494910.iam.gserviceaccount.com
2026-05-26 20:18:07.308 | DEBUG    | scoring.mcq_scorer:process_mcq_responses:149 - Already scored: Muhammad Ibrahim Mir - skipping
2026-05-26 20:18:07.470 | DEBUG    | scoring.mcq_scorer:process_mcq_responses:149 - Already scored: Muhammad Ibrahim Mir - skipping
2026-05-26 20:18:07.471 | INFO     | scoring.mcq_scorer:process_mcq_responses:184 - MCQ processing complete: {'processed': 0, 'skipped': 7, 'errors': 0}
2026-05-26 20:18:07.632 | INFO     | notifications:notify_shortlisted_candidates:165 - Notification check: 0 shortlisted candidates.
2026-05-26 20:18:08.646 | INFO     | notifications:notify_shortlisted_candidates:233 - Notifications done: {'sent': 0, 'skipped': 0, 'failed': 0}
2026-05-26 20:18:08.806 | INFO     | notifications:notify_rejected_candidates:344 - Rejection check: 1 rejected candidates.
2026-05-26 20:18:08.968 | INFO     | notifications:notify_rejected_candidates:369 - Rejection notifications done: {'sent': 0, 'skipped': 1, 'failed': 0}
2026-05-26 20:18:08.968 | INFO     | api:background_pipeline:48 - Poller: cycle complete.
2026-05-26 20:23:08.974 | INFO     | api:background_pipeline:41 - Poller: checking for new CVs...
2026-05-26 20:23:09.769 | DEBUG    | intake.google_auth:get_google_credentials:26 - Google credentials loaded and token refreshed. Service account: recruitment-ai-service@recruitment-ai-494910.iam.gserviceaccount.com
2026-05-26 20:23:09.771 | DEBUG    | intake.drive_fetcher:_connect:59 - DriveFetcher: Google API session established.
2026-05-26 20:23:10.671 | DEBUG    | intake.drive_fetcher:_read_sheet_rows:80 - Read 8 rows from Google Sheets.
2026-05-26 20:23:10.671 | INFO     | intake.drive_fetcher:run:44 - DriveFetcher: 8 total form submissions found.
2026-05-26 20:23:10.835 | WARNING  | intake.drive_fetcher:_process_row:101 - No active job found for: ''
2026-05-26 20:23:11.999 | INFO     | intake.drive_fetcher:run:52 - DriveFetcher complete. New: 0, Skipped: 8, Errors: 0
2026-05-26 20:23:12.302 | INFO     | extraction:process_pending_candidates:67 - Text extraction: found 0 candidates with status RECEIVED.
2026-05-26 20:23:12.302 | INFO     | extraction:process_pending_candidates:109 - Text extraction complete. Processed: 0, Failed: 0, Skipped: 0
2026-05-26 20:23:12.476 | INFO     | scoring.pipeline:run_scoring_pipeline:17 - Scoring pipeline: 0 candidates with status PROCESSING.
2026-05-26 20:23:12.476 | INFO     | scoring.pipeline:run_scoring_pipeline:89 - Scoring complete. {'scored': 0, 'shortlisted': 0, 'not_selected': 0, 'failed': 0}
2026-05-26 20:23:12.636 | INFO     | scoring.mcq_scorer:process_mcq_responses:73 - Checking MCQ responses for job: Software Engineer
2026-05-26 20:23:13.270 | DEBUG    | intake.google_auth:get_google_credentials:26 - Google credentials loaded and token refreshed. Service account: recruitment-ai-service@recruitment-ai-494910.iam.gserviceaccount.com
2026-05-26 20:23:14.531 | DEBUG    | scoring.mcq_scorer:process_mcq_responses:149 - Already scored: Fatimah Adeel - skipping
2026-05-26 20:23:15.033 | DEBUG    | scoring.mcq_scorer:process_mcq_responses:149 - Already scored: test candidate 2 - skipping
2026-05-26 20:23:15.202 | DEBUG    | scoring.mcq_scorer:process_mcq_responses:149 - Already scored: Fatimah Adeel - skipping
2026-05-26 20:23:15.362 | DEBUG    | scoring.mcq_scorer:process_mcq_responses:149 - Already scored: Sulleman Mir - skipping
2026-05-26 20:23:15.363 | INFO     | scoring.mcq_scorer:process_mcq_responses:73 - Checking MCQ responses for job: Data Analyst
2026-05-26 20:23:15.948 | DEBUG    | intake.google_auth:get_google_credentials:26 - Google credentials loaded and token refreshed. Service account: recruitment-ai-service@recruitment-ai-494910.iam.gserviceaccount.com
2026-05-26 20:23:17.083 | DEBUG    | scoring.mcq_scorer:process_mcq_responses:149 - Already scored: Muhammad Ibrahim Mir - skipping
2026-05-26 20:23:17.244 | DEBUG    | scoring.mcq_scorer:process_mcq_responses:149 - Already scored: Muhammad Ibrahim Mir - skipping
2026-05-26 20:23:17.244 | INFO     | scoring.mcq_scorer:process_mcq_responses:184 - MCQ processing complete: {'processed': 0, 'skipped': 7, 'errors': 0}
2026-05-26 20:23:17.413 | INFO     | notifications:notify_shortlisted_candidates:165 - Notification check: 0 shortlisted candidates.
2026-05-26 20:23:18.484 | INFO     | notifications:notify_shortlisted_candidates:233 - Notifications done: {'sent': 0, 'skipped': 0, 'failed': 0}
2026-05-26 20:23:18.657 | INFO     | notifications:notify_rejected_candidates:344 - Rejection check: 1 rejected candidates.
2026-05-26 20:23:18.833 | INFO     | notifications:notify_rejected_candidates:369 - Rejection notifications done: {'sent': 0, 'skipped': 1, 'failed': 0}
2026-05-26 20:23:18.833 | INFO     | api:background_pipeline:48 - Poller: cycle complete.
2026-05-26 20:28:18.839 | INFO     | api:background_pipeline:41 - Poller: checking for new CVs...
2026-05-26 20:28:19.393 | DEBUG    | intake.google_auth:get_google_credentials:26 - Google credentials loaded and token refreshed. Service account: recruitment-ai-service@recruitment-ai-494910.iam.gserviceaccount.com
2026-05-26 20:28:19.399 | DEBUG    | intake.drive_fetcher:_connect:59 - DriveFetcher: Google API session established.
2026-05-26 20:28:20.868 | DEBUG    | intake.drive_fetcher:_read_sheet_rows:80 - Read 8 rows from Google Sheets.
2026-05-26 20:28:20.868 | INFO     | intake.drive_fetcher:run:44 - DriveFetcher: 8 total form submissions found.
2026-05-26 20:28:21.026 | WARNING  | intake.drive_fetcher:_process_row:101 - No active job found for: ''
2026-05-26 20:28:22.130 | INFO     | intake.drive_fetcher:run:52 - DriveFetcher complete. New: 0, Skipped: 8, Errors: 0
2026-05-26 20:28:22.294 | INFO     | extraction:process_pending_candidates:67 - Text extraction: found 0 candidates with status RECEIVED.
2026-05-26 20:28:22.295 | INFO     | extraction:process_pending_candidates:109 - Text extraction complete. Processed: 0, Failed: 0, Skipped: 0
2026-05-26 20:28:22.452 | INFO     | scoring.pipeline:run_scoring_pipeline:17 - Scoring pipeline: 0 candidates with status PROCESSING.
2026-05-26 20:28:22.452 | INFO     | scoring.pipeline:run_scoring_pipeline:89 - Scoring complete. {'scored': 0, 'shortlisted': 0, 'not_selected': 0, 'failed': 0}
2026-05-26 20:28:22.609 | INFO     | scoring.mcq_scorer:process_mcq_responses:73 - Checking MCQ responses for job: Software Engineer
2026-05-26 20:28:23.129 | DEBUG    | intake.google_auth:get_google_credentials:26 - Google credentials loaded and token refreshed. Service account: recruitment-ai-service@recruitment-ai-494910.iam.gserviceaccount.com
2026-05-26 20:28:24.280 | DEBUG    | scoring.mcq_scorer:process_mcq_responses:149 - Already scored: Fatimah Adeel - skipping
2026-05-26 20:28:24.768 | DEBUG    | scoring.mcq_scorer:process_mcq_responses:149 - Already scored: test candidate 2 - skipping
2026-05-26 20:28:24.926 | DEBUG    | scoring.mcq_scorer:process_mcq_responses:149 - Already scored: Fatimah Adeel - skipping
2026-05-26 20:28:25.087 | DEBUG    | scoring.mcq_scorer:process_mcq_responses:149 - Already scored: Sulleman Mir - skipping
2026-05-26 20:28:25.087 | INFO     | scoring.mcq_scorer:process_mcq_responses:73 - Checking MCQ responses for job: Data Analyst
2026-05-26 20:28:25.661 | DEBUG    | intake.google_auth:get_google_credentials:26 - Google credentials loaded and token refreshed. Service account: recruitment-ai-service@recruitment-ai-494910.iam.gserviceaccount.com
2026-05-26 20:28:27.318 | DEBUG    | scoring.mcq_scorer:process_mcq_responses:149 - Already scored: Muhammad Ibrahim Mir - skipping
2026-05-26 20:28:27.476 | DEBUG    | scoring.mcq_scorer:process_mcq_responses:149 - Already scored: Muhammad Ibrahim Mir - skipping
2026-05-26 20:28:27.476 | INFO     | scoring.mcq_scorer:process_mcq_responses:184 - MCQ processing complete: {'processed': 0, 'skipped': 7, 'errors': 0}
2026-05-26 20:28:27.634 | INFO     | notifications:notify_shortlisted_candidates:165 - Notification check: 0 shortlisted candidates.
2026-05-26 20:28:28.582 | INFO     | notifications:notify_shortlisted_candidates:233 - Notifications done: {'sent': 0, 'skipped': 0, 'failed': 0}
2026-05-26 20:28:28.745 | INFO     | notifications:notify_rejected_candidates:344 - Rejection check: 1 rejected candidates.
2026-05-26 20:28:28.917 | INFO     | notifications:notify_rejected_candidates:369 - Rejection notifications done: {'sent': 0, 'skipped': 1, 'failed': 0}
2026-05-26 20:28:28.920 | INFO     | api:background_pipeline:48 - Poller: cycle complete.
2026-05-26 20:33:28.925 | INFO     | api:background_pipeline:41 - Poller: checking for new CVs...
2026-05-26 20:33:29.541 | DEBUG    | intake.google_auth:get_google_credentials:26 - Google credentials loaded and token refreshed. Service account: recruitment-ai-service@recruitment-ai-494910.iam.gserviceaccount.com
2026-05-26 20:33:29.543 | DEBUG    | intake.drive_fetcher:_connect:59 - DriveFetcher: Google API session established.
2026-05-26 20:33:31.281 | DEBUG    | intake.drive_fetcher:_read_sheet_rows:80 - Read 8 rows from Google Sheets.
2026-05-26 20:33:31.281 | INFO     | intake.drive_fetcher:run:44 - DriveFetcher: 8 total form submissions found.
2026-05-26 20:33:31.444 | WARNING  | intake.drive_fetcher:_process_row:101 - No active job found for: ''
2026-05-26 20:33:32.592 | INFO     | intake.drive_fetcher:run:52 - DriveFetcher complete. New: 0, Skipped: 8, Errors: 0
2026-05-26 20:33:32.768 | INFO     | extraction:process_pending_candidates:67 - Text extraction: found 0 candidates with status RECEIVED.
2026-05-26 20:33:32.769 | INFO     | extraction:process_pending_candidates:109 - Text extraction complete. Processed: 0, Failed: 0, Skipped: 0
2026-05-26 20:33:32.925 | INFO     | scoring.pipeline:run_scoring_pipeline:17 - Scoring pipeline: 0 candidates with status PROCESSING.
2026-05-26 20:33:32.925 | INFO     | scoring.pipeline:run_scoring_pipeline:89 - Scoring complete. {'scored': 0, 'shortlisted': 0, 'not_selected': 0, 'failed': 0}
2026-05-26 20:33:33.082 | INFO     | scoring.mcq_scorer:process_mcq_responses:73 - Checking MCQ responses for job: Software Engineer
2026-05-26 20:33:33.655 | DEBUG    | intake.google_auth:get_google_credentials:26 - Google credentials loaded and token refreshed. Service account: recruitment-ai-service@recruitment-ai-494910.iam.gserviceaccount.com
2026-05-26 20:33:34.819 | DEBUG    | scoring.mcq_scorer:process_mcq_responses:149 - Already scored: Fatimah Adeel - skipping
2026-05-26 20:33:35.309 | DEBUG    | scoring.mcq_scorer:process_mcq_responses:149 - Already scored: test candidate 2 - skipping
2026-05-26 20:33:35.467 | DEBUG    | scoring.mcq_scorer:process_mcq_responses:149 - Already scored: Fatimah Adeel - skipping
2026-05-26 20:33:35.635 | DEBUG    | scoring.mcq_scorer:process_mcq_responses:149 - Already scored: Sulleman Mir - skipping
2026-05-26 20:33:35.635 | INFO     | scoring.mcq_scorer:process_mcq_responses:73 - Checking MCQ responses for job: Data Analyst
2026-05-26 20:33:36.223 | DEBUG    | intake.google_auth:get_google_credentials:26 - Google credentials loaded and token refreshed. Service account: recruitment-ai-service@recruitment-ai-494910.iam.gserviceaccount.com
2026-05-26 20:33:37.276 | DEBUG    | scoring.mcq_scorer:process_mcq_responses:149 - Already scored: Muhammad Ibrahim Mir - skipping
2026-05-26 20:33:37.442 | DEBUG    | scoring.mcq_scorer:process_mcq_responses:149 - Already scored: Muhammad Ibrahim Mir - skipping
2026-05-26 20:33:37.443 | INFO     | scoring.mcq_scorer:process_mcq_responses:184 - MCQ processing complete: {'processed': 0, 'skipped': 7, 'errors': 0}
2026-05-26 20:33:37.603 | INFO     | notifications:notify_shortlisted_candidates:165 - Notification check: 0 shortlisted candidates.
2026-05-26 20:33:38.588 | INFO     | notifications:notify_shortlisted_candidates:233 - Notifications done: {'sent': 0, 'skipped': 0, 'failed': 0}
2026-05-26 20:33:38.756 | INFO     | notifications:notify_rejected_candidates:344 - Rejection check: 1 rejected candidates.
2026-05-26 20:33:38.922 | INFO     | notifications:notify_rejected_candidates:369 - Rejection notifications done: {'sent': 0, 'skipped': 1, 'failed': 0}
2026-05-26 20:33:38.923 | INFO     | api:background_pipeline:48 - Poller: cycle complete.
2026-05-26 20:38:38.926 | INFO     | api:background_pipeline:41 - Poller: checking for new CVs...
2026-05-26 20:38:39.886 | DEBUG    | intake.google_auth:get_google_credentials:26 - Google credentials loaded and token refreshed. Service account: recruitment-ai-service@recruitment-ai-494910.iam.gserviceaccount.com
2026-05-26 20:38:39.888 | DEBUG    | intake.drive_fetcher:_connect:59 - DriveFetcher: Google API session established.
2026-05-26 20:38:42.365 | DEBUG    | intake.drive_fetcher:_read_sheet_rows:80 - Read 8 rows from Google Sheets.
2026-05-26 20:38:42.365 | INFO     | intake.drive_fetcher:run:44 - DriveFetcher: 8 total form submissions found.
2026-05-26 20:38:42.532 | WARNING  | intake.drive_fetcher:_process_row:101 - No active job found for: ''
2026-05-26 20:38:45.077 | INFO     | intake.drive_fetcher:run:52 - DriveFetcher complete. New: 0, Skipped: 8, Errors: 0
2026-05-26 20:38:45.440 | INFO     | extraction:process_pending_candidates:67 - Text extraction: found 0 candidates with status RECEIVED.
2026-05-26 20:38:45.440 | INFO     | extraction:process_pending_candidates:109 - Text extraction complete. Processed: 0, Failed: 0, Skipped: 0
2026-05-26 20:38:45.624 | INFO     | scoring.pipeline:run_scoring_pipeline:17 - Scoring pipeline: 0 candidates with status PROCESSING.
2026-05-26 20:38:45.624 | INFO     | scoring.pipeline:run_scoring_pipeline:89 - Scoring complete. {'scored': 0, 'shortlisted': 0, 'not_selected': 0, 'failed': 0}
2026-05-26 20:38:45.857 | INFO     | scoring.mcq_scorer:process_mcq_responses:73 - Checking MCQ responses for job: Software Engineer
2026-05-26 20:38:47.805 | DEBUG    | intake.google_auth:get_google_credentials:26 - Google credentials loaded and token refreshed. Service account: recruitment-ai-service@recruitment-ai-494910.iam.gserviceaccount.com
2026-05-26 20:38:50.019 | DEBUG    | scoring.mcq_scorer:process_mcq_responses:149 - Already scored: Fatimah Adeel - skipping
2026-05-26 20:38:50.858 | DEBUG    | scoring.mcq_scorer:process_mcq_responses:149 - Already scored: test candidate 2 - skipping
2026-05-26 20:38:51.146 | DEBUG    | scoring.mcq_scorer:process_mcq_responses:149 - Already scored: Fatimah Adeel - skipping
2026-05-26 20:38:51.313 | DEBUG    | scoring.mcq_scorer:process_mcq_responses:149 - Already scored: Sulleman Mir - skipping
2026-05-26 20:38:51.313 | INFO     | scoring.mcq_scorer:process_mcq_responses:73 - Checking MCQ responses for job: Data Analyst
2026-05-26 20:38:52.277 | DEBUG    | intake.google_auth:get_google_credentials:26 - Google credentials loaded and token refreshed. Service account: recruitment-ai-service@recruitment-ai-494910.iam.gserviceaccount.com
2026-05-26 20:38:54.208 | DEBUG    | scoring.mcq_scorer:process_mcq_responses:149 - Already scored: Muhammad Ibrahim Mir - skipping
2026-05-26 20:38:54.387 | DEBUG    | scoring.mcq_scorer:process_mcq_responses:149 - Already scored: Muhammad Ibrahim Mir - skipping
2026-05-26 20:38:54.388 | INFO     | scoring.mcq_scorer:process_mcq_responses:184 - MCQ processing complete: {'processed': 0, 'skipped': 7, 'errors': 0}
2026-05-26 20:38:54.622 | INFO     | notifications:notify_shortlisted_candidates:165 - Notification check: 0 shortlisted candidates.
2026-05-26 20:38:55.902 | INFO     | notifications:notify_shortlisted_candidates:233 - Notifications done: {'sent': 0, 'skipped': 0, 'failed': 0}
2026-05-26 20:38:56.063 | INFO     | notifications:notify_rejected_candidates:344 - Rejection check: 1 rejected candidates.
2026-05-26 20:38:56.311 | INFO     | notifications:notify_rejected_candidates:369 - Rejection notifications done: {'sent': 0, 'skipped': 1, 'failed': 0}
2026-05-26 20:38:56.311 | INFO     | api:background_pipeline:48 - Poller: cycle complete.
2026-05-26 20:43:55.488 | INFO     | api:background_pipeline:41 - Poller: checking for new CVs...
2026-05-26 20:43:56.382 | DEBUG    | intake.google_auth:get_google_credentials:26 - Google credentials loaded and token refreshed. Service account: recruitment-ai-service@recruitment-ai-494910.iam.gserviceaccount.com
2026-05-26 20:43:56.384 | DEBUG    | intake.drive_fetcher:_connect:59 - DriveFetcher: Google API session established.
2026-05-26 20:43:57.885 | DEBUG    | intake.drive_fetcher:_read_sheet_rows:80 - Read 8 rows from Google Sheets.
2026-05-26 20:43:57.885 | INFO     | intake.drive_fetcher:run:44 - DriveFetcher: 8 total form submissions found.
2026-05-26 20:43:58.045 | WARNING  | intake.drive_fetcher:_process_row:101 - No active job found for: ''
2026-05-26 20:43:59.525 | INFO     | intake.drive_fetcher:run:52 - DriveFetcher complete. New: 0, Skipped: 8, Errors: 0
2026-05-26 20:43:59.704 | INFO     | extraction:process_pending_candidates:67 - Text extraction: found 0 candidates with status RECEIVED.
2026-05-26 20:43:59.704 | INFO     | extraction:process_pending_candidates:109 - Text extraction complete. Processed: 0, Failed: 0, Skipped: 0
2026-05-26 20:43:59.919 | INFO     | scoring.pipeline:run_scoring_pipeline:17 - Scoring pipeline: 0 candidates with status PROCESSING.
2026-05-26 20:43:59.919 | INFO     | scoring.pipeline:run_scoring_pipeline:89 - Scoring complete. {'scored': 0, 'shortlisted': 0, 'not_selected': 0, 'failed': 0}
2026-05-26 20:44:00.076 | INFO     | scoring.mcq_scorer:process_mcq_responses:73 - Checking MCQ responses for job: Software Engineer
2026-05-26 20:44:00.727 | DEBUG    | intake.google_auth:get_google_credentials:26 - Google credentials loaded and token refreshed. Service account: recruitment-ai-service@recruitment-ai-494910.iam.gserviceaccount.com
2026-05-26 20:44:01.785 | DEBUG    | scoring.mcq_scorer:process_mcq_responses:149 - Already scored: Fatimah Adeel - skipping
2026-05-26 20:44:02.330 | DEBUG    | scoring.mcq_scorer:process_mcq_responses:149 - Already scored: test candidate 2 - skipping
2026-05-26 20:44:02.672 | DEBUG    | scoring.mcq_scorer:process_mcq_responses:149 - Already scored: Fatimah Adeel - skipping
2026-05-26 20:44:02.836 | DEBUG    | scoring.mcq_scorer:process_mcq_responses:149 - Already scored: Sulleman Mir - skipping
2026-05-26 20:44:02.836 | INFO     | scoring.mcq_scorer:process_mcq_responses:73 - Checking MCQ responses for job: Data Analyst
2026-05-26 20:44:03.408 | DEBUG    | intake.google_auth:get_google_credentials:26 - Google credentials loaded and token refreshed. Service account: recruitment-ai-service@recruitment-ai-494910.iam.gserviceaccount.com
2026-05-26 20:44:04.768 | DEBUG    | scoring.mcq_scorer:process_mcq_responses:149 - Already scored: Muhammad Ibrahim Mir - skipping
2026-05-26 20:44:04.928 | DEBUG    | scoring.mcq_scorer:process_mcq_responses:149 - Already scored: Muhammad Ibrahim Mir - skipping
2026-05-26 20:44:04.928 | INFO     | scoring.mcq_scorer:process_mcq_responses:184 - MCQ processing complete: {'processed': 0, 'skipped': 7, 'errors': 0}
2026-05-26 20:44:05.162 | INFO     | notifications:notify_shortlisted_candidates:165 - Notification check: 0 shortlisted candidates.
2026-05-26 20:44:06.369 | INFO     | notifications:notify_shortlisted_candidates:233 - Notifications done: {'sent': 0, 'skipped': 0, 'failed': 0}
2026-05-26 20:44:06.534 | INFO     | notifications:notify_rejected_candidates:344 - Rejection check: 1 rejected candidates.
2026-05-26 20:44:06.896 | INFO     | notifications:notify_rejected_candidates:369 - Rejection notifications done: {'sent': 0, 'skipped': 1, 'failed': 0}
2026-05-26 20:44:06.897 | INFO     | api:background_pipeline:48 - Poller: cycle complete.
2026-05-26 20:49:06.899 | INFO     | api:background_pipeline:41 - Poller: checking for new CVs...
2026-05-26 20:49:07.993 | DEBUG    | intake.google_auth:get_google_credentials:26 - Google credentials loaded and token refreshed. Service account: recruitment-ai-service@recruitment-ai-494910.iam.gserviceaccount.com
2026-05-26 20:49:07.996 | DEBUG    | intake.drive_fetcher:_connect:59 - DriveFetcher: Google API session established.
2026-05-26 20:49:09.601 | DEBUG    | intake.drive_fetcher:_read_sheet_rows:80 - Read 8 rows from Google Sheets.
2026-05-26 20:49:09.601 | INFO     | intake.drive_fetcher:run:44 - DriveFetcher: 8 total form submissions found.
2026-05-26 20:49:09.763 | WARNING  | intake.drive_fetcher:_process_row:101 - No active job found for: ''
2026-05-26 20:49:11.595 | INFO     | intake.drive_fetcher:run:52 - DriveFetcher complete. New: 0, Skipped: 8, Errors: 0
2026-05-26 20:49:11.764 | INFO     | extraction:process_pending_candidates:67 - Text extraction: found 0 candidates with status RECEIVED.
2026-05-26 20:49:11.765 | INFO     | extraction:process_pending_candidates:109 - Text extraction complete. Processed: 0, Failed: 0, Skipped: 0
2026-05-26 20:49:12.120 | INFO     | scoring.pipeline:run_scoring_pipeline:17 - Scoring pipeline: 0 candidates with status PROCESSING.
2026-05-26 20:49:12.120 | INFO     | scoring.pipeline:run_scoring_pipeline:89 - Scoring complete. {'scored': 0, 'shortlisted': 0, 'not_selected': 0, 'failed': 0}
2026-05-26 20:49:12.280 | INFO     | scoring.mcq_scorer:process_mcq_responses:73 - Checking MCQ responses for job: Software Engineer
2026-05-26 20:49:13.183 | DEBUG    | intake.google_auth:get_google_credentials:26 - Google credentials loaded and token refreshed. Service account: recruitment-ai-service@recruitment-ai-494910.iam.gserviceaccount.com
2026-05-26 20:49:14.376 | DEBUG    | scoring.mcq_scorer:process_mcq_responses:149 - Already scored: Fatimah Adeel - skipping
2026-05-26 20:49:14.924 | DEBUG    | scoring.mcq_scorer:process_mcq_responses:149 - Already scored: test candidate 2 - skipping
2026-05-26 20:49:15.265 | DEBUG    | scoring.mcq_scorer:process_mcq_responses:149 - Already scored: Fatimah Adeel - skipping
2026-05-26 20:49:15.443 | DEBUG    | scoring.mcq_scorer:process_mcq_responses:149 - Already scored: Sulleman Mir - skipping
2026-05-26 20:49:15.443 | INFO     | scoring.mcq_scorer:process_mcq_responses:73 - Checking MCQ responses for job: Data Analyst
2026-05-26 20:49:15.986 | DEBUG    | intake.google_auth:get_google_credentials:26 - Google credentials loaded and token refreshed. Service account: recruitment-ai-service@recruitment-ai-494910.iam.gserviceaccount.com
2026-05-26 20:49:17.362 | DEBUG    | scoring.mcq_scorer:process_mcq_responses:149 - Already scored: Muhammad Ibrahim Mir - skipping
2026-05-26 20:49:17.523 | DEBUG    | scoring.mcq_scorer:process_mcq_responses:149 - Already scored: Muhammad Ibrahim Mir - skipping
2026-05-26 20:49:17.523 | INFO     | scoring.mcq_scorer:process_mcq_responses:184 - MCQ processing complete: {'processed': 0, 'skipped': 7, 'errors': 0}
2026-05-26 20:49:17.755 | INFO     | notifications:notify_shortlisted_candidates:165 - Notification check: 0 shortlisted candidates.
2026-05-26 20:49:18.976 | INFO     | notifications:notify_shortlisted_candidates:233 - Notifications done: {'sent': 0, 'skipped': 0, 'failed': 0}
2026-05-26 20:49:19.146 | INFO     | notifications:notify_rejected_candidates:344 - Rejection check: 1 rejected candidates.
2026-05-26 20:49:19.459 | INFO     | notifications:notify_rejected_candidates:369 - Rejection notifications done: {'sent': 0, 'skipped': 1, 'failed': 0}
2026-05-26 20:49:19.459 | INFO     | api:background_pipeline:48 - Poller: cycle complete.
2026-05-26 20:54:19.456 | INFO     | api:background_pipeline:41 - Poller: checking for new CVs...
2026-05-26 20:54:20.215 | DEBUG    | intake.google_auth:get_google_credentials:26 - Google credentials loaded and token refreshed. Service account: recruitment-ai-service@recruitment-ai-494910.iam.gserviceaccount.com
2026-05-26 20:54:20.220 | DEBUG    | intake.drive_fetcher:_connect:59 - DriveFetcher: Google API session established.
2026-05-26 20:54:22.091 | DEBUG    | intake.drive_fetcher:_read_sheet_rows:80 - Read 8 rows from Google Sheets.
2026-05-26 20:54:22.091 | INFO     | intake.drive_fetcher:run:44 - DriveFetcher: 8 total form submissions found.
2026-05-26 20:54:22.366 | WARNING  | intake.drive_fetcher:_process_row:101 - No active job found for: ''
2026-05-26 20:54:24.089 | INFO     | intake.drive_fetcher:run:52 - DriveFetcher complete. New: 0, Skipped: 8, Errors: 0
2026-05-26 20:54:24.309 | INFO     | extraction:process_pending_candidates:67 - Text extraction: found 0 candidates with status RECEIVED.
2026-05-26 20:54:24.309 | INFO     | extraction:process_pending_candidates:109 - Text extraction complete. Processed: 0, Failed: 0, Skipped: 0
2026-05-26 20:54:24.473 | INFO     | scoring.pipeline:run_scoring_pipeline:17 - Scoring pipeline: 0 candidates with status PROCESSING.
2026-05-26 20:54:24.473 | INFO     | scoring.pipeline:run_scoring_pipeline:89 - Scoring complete. {'scored': 0, 'shortlisted': 0, 'not_selected': 0, 'failed': 0}
2026-05-26 20:54:24.751 | INFO     | scoring.mcq_scorer:process_mcq_responses:73 - Checking MCQ responses for job: Software Engineer
2026-05-26 20:54:25.334 | DEBUG    | intake.google_auth:get_google_credentials:26 - Google credentials loaded and token refreshed. Service account: recruitment-ai-service@recruitment-ai-494910.iam.gserviceaccount.com
2026-05-26 20:54:26.590 | DEBUG    | scoring.mcq_scorer:process_mcq_responses:149 - Already scored: Fatimah Adeel - skipping
2026-05-26 20:54:27.258 | DEBUG    | scoring.mcq_scorer:process_mcq_responses:149 - Already scored: test candidate 2 - skipping
2026-05-26 20:54:27.475 | DEBUG    | scoring.mcq_scorer:process_mcq_responses:149 - Already scored: Fatimah Adeel - skipping
2026-05-26 20:54:27.646 | DEBUG    | scoring.mcq_scorer:process_mcq_responses:149 - Already scored: Sulleman Mir - skipping
2026-05-26 20:54:27.646 | INFO     | scoring.mcq_scorer:process_mcq_responses:73 - Checking MCQ responses for job: Data Analyst
2026-05-26 20:54:28.446 | DEBUG    | intake.google_auth:get_google_credentials:26 - Google credentials loaded and token refreshed. Service account: recruitment-ai-service@recruitment-ai-494910.iam.gserviceaccount.com
2026-05-26 20:54:29.515 | DEBUG    | scoring.mcq_scorer:process_mcq_responses:149 - Already scored: Muhammad Ibrahim Mir - skipping
2026-05-26 20:54:29.689 | DEBUG    | scoring.mcq_scorer:process_mcq_responses:149 - Already scored: Muhammad Ibrahim Mir - skipping
2026-05-26 20:54:29.689 | INFO     | scoring.mcq_scorer:process_mcq_responses:184 - MCQ processing complete: {'processed': 0, 'skipped': 7, 'errors': 0}
2026-05-26 20:54:30.066 | INFO     | notifications:notify_shortlisted_candidates:165 - Notification check: 0 shortlisted candidates.
2026-05-26 20:54:31.237 | INFO     | notifications:notify_shortlisted_candidates:233 - Notifications done: {'sent': 0, 'skipped': 0, 'failed': 0}
2026-05-26 20:54:31.455 | INFO     | notifications:notify_rejected_candidates:344 - Rejection check: 1 rejected candidates.
2026-05-26 20:54:31.621 | INFO     | notifications:notify_rejected_candidates:369 - Rejection notifications done: {'sent': 0, 'skipped': 1, 'failed': 0}
2026-05-26 20:54:31.621 | INFO     | api:background_pipeline:48 - Poller: cycle complete.
2026-05-26 20:59:31.917 | INFO     | api:background_pipeline:41 - Poller: checking for new CVs...
2026-05-26 20:59:32.718 | DEBUG    | intake.google_auth:get_google_credentials:26 - Google credentials loaded and token refreshed. Service account: recruitment-ai-service@recruitment-ai-494910.iam.gserviceaccount.com
2026-05-26 20:59:32.721 | DEBUG    | intake.drive_fetcher:_connect:59 - DriveFetcher: Google API session established.
2026-05-26 20:59:34.460 | DEBUG    | intake.drive_fetcher:_read_sheet_rows:80 - Read 8 rows from Google Sheets.
2026-05-26 20:59:34.460 | INFO     | intake.drive_fetcher:run:44 - DriveFetcher: 8 total form submissions found.
2026-05-26 20:59:34.636 | WARNING  | intake.drive_fetcher:_process_row:101 - No active job found for: ''
2026-05-26 20:59:35.994 | INFO     | intake.drive_fetcher:run:52 - DriveFetcher complete. New: 0, Skipped: 8, Errors: 0
2026-05-26 20:59:36.330 | INFO     | extraction:process_pending_candidates:67 - Text extraction: found 0 candidates with status RECEIVED.
2026-05-26 20:59:36.330 | INFO     | extraction:process_pending_candidates:109 - Text extraction complete. Processed: 0, Failed: 0, Skipped: 0
2026-05-26 20:59:36.507 | INFO     | scoring.pipeline:run_scoring_pipeline:17 - Scoring pipeline: 0 candidates with status PROCESSING.
2026-05-26 20:59:36.508 | INFO     | scoring.pipeline:run_scoring_pipeline:89 - Scoring complete. {'scored': 0, 'shortlisted': 0, 'not_selected': 0, 'failed': 0}
2026-05-26 20:59:36.725 | INFO     | scoring.mcq_scorer:process_mcq_responses:73 - Checking MCQ responses for job: Software Engineer
2026-05-26 20:59:37.382 | DEBUG    | intake.google_auth:get_google_credentials:26 - Google credentials loaded and token refreshed. Service account: recruitment-ai-service@recruitment-ai-494910.iam.gserviceaccount.com
2026-05-26 20:59:39.034 | DEBUG    | scoring.mcq_scorer:process_mcq_responses:149 - Already scored: Fatimah Adeel - skipping
2026-05-26 20:59:39.743 | DEBUG    | scoring.mcq_scorer:process_mcq_responses:149 - Already scored: test candidate 2 - skipping
2026-05-26 20:59:40.068 | DEBUG    | scoring.mcq_scorer:process_mcq_responses:149 - Already scored: Fatimah Adeel - skipping
2026-05-26 20:59:40.227 | DEBUG    | scoring.mcq_scorer:process_mcq_responses:149 - Already scored: Sulleman Mir - skipping
2026-05-26 20:59:40.227 | INFO     | scoring.mcq_scorer:process_mcq_responses:73 - Checking MCQ responses for job: Data Analyst
2026-05-26 20:59:41.132 | DEBUG    | intake.google_auth:get_google_credentials:26 - Google credentials loaded and token refreshed. Service account: recruitment-ai-service@recruitment-ai-494910.iam.gserviceaccount.com
2026-05-26 20:59:43.505 | DEBUG    | scoring.mcq_scorer:process_mcq_responses:149 - Already scored: Muhammad Ibrahim Mir - skipping
2026-05-26 20:59:44.983 | DEBUG    | scoring.mcq_scorer:process_mcq_responses:149 - Already scored: Muhammad Ibrahim Mir - skipping
2026-05-26 20:59:44.983 | INFO     | scoring.mcq_scorer:process_mcq_responses:184 - MCQ processing complete: {'processed': 0, 'skipped': 7, 'errors': 0}
2026-05-26 20:59:45.508 | INFO     | notifications:notify_shortlisted_candidates:165 - Notification check: 0 shortlisted candidates.
2026-05-26 20:59:47.411 | INFO     | notifications:notify_shortlisted_candidates:233 - Notifications done: {'sent': 0, 'skipped': 0, 'failed': 0}
2026-05-26 20:59:47.572 | INFO     | notifications:notify_rejected_candidates:344 - Rejection check: 1 rejected candidates.
2026-05-26 20:59:47.947 | INFO     | notifications:notify_rejected_candidates:369 - Rejection notifications done: {'sent': 0, 'skipped': 1, 'failed': 0}
2026-05-26 20:59:47.947 | INFO     | api:background_pipeline:48 - Poller: cycle complete.
2026-05-26 21:04:47.949 | INFO     | api:background_pipeline:41 - Poller: checking for new CVs...
2026-05-26 21:04:48.545 | DEBUG    | intake.google_auth:get_google_credentials:26 - Google credentials loaded and token refreshed. Service account: recruitment-ai-service@recruitment-ai-494910.iam.gserviceaccount.com
2026-05-26 21:04:48.547 | DEBUG    | intake.drive_fetcher:_connect:59 - DriveFetcher: Google API session established.
2026-05-26 21:04:50.353 | DEBUG    | intake.drive_fetcher:_read_sheet_rows:80 - Read 8 rows from Google Sheets.
2026-05-26 21:04:50.353 | INFO     | intake.drive_fetcher:run:44 - DriveFetcher: 8 total form submissions found.
2026-05-26 21:04:50.537 | WARNING  | intake.drive_fetcher:_process_row:101 - No active job found for: ''
2026-05-26 21:04:52.494 | INFO     | intake.drive_fetcher:run:52 - DriveFetcher complete. New: 0, Skipped: 8, Errors: 0
2026-05-26 21:04:52.656 | INFO     | extraction:process_pending_candidates:67 - Text extraction: found 0 candidates with status RECEIVED.
2026-05-26 21:04:52.657 | INFO     | extraction:process_pending_candidates:109 - Text extraction complete. Processed: 0, Failed: 0, Skipped: 0
2026-05-26 21:04:52.814 | INFO     | scoring.pipeline:run_scoring_pipeline:17 - Scoring pipeline: 0 candidates with status PROCESSING.
2026-05-26 21:04:52.814 | INFO     | scoring.pipeline:run_scoring_pipeline:89 - Scoring complete. {'scored': 0, 'shortlisted': 0, 'not_selected': 0, 'failed': 0}
2026-05-26 21:04:52.975 | INFO     | scoring.mcq_scorer:process_mcq_responses:73 - Checking MCQ responses for job: Software Engineer
2026-05-26 21:04:53.498 | DEBUG    | intake.google_auth:get_google_credentials:26 - Google credentials loaded and token refreshed. Service account: recruitment-ai-service@recruitment-ai-494910.iam.gserviceaccount.com
2026-05-26 21:04:54.607 | DEBUG    | scoring.mcq_scorer:process_mcq_responses:149 - Already scored: Fatimah Adeel - skipping
2026-05-26 21:04:55.082 | DEBUG    | scoring.mcq_scorer:process_mcq_responses:149 - Already scored: test candidate 2 - skipping
2026-05-26 21:04:55.240 | DEBUG    | scoring.mcq_scorer:process_mcq_responses:149 - Already scored: Fatimah Adeel - skipping
2026-05-26 21:04:55.402 | DEBUG    | scoring.mcq_scorer:process_mcq_responses:149 - Already scored: Sulleman Mir - skipping
2026-05-26 21:04:55.402 | INFO     | scoring.mcq_scorer:process_mcq_responses:73 - Checking MCQ responses for job: Data Analyst
2026-05-26 21:04:55.927 | DEBUG    | intake.google_auth:get_google_credentials:26 - Google credentials loaded and token refreshed. Service account: recruitment-ai-service@recruitment-ai-494910.iam.gserviceaccount.com
2026-05-26 21:04:57.136 | DEBUG    | scoring.mcq_scorer:process_mcq_responses:149 - Already scored: Muhammad Ibrahim Mir - skipping
2026-05-26 21:04:57.296 | DEBUG    | scoring.mcq_scorer:process_mcq_responses:149 - Already scored: Muhammad Ibrahim Mir - skipping
2026-05-26 21:04:57.296 | INFO     | scoring.mcq_scorer:process_mcq_responses:184 - MCQ processing complete: {'processed': 0, 'skipped': 7, 'errors': 0}
2026-05-26 21:04:57.457 | INFO     | notifications:notify_shortlisted_candidates:165 - Notification check: 0 shortlisted candidates.
2026-05-26 21:04:58.491 | INFO     | notifications:notify_shortlisted_candidates:233 - Notifications done: {'sent': 0, 'skipped': 0, 'failed': 0}
2026-05-26 21:04:58.655 | INFO     | notifications:notify_rejected_candidates:344 - Rejection check: 1 rejected candidates.
2026-05-26 21:04:58.813 | INFO     | notifications:notify_rejected_candidates:369 - Rejection notifications done: {'sent': 0, 'skipped': 1, 'failed': 0}
2026-05-26 21:04:58.813 | INFO     | api:background_pipeline:48 - Poller: cycle complete.
2026-05-26 21:09:58.816 | INFO     | api:background_pipeline:41 - Poller: checking for new CVs...
2026-05-26 21:09:59.415 | DEBUG    | intake.google_auth:get_google_credentials:26 - Google credentials loaded and token refreshed. Service account: recruitment-ai-service@recruitment-ai-494910.iam.gserviceaccount.com
2026-05-26 21:09:59.417 | DEBUG    | intake.drive_fetcher:_connect:59 - DriveFetcher: Google API session established.
2026-05-26 21:10:00.680 | DEBUG    | intake.drive_fetcher:_read_sheet_rows:80 - Read 8 rows from Google Sheets.
2026-05-26 21:10:00.680 | INFO     | intake.drive_fetcher:run:44 - DriveFetcher: 8 total form submissions found.
2026-05-26 21:10:00.841 | WARNING  | intake.drive_fetcher:_process_row:101 - No active job found for: ''
2026-05-26 21:10:01.957 | INFO     | intake.drive_fetcher:run:52 - DriveFetcher complete. New: 0, Skipped: 8, Errors: 0
2026-05-26 21:10:02.116 | INFO     | extraction:process_pending_candidates:67 - Text extraction: found 0 candidates with status RECEIVED.
2026-05-26 21:10:02.116 | INFO     | extraction:process_pending_candidates:109 - Text extraction complete. Processed: 0, Failed: 0, Skipped: 0
2026-05-26 21:10:02.274 | INFO     | scoring.pipeline:run_scoring_pipeline:17 - Scoring pipeline: 0 candidates with status PROCESSING.
2026-05-26 21:10:02.274 | INFO     | scoring.pipeline:run_scoring_pipeline:89 - Scoring complete. {'scored': 0, 'shortlisted': 0, 'not_selected': 0, 'failed': 0}
2026-05-26 21:10:02.475 | INFO     | scoring.mcq_scorer:process_mcq_responses:73 - Checking MCQ responses for job: Software Engineer
2026-05-26 21:10:03.032 | DEBUG    | intake.google_auth:get_google_credentials:26 - Google credentials loaded and token refreshed. Service account: recruitment-ai-service@recruitment-ai-494910.iam.gserviceaccount.com
2026-05-26 21:10:04.114 | DEBUG    | scoring.mcq_scorer:process_mcq_responses:149 - Already scored: Fatimah Adeel - skipping
2026-05-26 21:10:04.588 | DEBUG    | scoring.mcq_scorer:process_mcq_responses:149 - Already scored: test candidate 2 - skipping
2026-05-26 21:10:04.749 | DEBUG    | scoring.mcq_scorer:process_mcq_responses:149 - Already scored: Fatimah Adeel - skipping
2026-05-26 21:10:04.909 | DEBUG    | scoring.mcq_scorer:process_mcq_responses:149 - Already scored: Sulleman Mir - skipping
2026-05-26 21:10:04.909 | INFO     | scoring.mcq_scorer:process_mcq_responses:73 - Checking MCQ responses for job: Data Analyst
2026-05-26 21:10:05.462 | DEBUG    | intake.google_auth:get_google_credentials:26 - Google credentials loaded and token refreshed. Service account: recruitment-ai-service@recruitment-ai-494910.iam.gserviceaccount.com
2026-05-26 21:10:06.546 | DEBUG    | scoring.mcq_scorer:process_mcq_responses:149 - Already scored: Muhammad Ibrahim Mir - skipping
2026-05-26 21:10:06.705 | DEBUG    | scoring.mcq_scorer:process_mcq_responses:149 - Already scored: Muhammad Ibrahim Mir - skipping
2026-05-26 21:10:06.705 | INFO     | scoring.mcq_scorer:process_mcq_responses:184 - MCQ processing complete: {'processed': 0, 'skipped': 7, 'errors': 0}
2026-05-26 21:10:06.878 | INFO     | notifications:notify_shortlisted_candidates:165 - Notification check: 0 shortlisted candidates.
2026-05-26 21:10:07.825 | INFO     | notifications:notify_shortlisted_candidates:233 - Notifications done: {'sent': 0, 'skipped': 0, 'failed': 0}
2026-05-26 21:10:07.986 | INFO     | notifications:notify_rejected_candidates:344 - Rejection check: 1 rejected candidates.
2026-05-26 21:10:08.162 | INFO     | notifications:notify_rejected_candidates:369 - Rejection notifications done: {'sent': 0, 'skipped': 1, 'failed': 0}
2026-05-26 21:10:08.163 | INFO     | api:background_pipeline:48 - Poller: cycle complete.
2026-05-27 02:25:30.652 | INFO     | api:background_pipeline:41 - Poller: checking for new CVs...
2026-05-27 02:25:36.421 | DEBUG    | intake.google_auth:get_google_credentials:26 - Google credentials loaded and token refreshed. Service account: recruitment-ai-service@recruitment-ai-494910.iam.gserviceaccount.com
2026-05-27 02:25:36.443 | DEBUG    | intake.drive_fetcher:_connect:59 - DriveFetcher: Google API session established.
2026-05-27 02:25:38.495 | DEBUG    | intake.drive_fetcher:_read_sheet_rows:80 - Read 8 rows from Google Sheets.
2026-05-27 02:25:38.496 | INFO     | intake.drive_fetcher:run:44 - DriveFetcher: 8 total form submissions found.
2026-05-27 02:25:41.047 | WARNING  | intake.drive_fetcher:_process_row:101 - No active job found for: ''
2026-05-27 02:25:42.161 | INFO     | intake.drive_fetcher:run:52 - DriveFetcher complete. New: 0, Skipped: 8, Errors: 0
2026-05-27 02:25:42.322 | INFO     | extraction:process_pending_candidates:67 - Text extraction: found 0 candidates with status RECEIVED.
2026-05-27 02:25:42.323 | INFO     | extraction:process_pending_candidates:109 - Text extraction complete. Processed: 0, Failed: 0, Skipped: 0
2026-05-27 02:25:42.480 | INFO     | scoring.pipeline:run_scoring_pipeline:17 - Scoring pipeline: 0 candidates with status PROCESSING.
2026-05-27 02:25:42.481 | INFO     | scoring.pipeline:run_scoring_pipeline:89 - Scoring complete. {'scored': 0, 'shortlisted': 0, 'not_selected': 0, 'failed': 0}
2026-05-27 02:25:42.668 | INFO     | scoring.mcq_scorer:process_mcq_responses:73 - Checking MCQ responses for job: Software Engineer
2026-05-27 02:25:43.707 | DEBUG    | intake.google_auth:get_google_credentials:26 - Google credentials loaded and token refreshed. Service account: recruitment-ai-service@recruitment-ai-494910.iam.gserviceaccount.com
2026-05-27 02:25:45.302 | DEBUG    | scoring.mcq_scorer:process_mcq_responses:149 - Already scored: Fatimah Adeel - skipping
2026-05-27 02:25:45.814 | DEBUG    | scoring.mcq_scorer:process_mcq_responses:149 - Already scored: test candidate 2 - skipping
2026-05-27 02:25:45.978 | DEBUG    | scoring.mcq_scorer:process_mcq_responses:149 - Already scored: Fatimah Adeel - skipping
2026-05-27 02:25:46.794 | DEBUG    | scoring.mcq_scorer:process_mcq_responses:149 - Already scored: Sulleman Mir - skipping
2026-05-27 02:25:46.795 | INFO     | scoring.mcq_scorer:process_mcq_responses:73 - Checking MCQ responses for job: Data Analyst
2026-05-27 02:25:47.742 | DEBUG    | intake.google_auth:get_google_credentials:26 - Google credentials loaded and token refreshed. Service account: recruitment-ai-service@recruitment-ai-494910.iam.gserviceaccount.com
2026-05-27 02:25:48.951 | DEBUG    | scoring.mcq_scorer:process_mcq_responses:149 - Already scored: Muhammad Ibrahim Mir - skipping
2026-05-27 02:25:49.386 | DEBUG    | scoring.mcq_scorer:process_mcq_responses:149 - Already scored: Muhammad Ibrahim Mir - skipping
2026-05-27 02:25:49.386 | INFO     | scoring.mcq_scorer:process_mcq_responses:184 - MCQ processing complete: {'processed': 0, 'skipped': 7, 'errors': 0}
2026-05-27 02:25:49.559 | INFO     | notifications:notify_shortlisted_candidates:165 - Notification check: 0 shortlisted candidates.
2026-05-27 02:25:52.021 | INFO     | notifications:notify_shortlisted_candidates:233 - Notifications done: {'sent': 0, 'skipped': 0, 'failed': 0}
2026-05-27 02:25:52.335 | INFO     | notifications:notify_rejected_candidates:344 - Rejection check: 1 rejected candidates.
2026-05-27 02:25:52.493 | INFO     | notifications:notify_rejected_candidates:369 - Rejection notifications done: {'sent': 0, 'skipped': 1, 'failed': 0}
2026-05-27 02:25:52.493 | INFO     | api:background_pipeline:48 - Poller: cycle complete.
2026-05-27 02:34:30.269 | INFO     | api:background_pipeline:41 - Poller: checking for new CVs...
2026-05-27 02:34:30.880 | DEBUG    | intake.google_auth:get_google_credentials:26 - Google credentials loaded and token refreshed. Service account: recruitment-ai-service@recruitment-ai-494910.iam.gserviceaccount.com
2026-05-27 02:34:30.884 | DEBUG    | intake.drive_fetcher:_connect:59 - DriveFetcher: Google API session established.
2026-05-27 02:34:32.368 | DEBUG    | intake.drive_fetcher:_read_sheet_rows:80 - Read 8 rows from Google Sheets.
2026-05-27 02:34:32.368 | INFO     | intake.drive_fetcher:run:44 - DriveFetcher: 8 total form submissions found.
2026-05-27 02:34:33.553 | WARNING  | intake.drive_fetcher:_process_row:101 - No active job found for: ''
2026-05-27 02:34:34.655 | INFO     | intake.drive_fetcher:run:52 - DriveFetcher complete. New: 0, Skipped: 8, Errors: 0
2026-05-27 02:34:34.813 | INFO     | extraction:process_pending_candidates:67 - Text extraction: found 0 candidates with status RECEIVED.
2026-05-27 02:34:34.814 | INFO     | extraction:process_pending_candidates:109 - Text extraction complete. Processed: 0, Failed: 0, Skipped: 0
2026-05-27 02:34:34.970 | INFO     | scoring.pipeline:run_scoring_pipeline:17 - Scoring pipeline: 0 candidates with status PROCESSING.
2026-05-27 02:34:34.971 | INFO     | scoring.pipeline:run_scoring_pipeline:89 - Scoring complete. {'scored': 0, 'shortlisted': 0, 'not_selected': 0, 'failed': 0}
2026-05-27 02:34:35.131 | INFO     | scoring.mcq_scorer:process_mcq_responses:73 - Checking MCQ responses for job: Software Engineer
2026-05-27 02:34:35.741 | DEBUG    | intake.google_auth:get_google_credentials:26 - Google credentials loaded and token refreshed. Service account: recruitment-ai-service@recruitment-ai-494910.iam.gserviceaccount.com
2026-05-27 02:34:36.828 | DEBUG    | scoring.mcq_scorer:process_mcq_responses:149 - Already scored: Fatimah Adeel - skipping
2026-05-27 02:34:37.332 | DEBUG    | scoring.mcq_scorer:process_mcq_responses:149 - Already scored: test candidate 2 - skipping
2026-05-27 02:34:37.489 | DEBUG    | scoring.mcq_scorer:process_mcq_responses:149 - Already scored: Fatimah Adeel - skipping
2026-05-27 02:34:37.645 | DEBUG    | scoring.mcq_scorer:process_mcq_responses:149 - Already scored: Sulleman Mir - skipping
2026-05-27 02:34:37.646 | INFO     | scoring.mcq_scorer:process_mcq_responses:73 - Checking MCQ responses for job: Data Analyst
2026-05-27 02:34:38.188 | DEBUG    | intake.google_auth:get_google_credentials:26 - Google credentials loaded and token refreshed. Service account: recruitment-ai-service@recruitment-ai-494910.iam.gserviceaccount.com
2026-05-27 02:34:39.271 | DEBUG    | scoring.mcq_scorer:process_mcq_responses:149 - Already scored: Muhammad Ibrahim Mir - skipping
2026-05-27 02:34:39.432 | DEBUG    | scoring.mcq_scorer:process_mcq_responses:149 - Already scored: Muhammad Ibrahim Mir - skipping
2026-05-27 02:34:39.432 | INFO     | scoring.mcq_scorer:process_mcq_responses:184 - MCQ processing complete: {'processed': 0, 'skipped': 7, 'errors': 0}
2026-05-27 02:34:39.591 | INFO     | notifications:notify_shortlisted_candidates:165 - Notification check: 0 shortlisted candidates.
2026-05-27 02:34:40.547 | INFO     | notifications:notify_shortlisted_candidates:233 - Notifications done: {'sent': 0, 'skipped': 0, 'failed': 0}
2026-05-27 02:34:40.704 | INFO     | notifications:notify_rejected_candidates:344 - Rejection check: 1 rejected candidates.
2026-05-27 02:34:40.861 | INFO     | notifications:notify_rejected_candidates:369 - Rejection notifications done: {'sent': 0, 'skipped': 1, 'failed': 0}
2026-05-27 02:34:40.862 | INFO     | api:background_pipeline:48 - Poller: cycle complete.
2026-05-27 02:39:40.862 | INFO     | api:background_pipeline:41 - Poller: checking for new CVs...
2026-05-27 02:39:41.418 | DEBUG    | intake.google_auth:get_google_credentials:26 - Google credentials loaded and token refreshed. Service account: recruitment-ai-service@recruitment-ai-494910.iam.gserviceaccount.com
2026-05-27 02:39:41.420 | DEBUG    | intake.drive_fetcher:_connect:59 - DriveFetcher: Google API session established.
2026-05-27 02:39:42.325 | DEBUG    | intake.drive_fetcher:_read_sheet_rows:80 - Read 8 rows from Google Sheets.
2026-05-27 02:39:42.325 | INFO     | intake.drive_fetcher:run:44 - DriveFetcher: 8 total form submissions found.
2026-05-27 02:39:42.482 | WARNING  | intake.drive_fetcher:_process_row:101 - No active job found for: ''
2026-05-27 02:39:43.589 | INFO     | intake.drive_fetcher:run:52 - DriveFetcher complete. New: 0, Skipped: 8, Errors: 0
2026-05-27 02:39:43.746 | INFO     | extraction:process_pending_candidates:67 - Text extraction: found 0 candidates with status RECEIVED.
2026-05-27 02:39:43.746 | INFO     | extraction:process_pending_candidates:109 - Text extraction complete. Processed: 0, Failed: 0, Skipped: 0
2026-05-27 02:39:43.907 | INFO     | scoring.pipeline:run_scoring_pipeline:17 - Scoring pipeline: 0 candidates with status PROCESSING.
2026-05-27 02:39:43.907 | INFO     | scoring.pipeline:run_scoring_pipeline:89 - Scoring complete. {'scored': 0, 'shortlisted': 0, 'not_selected': 0, 'failed': 0}
2026-05-27 02:39:44.073 | INFO     | scoring.mcq_scorer:process_mcq_responses:73 - Checking MCQ responses for job: Software Engineer
2026-05-27 02:39:44.697 | DEBUG    | intake.google_auth:get_google_credentials:26 - Google credentials loaded and token refreshed. Service account: recruitment-ai-service@recruitment-ai-494910.iam.gserviceaccount.com
2026-05-27 02:39:46.267 | DEBUG    | scoring.mcq_scorer:process_mcq_responses:149 - Already scored: Fatimah Adeel - skipping
2026-05-27 02:39:46.739 | DEBUG    | scoring.mcq_scorer:process_mcq_responses:149 - Already scored: test candidate 2 - skipping
2026-05-27 02:39:46.898 | DEBUG    | scoring.mcq_scorer:process_mcq_responses:149 - Already scored: Fatimah Adeel - skipping
2026-05-27 02:39:47.057 | DEBUG    | scoring.mcq_scorer:process_mcq_responses:149 - Already scored: Sulleman Mir - skipping
2026-05-27 02:39:47.057 | INFO     | scoring.mcq_scorer:process_mcq_responses:73 - Checking MCQ responses for job: Data Analyst
2026-05-27 02:39:47.617 | DEBUG    | intake.google_auth:get_google_credentials:26 - Google credentials loaded and token refreshed. Service account: recruitment-ai-service@recruitment-ai-494910.iam.gserviceaccount.com
2026-05-27 02:39:48.528 | DEBUG    | scoring.mcq_scorer:process_mcq_responses:149 - Already scored: Muhammad Ibrahim Mir - skipping
2026-05-27 02:39:48.708 | DEBUG    | scoring.mcq_scorer:process_mcq_responses:149 - Already scored: Muhammad Ibrahim Mir - skipping
2026-05-27 02:39:48.708 | INFO     | scoring.mcq_scorer:process_mcq_responses:184 - MCQ processing complete: {'processed': 0, 'skipped': 7, 'errors': 0}
2026-05-27 02:39:48.874 | INFO     | notifications:notify_shortlisted_candidates:165 - Notification check: 0 shortlisted candidates.
2026-05-27 02:39:49.852 | INFO     | notifications:notify_shortlisted_candidates:233 - Notifications done: {'sent': 0, 'skipped': 0, 'failed': 0}
2026-05-27 02:39:50.011 | INFO     | notifications:notify_rejected_candidates:344 - Rejection check: 1 rejected candidates.
2026-05-27 02:39:50.168 | INFO     | notifications:notify_rejected_candidates:369 - Rejection notifications done: {'sent': 0, 'skipped': 1, 'failed': 0}
2026-05-27 02:39:50.168 | INFO     | api:background_pipeline:48 - Poller: cycle complete.
2026-05-27 02:44:50.170 | INFO     | api:background_pipeline:41 - Poller: checking for new CVs...
2026-05-27 02:44:50.789 | DEBUG    | intake.google_auth:get_google_credentials:26 - Google credentials loaded and token refreshed. Service account: recruitment-ai-service@recruitment-ai-494910.iam.gserviceaccount.com
2026-05-27 02:44:50.792 | DEBUG    | intake.drive_fetcher:_connect:59 - DriveFetcher: Google API session established.
2026-05-27 02:44:52.375 | DEBUG    | intake.drive_fetcher:_read_sheet_rows:80 - Read 8 rows from Google Sheets.
2026-05-27 02:44:52.375 | INFO     | intake.drive_fetcher:run:44 - DriveFetcher: 8 total form submissions found.
2026-05-27 02:44:52.537 | WARNING  | intake.drive_fetcher:_process_row:101 - No active job found for: ''
2026-05-27 02:44:53.643 | INFO     | intake.drive_fetcher:run:52 - DriveFetcher complete. New: 0, Skipped: 8, Errors: 0
2026-05-27 02:44:53.806 | INFO     | extraction:process_pending_candidates:67 - Text extraction: found 0 candidates with status RECEIVED.
2026-05-27 02:44:53.806 | INFO     | extraction:process_pending_candidates:109 - Text extraction complete. Processed: 0, Failed: 0, Skipped: 0
2026-05-27 02:44:53.964 | INFO     | scoring.pipeline:run_scoring_pipeline:17 - Scoring pipeline: 0 candidates with status PROCESSING.
2026-05-27 02:44:53.964 | INFO     | scoring.pipeline:run_scoring_pipeline:89 - Scoring complete. {'scored': 0, 'shortlisted': 0, 'not_selected': 0, 'failed': 0}
2026-05-27 02:44:54.121 | INFO     | scoring.mcq_scorer:process_mcq_responses:73 - Checking MCQ responses for job: Software Engineer
2026-05-27 02:44:54.717 | DEBUG    | intake.google_auth:get_google_credentials:26 - Google credentials loaded and token refreshed. Service account: recruitment-ai-service@recruitment-ai-494910.iam.gserviceaccount.com
2026-05-27 02:44:55.755 | DEBUG    | scoring.mcq_scorer:process_mcq_responses:149 - Already scored: Fatimah Adeel - skipping
2026-05-27 02:44:56.228 | DEBUG    | scoring.mcq_scorer:process_mcq_responses:149 - Already scored: test candidate 2 - skipping
2026-05-27 02:44:56.385 | DEBUG    | scoring.mcq_scorer:process_mcq_responses:149 - Already scored: Fatimah Adeel - skipping
2026-05-27 02:44:56.544 | DEBUG    | scoring.mcq_scorer:process_mcq_responses:149 - Already scored: Sulleman Mir - skipping
2026-05-27 02:44:56.544 | INFO     | scoring.mcq_scorer:process_mcq_responses:73 - Checking MCQ responses for job: Data Analyst
2026-05-27 02:44:57.114 | DEBUG    | intake.google_auth:get_google_credentials:26 - Google credentials loaded and token refreshed. Service account: recruitment-ai-service@recruitment-ai-494910.iam.gserviceaccount.com
2026-05-27 02:44:58.744 | DEBUG    | scoring.mcq_scorer:process_mcq_responses:149 - Already scored: Muhammad Ibrahim Mir - skipping
2026-05-27 02:44:58.902 | DEBUG    | scoring.mcq_scorer:process_mcq_responses:149 - Already scored: Muhammad Ibrahim Mir - skipping
2026-05-27 02:44:58.903 | INFO     | scoring.mcq_scorer:process_mcq_responses:184 - MCQ processing complete: {'processed': 0, 'skipped': 7, 'errors': 0}
2026-05-27 02:44:59.063 | INFO     | notifications:notify_shortlisted_candidates:165 - Notification check: 0 shortlisted candidates.
2026-05-27 02:45:00.031 | INFO     | notifications:notify_shortlisted_candidates:233 - Notifications done: {'sent': 0, 'skipped': 0, 'failed': 0}
2026-05-27 02:45:00.188 | INFO     | notifications:notify_rejected_candidates:344 - Rejection check: 1 rejected candidates.
2026-05-27 02:45:00.344 | INFO     | notifications:notify_rejected_candidates:369 - Rejection notifications done: {'sent': 0, 'skipped': 1, 'failed': 0}
2026-05-27 02:45:00.345 | INFO     | api:background_pipeline:48 - Poller: cycle complete.
2026-05-30 16:22:57.679 | INFO     | api:background_pipeline:41 - Poller: checking for new CVs...
INFO:     127.0.0.1:56732 - "GET /api/v1/jobs HTTP/1.1" 200 OK
INFO:     127.0.0.1:56732 - "GET /api/v1/jobs/69f509c2bc3c3a0a6303fbc8/candidates HTTP/1.1" 200 OK
2026-05-30 16:23:11.422 | DEBUG    | intake.google_auth:get_google_credentials:26 - Google credentials loaded and token refreshed. Service account: recruitment-ai-service@recruitment-ai-494910.iam.gserviceaccount.com
2026-05-30 16:23:11.437 | DEBUG    | intake.drive_fetcher:_connect:59 - DriveFetcher: Google API session established.
2026-05-30 16:23:15.499 | DEBUG    | intake.drive_fetcher:_read_sheet_rows:80 - Read 8 rows from Google Sheets.
2026-05-30 16:23:15.500 | INFO     | intake.drive_fetcher:run:44 - DriveFetcher: 8 total form submissions found.
INFO:     127.0.0.1:56732 - "GET /api/v1/jobs/6a09c1ac706a290bda80c131/candidates HTTP/1.1" 200 OK
2026-05-30 16:23:16.518 | WARNING  | intake.drive_fetcher:_process_row:101 - No active job found for: ''
2026-05-30 16:23:17.756 | INFO     | intake.drive_fetcher:run:52 - DriveFetcher complete. New: 0, Skipped: 8, Errors: 0
2026-05-30 16:23:17.929 | INFO     | extraction:process_pending_candidates:67 - Text extraction: found 0 candidates with status RECEIVED.
2026-05-30 16:23:17.929 | INFO     | extraction:process_pending_candidates:109 - Text extraction complete. Processed: 0, Failed: 0, Skipped: 0
2026-05-30 16:23:18.095 | INFO     | scoring.pipeline:run_scoring_pipeline:17 - Scoring pipeline: 0 candidates with status PROCESSING.
2026-05-30 16:23:18.096 | INFO     | scoring.pipeline:run_scoring_pipeline:89 - Scoring complete. {'scored': 0, 'shortlisted': 0, 'not_selected': 0, 'failed': 0}
2026-05-30 16:23:18.284 | INFO     | scoring.mcq_scorer:process_mcq_responses:73 - Checking MCQ responses for job: Software Engineer
2026-05-30 16:23:19.000 | DEBUG    | intake.google_auth:get_google_credentials:26 - Google credentials loaded and token refreshed. Service account: recruitment-ai-service@recruitment-ai-494910.iam.gserviceaccount.com
2026-05-30 16:23:20.609 | DEBUG    | scoring.mcq_scorer:process_mcq_responses:149 - Already scored: Fatimah Adeel - skipping
2026-05-30 16:23:21.108 | DEBUG    | scoring.mcq_scorer:process_mcq_responses:149 - Already scored: test candidate 2 - skipping
2026-05-30 16:23:21.291 | DEBUG    | scoring.mcq_scorer:process_mcq_responses:149 - Already scored: Fatimah Adeel - skipping
2026-05-30 16:23:21.485 | DEBUG    | scoring.mcq_scorer:process_mcq_responses:149 - Already scored: Sulleman Mir - skipping
2026-05-30 16:23:21.485 | INFO     | scoring.mcq_scorer:process_mcq_responses:73 - Checking MCQ responses for job: Data Analyst
2026-05-30 16:23:22.268 | DEBUG    | intake.google_auth:get_google_credentials:26 - Google credentials loaded and token refreshed. Service account: recruitment-ai-service@recruitment-ai-494910.iam.gserviceaccount.com
2026-05-30 16:23:23.666 | DEBUG    | scoring.mcq_scorer:process_mcq_responses:149 - Already scored: Muhammad Ibrahim Mir - skipping
2026-05-30 16:23:23.872 | DEBUG    | scoring.mcq_scorer:process_mcq_responses:149 - Already scored: Muhammad Ibrahim Mir - skipping
2026-05-30 16:23:23.872 | INFO     | scoring.mcq_scorer:process_mcq_responses:184 - MCQ processing complete: {'processed': 0, 'skipped': 7, 'errors': 0}
2026-05-30 16:23:24.049 | INFO     | notifications:notify_shortlisted_candidates:165 - Notification check: 0 shortlisted candidates.
2026-05-30 16:23:25.027 | INFO     | notifications:notify_shortlisted_candidates:233 - Notifications done: {'sent': 0, 'skipped': 0, 'failed': 0}
2026-05-30 16:23:25.219 | INFO     | notifications:notify_rejected_candidates:344 - Rejection check: 1 rejected candidates.
2026-05-30 16:23:25.378 | INFO     | notifications:notify_rejected_candidates:369 - Rejection notifications done: {'sent': 0, 'skipped': 1, 'failed': 0}
2026-05-30 16:23:25.379 | INFO     | api:background_pipeline:48 - Poller: cycle complete.
INFO:     127.0.0.1:56823 - "GET /api/v1/stats HTTP/1.1" 200 OK
INFO:     127.0.0.1:56823 - "GET /api/v1/jobs HTTP/1.1" 200 OK
INFO:     127.0.0.1:56823 - "GET /api/v1/jobs/69f509c2bc3c3a0a6303fbc8/candidates HTTP/1.1" 200 OK
INFO:     127.0.0.1:56823 - "GET /api/v1/jobs/6a09c1ac706a290bda80c131/candidates HTTP/1.1" 200 OK
INFO:     127.0.0.1:56828 - "GET /api/v1/stats HTTP/1.1" 200 OK
INFO:     127.0.0.1:56828 - "GET /api/v1/jobs HTTP/1.1" 200 OK
INFO:     127.0.0.1:56828 - "GET /api/v1/jobs/69f509c2bc3c3a0a6303fbc8/candidates HTTP/1.1" 200 OK
INFO:     127.0.0.1:56828 - "GET /api/v1/jobs/6a09c1ac706a290bda80c131/candidates HTTP/1.1" 200 OK
INFO:     127.0.0.1:56851 - "GET /api/v1/stats HTTP/1.1" 200 OK
INFO:     127.0.0.1:56851 - "GET /api/v1/jobs HTTP/1.1" 200 OK
INFO:     127.0.0.1:56851 - "GET /api/v1/jobs/69f509c2bc3c3a0a6303fbc8/candidates HTTP/1.1" 200 OK
INFO:     127.0.0.1:56851 - "GET /api/v1/jobs/6a09c1ac706a290bda80c131/candidates HTTP/1.1" 200 OK
INFO:     127.0.0.1:56885 - "GET /api/v1/stats HTTP/1.1" 200 OK
INFO:     127.0.0.1:56885 - "GET /api/v1/jobs HTTP/1.1" 200 OK
INFO:     127.0.0.1:56885 - "GET /api/v1/jobs/69f509c2bc3c3a0a6303fbc8/candidates HTTP/1.1" 200 OK
INFO:     127.0.0.1:56885 - "GET /api/v1/jobs/6a09c1ac706a290bda80c131/candidates HTTP/1.1" 200 OK
2026-05-30 16:28:25.375 | INFO     | api:background_pipeline:41 - Poller: checking for new CVs...
2026-05-30 16:28:28.647 | DEBUG    | intake.google_auth:get_google_credentials:26 - Google credentials loaded and token refreshed. Service account: recruitment-ai-service@recruitment-ai-494910.iam.gserviceaccount.com
2026-05-30 16:28:28.652 | DEBUG    | intake.drive_fetcher:_connect:59 - DriveFetcher: Google API session established.
2026-05-30 16:28:30.052 | DEBUG    | intake.drive_fetcher:_read_sheet_rows:80 - Read 8 rows from Google Sheets.
2026-05-30 16:28:30.052 | INFO     | intake.drive_fetcher:run:44 - DriveFetcher: 8 total form submissions found.
2026-05-30 16:28:32.397 | WARNING  | intake.drive_fetcher:_process_row:101 - No active job found for: ''
2026-05-30 16:28:33.627 | INFO     | intake.drive_fetcher:run:52 - DriveFetcher complete. New: 0, Skipped: 8, Errors: 0
2026-05-30 16:28:33.790 | INFO     | extraction:process_pending_candidates:67 - Text extraction: found 0 candidates with status RECEIVED.
2026-05-30 16:28:33.790 | INFO     | extraction:process_pending_candidates:109 - Text extraction complete. Processed: 0, Failed: 0, Skipped: 0
2026-05-30 16:28:33.958 | INFO     | scoring.pipeline:run_scoring_pipeline:17 - Scoring pipeline: 0 candidates with status PROCESSING.
2026-05-30 16:28:33.958 | INFO     | scoring.pipeline:run_scoring_pipeline:89 - Scoring complete. {'scored': 0, 'shortlisted': 0, 'not_selected': 0, 'failed': 0}
2026-05-30 16:28:34.134 | INFO     | scoring.mcq_scorer:process_mcq_responses:73 - Checking MCQ responses for job: Software Engineer
2026-05-30 16:28:35.459 | DEBUG    | intake.google_auth:get_google_credentials:26 - Google credentials loaded and token refreshed. Service account: recruitment-ai-service@recruitment-ai-494910.iam.gserviceaccount.com
2026-05-30 16:28:36.842 | DEBUG    | scoring.mcq_scorer:process_mcq_responses:149 - Already scored: Fatimah Adeel - skipping
2026-05-30 16:28:37.348 | DEBUG    | scoring.mcq_scorer:process_mcq_responses:149 - Already scored: test candidate 2 - skipping
2026-05-30 16:28:37.602 | DEBUG    | scoring.mcq_scorer:process_mcq_responses:149 - Already scored: Fatimah Adeel - skipping
2026-05-30 16:28:37.797 | DEBUG    | scoring.mcq_scorer:process_mcq_responses:149 - Already scored: Sulleman Mir - skipping
2026-05-30 16:28:37.799 | INFO     | scoring.mcq_scorer:process_mcq_responses:73 - Checking MCQ responses for job: Data Analyst
2026-05-30 16:28:39.081 | DEBUG    | intake.google_auth:get_google_credentials:26 - Google credentials loaded and token refreshed. Service account: recruitment-ai-service@recruitment-ai-494910.iam.gserviceaccount.com
2026-05-30 16:28:40.510 | DEBUG    | scoring.mcq_scorer:process_mcq_responses:149 - Already scored: Muhammad Ibrahim Mir - skipping
2026-05-30 16:28:40.677 | DEBUG    | scoring.mcq_scorer:process_mcq_responses:149 - Already scored: Muhammad Ibrahim Mir - skipping
2026-05-30 16:28:40.677 | INFO     | scoring.mcq_scorer:process_mcq_responses:184 - MCQ processing complete: {'processed': 0, 'skipped': 7, 'errors': 0}
2026-05-30 16:28:40.854 | INFO     | notifications:notify_shortlisted_candidates:165 - Notification check: 0 shortlisted candidates.
2026-05-30 16:28:42.108 | INFO     | notifications:notify_shortlisted_candidates:233 - Notifications done: {'sent': 0, 'skipped': 0, 'failed': 0}
2026-05-30 16:28:42.316 | INFO     | notifications:notify_rejected_candidates:344 - Rejection check: 1 rejected candidates.
2026-05-30 16:28:42.516 | INFO     | notifications:notify_rejected_candidates:369 - Rejection notifications done: {'sent': 0, 'skipped': 1, 'failed': 0}
2026-05-30 16:28:42.516 | INFO     | api:background_pipeline:48 - Poller: cycle complete.
INFO:     127.0.0.1:56916 - "GET /api/v1/stats HTTP/1.1" 200 OK
INFO:     127.0.0.1:56916 - "GET /api/v1/jobs HTTP/1.1" 200 OK
INFO:     127.0.0.1:56916 - "GET /api/v1/jobs/69f509c2bc3c3a0a6303fbc8/candidates HTTP/1.1" 200 OK
INFO:     127.0.0.1:56916 - "GET /api/v1/jobs/6a09c1ac706a290bda80c131/candidates HTTP/1.1" 200 OK
INFO:     127.0.0.1:56918 - "GET /api/v1/stats HTTP/1.1" 200 OK
INFO:     127.0.0.1:56918 - "GET /api/v1/jobs HTTP/1.1" 200 OK
INFO:     127.0.0.1:56918 - "GET /api/v1/jobs/69f509c2bc3c3a0a6303fbc8/candidates HTTP/1.1" 200 OK
INFO:     127.0.0.1:56918 - "GET /api/v1/jobs/6a09c1ac706a290bda80c131/candidates HTTP/1.1" 200 OK
INFO:     127.0.0.1:56923 - "GET /api/v1/stats HTTP/1.1" 200 OK
INFO:     127.0.0.1:56923 - "GET /api/v1/jobs HTTP/1.1" 200 OK
INFO:     127.0.0.1:56923 - "GET /api/v1/jobs/69f509c2bc3c3a0a6303fbc8/candidates HTTP/1.1" 200 OK
INFO:     127.0.0.1:56923 - "GET /api/v1/jobs/6a09c1ac706a290bda80c131/candidates HTTP/1.1" 200 OK
INFO:     127.0.0.1:56924 - "GET /api/v1/stats HTTP/1.1" 200 OK
INFO:     127.0.0.1:56924 - "GET /api/v1/jobs HTTP/1.1" 200 OK
INFO:     127.0.0.1:56924 - "GET /api/v1/jobs/69f509c2bc3c3a0a6303fbc8/candidates HTTP/1.1" 200 OK
INFO:     127.0.0.1:56924 - "GET /api/v1/jobs/6a09c1ac706a290bda80c131/candidates HTTP/1.1" 200 OK
INFO:     127.0.0.1:56928 - "GET /api/v1/stats HTTP/1.1" 200 OK
INFO:     127.0.0.1:56928 - "GET /api/v1/jobs HTTP/1.1" 200 OK
INFO:     127.0.0.1:56928 - "GET /api/v1/jobs/69f509c2bc3c3a0a6303fbc8/candidates HTTP/1.1" 200 OK
INFO:     127.0.0.1:56928 - "GET /api/v1/jobs/6a09c1ac706a290bda80c131/candidates HTTP/1.1" 200 OK
2026-05-30 16:33:42.517 | INFO     | api:background_pipeline:41 - Poller: checking for new CVs...
2026-05-30 16:33:43.194 | DEBUG    | intake.google_auth:get_google_credentials:26 - Google credentials loaded and token refreshed. Service account: recruitment-ai-service@recruitment-ai-494910.iam.gserviceaccount.com
2026-05-30 16:33:43.196 | DEBUG    | intake.drive_fetcher:_connect:59 - DriveFetcher: Google API session established.
2026-05-30 16:33:44.029 | DEBUG    | intake.drive_fetcher:_read_sheet_rows:80 - Read 8 rows from Google Sheets.
2026-05-30 16:33:44.029 | INFO     | intake.drive_fetcher:run:44 - DriveFetcher: 8 total form submissions found.
2026-05-30 16:33:44.189 | WARNING  | intake.drive_fetcher:_process_row:101 - No active job found for: ''
2026-05-30 16:33:45.377 | INFO     | intake.drive_fetcher:run:52 - DriveFetcher complete. New: 0, Skipped: 8, Errors: 0
2026-05-30 16:33:45.560 | INFO     | extraction:process_pending_candidates:67 - Text extraction: found 0 candidates with status RECEIVED.
2026-05-30 16:33:45.560 | INFO     | extraction:process_pending_candidates:109 - Text extraction complete. Processed: 0, Failed: 0, Skipped: 0
2026-05-30 16:33:45.731 | INFO     | scoring.pipeline:run_scoring_pipeline:17 - Scoring pipeline: 0 candidates with status PROCESSING.
2026-05-30 16:33:45.732 | INFO     | scoring.pipeline:run_scoring_pipeline:89 - Scoring complete. {'scored': 0, 'shortlisted': 0, 'not_selected': 0, 'failed': 0}
2026-05-30 16:33:45.919 | INFO     | scoring.mcq_scorer:process_mcq_responses:73 - Checking MCQ responses for job: Software Engineer
2026-05-30 16:33:46.472 | DEBUG    | intake.google_auth:get_google_credentials:26 - Google credentials loaded and token refreshed. Service account: recruitment-ai-service@recruitment-ai-494910.iam.gserviceaccount.com
2026-05-30 16:33:47.851 | DEBUG    | scoring.mcq_scorer:process_mcq_responses:149 - Already scored: Fatimah Adeel - skipping
2026-05-30 16:33:48.354 | DEBUG    | scoring.mcq_scorer:process_mcq_responses:149 - Already scored: test candidate 2 - skipping
2026-05-30 16:33:48.535 | DEBUG    | scoring.mcq_scorer:process_mcq_responses:149 - Already scored: Fatimah Adeel - skipping
2026-05-30 16:33:48.701 | DEBUG    | scoring.mcq_scorer:process_mcq_responses:149 - Already scored: Sulleman Mir - skipping
2026-05-30 16:33:48.701 | INFO     | scoring.mcq_scorer:process_mcq_responses:73 - Checking MCQ responses for job: Data Analyst
2026-05-30 16:33:49.238 | DEBUG    | intake.google_auth:get_google_credentials:26 - Google credentials loaded and token refreshed. Service account: recruitment-ai-service@recruitment-ai-494910.iam.gserviceaccount.com
2026-05-30 16:33:50.699 | DEBUG    | scoring.mcq_scorer:process_mcq_responses:149 - Already scored: Muhammad Ibrahim Mir - skipping
2026-05-30 16:33:50.864 | DEBUG    | scoring.mcq_scorer:process_mcq_responses:149 - Already scored: Muhammad Ibrahim Mir - skipping
2026-05-30 16:33:50.864 | INFO     | scoring.mcq_scorer:process_mcq_responses:184 - MCQ processing complete: {'processed': 0, 'skipped': 7, 'errors': 0}
2026-05-30 16:33:51.023 | INFO     | notifications:notify_shortlisted_candidates:165 - Notification check: 0 shortlisted candidates.
2026-05-30 16:33:51.979 | INFO     | notifications:notify_shortlisted_candidates:233 - Notifications done: {'sent': 0, 'skipped': 0, 'failed': 0}
2026-05-30 16:33:52.149 | INFO     | notifications:notify_rejected_candidates:344 - Rejection check: 1 rejected candidates.
2026-05-30 16:33:52.320 | INFO     | notifications:notify_rejected_candidates:369 - Rejection notifications done: {'sent': 0, 'skipped': 1, 'failed': 0}
2026-05-30 16:33:52.320 | INFO     | api:background_pipeline:48 - Poller: cycle complete.
INFO:     127.0.0.1:56946 - "GET /api/v1/stats HTTP/1.1" 200 OK
INFO:     127.0.0.1:56946 - "GET /api/v1/jobs HTTP/1.1" 200 OK
INFO:     127.0.0.1:56946 - "GET /api/v1/jobs/69f509c2bc3c3a0a6303fbc8/candidates HTTP/1.1" 200 OK
INFO:     127.0.0.1:56946 - "GET /api/v1/jobs/6a09c1ac706a290bda80c131/candidates HTTP/1.1" 200 OK
INFO:     127.0.0.1:56952 - "GET /api/v1/stats HTTP/1.1" 200 OK
INFO:     127.0.0.1:56952 - "GET /api/v1/jobs HTTP/1.1" 200 OK
INFO:     127.0.0.1:56952 - "GET /api/v1/jobs/69f509c2bc3c3a0a6303fbc8/candidates HTTP/1.1" 200 OK
INFO:     127.0.0.1:56952 - "GET /api/v1/jobs/6a09c1ac706a290bda80c131/candidates HTTP/1.1" 200 OK
INFO:     127.0.0.1:56958 - "GET /api/v1/stats HTTP/1.1" 200 OK
INFO:     127.0.0.1:56958 - "GET /api/v1/jobs HTTP/1.1" 200 OK
INFO:     127.0.0.1:56958 - "GET /api/v1/jobs/69f509c2bc3c3a0a6303fbc8/candidates HTTP/1.1" 200 OK
INFO:     127.0.0.1:56958 - "GET /api/v1/jobs/6a09c1ac706a290bda80c131/candidates HTTP/1.1" 200 OK
INFO:     127.0.0.1:56961 - "GET /api/v1/stats HTTP/1.1" 200 OK
INFO:     127.0.0.1:56961 - "GET /api/v1/jobs HTTP/1.1" 200 OK
INFO:     127.0.0.1:56961 - "GET /api/v1/jobs/69f509c2bc3c3a0a6303fbc8/candidates HTTP/1.1" 200 OK
INFO:     127.0.0.1:56961 - "GET /api/v1/jobs/6a09c1ac706a290bda80c131/candidates HTTP/1.1" 200 OK
2026-05-30 16:38:52.318 | INFO     | api:background_pipeline:41 - Poller: checking for new CVs...
2026-05-30 16:38:52.999 | DEBUG    | intake.google_auth:get_google_credentials:26 - Google credentials loaded and token refreshed. Service account: recruitment-ai-service@recruitment-ai-494910.iam.gserviceaccount.com
2026-05-30 16:38:53.001 | DEBUG    | intake.drive_fetcher:_connect:59 - DriveFetcher: Google API session established.
2026-05-30 16:38:53.841 | DEBUG    | intake.drive_fetcher:_read_sheet_rows:80 - Read 8 rows from Google Sheets.
2026-05-30 16:38:53.842 | INFO     | intake.drive_fetcher:run:44 - DriveFetcher: 8 total form submissions found.
2026-05-30 16:38:54.028 | WARNING  | intake.drive_fetcher:_process_row:101 - No active job found for: ''
2026-05-30 16:38:55.205 | INFO     | intake.drive_fetcher:run:52 - DriveFetcher complete. New: 0, Skipped: 8, Errors: 0
2026-05-30 16:38:55.367 | INFO     | extraction:process_pending_candidates:67 - Text extraction: found 0 candidates with status RECEIVED.
2026-05-30 16:38:55.367 | INFO     | extraction:process_pending_candidates:109 - Text extraction complete. Processed: 0, Failed: 0, Skipped: 0
2026-05-30 16:38:55.524 | INFO     | scoring.pipeline:run_scoring_pipeline:17 - Scoring pipeline: 0 candidates with status PROCESSING.
2026-05-30 16:38:55.524 | INFO     | scoring.pipeline:run_scoring_pipeline:89 - Scoring complete. {'scored': 0, 'shortlisted': 0, 'not_selected': 0, 'failed': 0}
2026-05-30 16:38:55.681 | INFO     | scoring.mcq_scorer:process_mcq_responses:73 - Checking MCQ responses for job: Software Engineer
INFO:     127.0.0.1:56967 - "GET /api/v1/stats HTTP/1.1" 200 OK
INFO:     127.0.0.1:56967 - "GET /api/v1/jobs HTTP/1.1" 200 OK
2026-05-30 16:38:56.253 | DEBUG    | intake.google_auth:get_google_credentials:26 - Google credentials loaded and token refreshed. Service account: recruitment-ai-service@recruitment-ai-494910.iam.gserviceaccount.com
INFO:     127.0.0.1:56967 - "GET /api/v1/jobs/69f509c2bc3c3a0a6303fbc8/candidates HTTP/1.1" 200 OK
INFO:     127.0.0.1:56967 - "GET /api/v1/jobs/6a09c1ac706a290bda80c131/candidates HTTP/1.1" 200 OK
2026-05-30 16:38:57.801 | DEBUG    | scoring.mcq_scorer:process_mcq_responses:149 - Already scored: Fatimah Adeel - skipping
2026-05-30 16:38:58.291 | DEBUG    | scoring.mcq_scorer:process_mcq_responses:149 - Already scored: test candidate 2 - skipping
2026-05-30 16:38:58.474 | DEBUG    | scoring.mcq_scorer:process_mcq_responses:149 - Already scored: Fatimah Adeel - skipping
2026-05-30 16:38:58.648 | DEBUG    | scoring.mcq_scorer:process_mcq_responses:149 - Already scored: Sulleman Mir - skipping
2026-05-30 16:38:58.648 | INFO     | scoring.mcq_scorer:process_mcq_responses:73 - Checking MCQ responses for job: Data Analyst
2026-05-30 16:38:59.250 | DEBUG    | intake.google_auth:get_google_credentials:26 - Google credentials loaded and token refreshed. Service account: recruitment-ai-service@recruitment-ai-494910.iam.gserviceaccount.com
2026-05-30 16:39:01.005 | DEBUG    | scoring.mcq_scorer:process_mcq_responses:149 - Already scored: Muhammad Ibrahim Mir - skipping
2026-05-30 16:39:01.177 | DEBUG    | scoring.mcq_scorer:process_mcq_responses:149 - Already scored: Muhammad Ibrahim Mir - skipping
2026-05-30 16:39:01.177 | INFO     | scoring.mcq_scorer:process_mcq_responses:184 - MCQ processing complete: {'processed': 0, 'skipped': 7, 'errors': 0}
2026-05-30 16:39:01.341 | INFO     | notifications:notify_shortlisted_candidates:165 - Notification check: 0 shortlisted candidates.
2026-05-30 16:39:02.397 | INFO     | notifications:notify_shortlisted_candidates:233 - Notifications done: {'sent': 0, 'skipped': 0, 'failed': 0}
2026-05-30 16:39:02.582 | INFO     | notifications:notify_rejected_candidates:344 - Rejection check: 1 rejected candidates.
2026-05-30 16:39:02.763 | INFO     | notifications:notify_rejected_candidates:369 - Rejection notifications done: {'sent': 0, 'skipped': 1, 'failed': 0}
2026-05-30 16:39:02.763 | INFO     | api:background_pipeline:48 - Poller: cycle complete.
INFO:     127.0.0.1:56980 - "GET /api/v1/stats HTTP/1.1" 200 OK
INFO:     127.0.0.1:56980 - "GET /api/v1/jobs HTTP/1.1" 200 OK
INFO:     127.0.0.1:56980 - "GET /api/v1/jobs/69f509c2bc3c3a0a6303fbc8/candidates HTTP/1.1" 200 OK
INFO:     127.0.0.1:56980 - "GET /api/v1/jobs/6a09c1ac706a290bda80c131/candidates HTTP/1.1" 200 OK
INFO:     127.0.0.1:56985 - "GET /api/v1/stats HTTP/1.1" 200 OK
INFO:     127.0.0.1:56985 - "GET /api/v1/jobs HTTP/1.1" 200 OK
INFO:     127.0.0.1:56985 - "GET /api/v1/jobs/69f509c2bc3c3a0a6303fbc8/candidates HTTP/1.1" 200 OK
INFO:     127.0.0.1:56985 - "GET /api/v1/jobs/6a09c1ac706a290bda80c131/candidates HTTP/1.1" 200 OK
INFO:     127.0.0.1:56988 - "GET /api/v1/stats HTTP/1.1" 200 OK
INFO:     127.0.0.1:56988 - "GET /api/v1/jobs HTTP/1.1" 200 OK
INFO:     127.0.0.1:56988 - "GET /api/v1/jobs/69f509c2bc3c3a0a6303fbc8/candidates HTTP/1.1" 200 OK
INFO:     127.0.0.1:56988 - "GET /api/v1/jobs/6a09c1ac706a290bda80c131/candidates HTTP/1.1" 200 OK
INFO:     127.0.0.1:56990 - "GET /api/v1/stats HTTP/1.1" 200 OK
INFO:     127.0.0.1:56990 - "GET /api/v1/jobs HTTP/1.1" 200 OK
INFO:     127.0.0.1:56990 - "GET /api/v1/jobs/69f509c2bc3c3a0a6303fbc8/candidates HTTP/1.1" 200 OK
INFO:     127.0.0.1:56990 - "GET /api/v1/jobs/6a09c1ac706a290bda80c131/candidates HTTP/1.1" 200 OK
2026-05-30 16:44:02.758 | INFO     | api:background_pipeline:41 - Poller: checking for new CVs...
2026-05-30 16:44:03.980 | DEBUG    | intake.google_auth:get_google_credentials:26 - Google credentials loaded and token refreshed. Service account: recruitment-ai-service@recruitment-ai-494910.iam.gserviceaccount.com
2026-05-30 16:44:03.989 | DEBUG    | intake.drive_fetcher:_connect:59 - DriveFetcher: Google API session established.
2026-05-30 16:44:04.990 | DEBUG    | intake.drive_fetcher:_read_sheet_rows:80 - Read 8 rows from Google Sheets.
2026-05-30 16:44:04.990 | INFO     | intake.drive_fetcher:run:44 - DriveFetcher: 8 total form submissions found.
2026-05-30 16:44:05.170 | WARNING  | intake.drive_fetcher:_process_row:101 - No active job found for: ''
2026-05-30 16:44:06.269 | INFO     | intake.drive_fetcher:run:52 - DriveFetcher complete. New: 0, Skipped: 8, Errors: 0
2026-05-30 16:44:06.426 | INFO     | extraction:process_pending_candidates:67 - Text extraction: found 0 candidates with status RECEIVED.
2026-05-30 16:44:06.428 | INFO     | extraction:process_pending_candidates:109 - Text extraction complete. Processed: 0, Failed: 0, Skipped: 0
2026-05-30 16:44:06.583 | INFO     | scoring.pipeline:run_scoring_pipeline:17 - Scoring pipeline: 0 candidates with status PROCESSING.
2026-05-30 16:44:06.583 | INFO     | scoring.pipeline:run_scoring_pipeline:89 - Scoring complete. {'scored': 0, 'shortlisted': 0, 'not_selected': 0, 'failed': 0}
2026-05-30 16:44:06.738 | INFO     | scoring.mcq_scorer:process_mcq_responses:73 - Checking MCQ responses for job: Software Engineer
2026-05-30 16:44:07.257 | DEBUG    | intake.google_auth:get_google_credentials:26 - Google credentials loaded and token refreshed. Service account: recruitment-ai-service@recruitment-ai-494910.iam.gserviceaccount.com
2026-05-30 16:44:08.179 | DEBUG    | scoring.mcq_scorer:process_mcq_responses:149 - Already scored: Fatimah Adeel - skipping
2026-05-30 16:44:08.649 | DEBUG    | scoring.mcq_scorer:process_mcq_responses:149 - Already scored: test candidate 2 - skipping
2026-05-30 16:44:08.831 | DEBUG    | scoring.mcq_scorer:process_mcq_responses:149 - Already scored: Fatimah Adeel - skipping
2026-05-30 16:44:09.016 | DEBUG    | scoring.mcq_scorer:process_mcq_responses:149 - Already scored: Sulleman Mir - skipping
2026-05-30 16:44:09.019 | INFO     | scoring.mcq_scorer:process_mcq_responses:73 - Checking MCQ responses for job: Data Analyst
2026-05-30 16:44:09.616 | DEBUG    | intake.google_auth:get_google_credentials:26 - Google credentials loaded and token refreshed. Service account: recruitment-ai-service@recruitment-ai-494910.iam.gserviceaccount.com
2026-05-30 16:44:11.001 | DEBUG    | scoring.mcq_scorer:process_mcq_responses:149 - Already scored: Muhammad Ibrahim Mir - skipping
2026-05-30 16:44:11.157 | DEBUG    | scoring.mcq_scorer:process_mcq_responses:149 - Already scored: Muhammad Ibrahim Mir - skipping
2026-05-30 16:44:11.157 | INFO     | scoring.mcq_scorer:process_mcq_responses:184 - MCQ processing complete: {'processed': 0, 'skipped': 7, 'errors': 0}
2026-05-30 16:44:11.315 | INFO     | notifications:notify_shortlisted_candidates:165 - Notification check: 0 shortlisted candidates.
2026-05-30 16:44:12.313 | INFO     | notifications:notify_shortlisted_candidates:233 - Notifications done: {'sent': 0, 'skipped': 0, 'failed': 0}
2026-05-30 16:44:12.471 | INFO     | notifications:notify_rejected_candidates:344 - Rejection check: 1 rejected candidates.
2026-05-30 16:44:12.678 | INFO     | notifications:notify_rejected_candidates:369 - Rejection notifications done: {'sent': 0, 'skipped': 1, 'failed': 0}
2026-05-30 16:44:12.678 | INFO     | api:background_pipeline:48 - Poller: cycle complete.
INFO:     127.0.0.1:57007 - "GET /api/v1/stats HTTP/1.1" 200 OK
INFO:     127.0.0.1:57007 - "GET /api/v1/jobs HTTP/1.1" 200 OK
INFO:     127.0.0.1:57007 - "GET /api/v1/jobs/69f509c2bc3c3a0a6303fbc8/candidates HTTP/1.1" 200 OK
INFO:     127.0.0.1:57007 - "GET /api/v1/jobs/6a09c1ac706a290bda80c131/candidates HTTP/1.1" 200 OK
INFO:     127.0.0.1:57009 - "GET /api/v1/stats HTTP/1.1" 200 OK
INFO:     127.0.0.1:57009 - "GET /api/v1/jobs HTTP/1.1" 200 OK
INFO:     127.0.0.1:57009 - "GET /api/v1/jobs/69f509c2bc3c3a0a6303fbc8/candidates HTTP/1.1" 200 OK
INFO:     127.0.0.1:57009 - "GET /api/v1/jobs/6a09c1ac706a290bda80c131/candidates HTTP/1.1" 200 OK
INFO:     127.0.0.1:57012 - "GET /api/v1/stats HTTP/1.1" 200 OK
INFO:     127.0.0.1:57012 - "GET /api/v1/jobs HTTP/1.1" 200 OK
INFO:     127.0.0.1:57012 - "GET /api/v1/jobs/69f509c2bc3c3a0a6303fbc8/candidates HTTP/1.1" 200 OK
INFO:     127.0.0.1:57012 - "GET /api/v1/jobs/6a09c1ac706a290bda80c131/candidates HTTP/1.1" 200 OK
INFO:     127.0.0.1:57015 - "GET /api/v1/stats HTTP/1.1" 200 OK
INFO:     127.0.0.1:57015 - "GET /api/v1/jobs HTTP/1.1" 200 OK
INFO:     127.0.0.1:57015 - "GET /api/v1/jobs/69f509c2bc3c3a0a6303fbc8/candidates HTTP/1.1" 200 OK
INFO:     127.0.0.1:57015 - "GET /api/v1/jobs/6a09c1ac706a290bda80c131/candidates HTTP/1.1" 200 OK
INFO:     127.0.0.1:57017 - "GET /api/v1/stats HTTP/1.1" 200 OK
INFO:     127.0.0.1:57017 - "GET /api/v1/jobs HTTP/1.1" 200 OK
INFO:     127.0.0.1:57017 - "GET /api/v1/jobs/69f509c2bc3c3a0a6303fbc8/candidates HTTP/1.1" 200 OK
INFO:     127.0.0.1:57017 - "GET /api/v1/jobs/6a09c1ac706a290bda80c131/candidates HTTP/1.1" 200 OK
2026-05-30 16:49:12.674 | INFO     | api:background_pipeline:41 - Poller: checking for new CVs...
2026-05-30 16:49:13.343 | DEBUG    | intake.google_auth:get_google_credentials:26 - Google credentials loaded and token refreshed. Service account: recruitment-ai-service@recruitment-ai-494910.iam.gserviceaccount.com
2026-05-30 16:49:13.346 | DEBUG    | intake.drive_fetcher:_connect:59 - DriveFetcher: Google API session established.
2026-05-30 16:49:14.460 | DEBUG    | intake.drive_fetcher:_read_sheet_rows:80 - Read 8 rows from Google Sheets.
2026-05-30 16:49:14.461 | INFO     | intake.drive_fetcher:run:44 - DriveFetcher: 8 total form submissions found.
2026-05-30 16:49:14.620 | WARNING  | intake.drive_fetcher:_process_row:101 - No active job found for: ''
2026-05-30 16:49:15.710 | INFO     | intake.drive_fetcher:run:52 - DriveFetcher complete. New: 0, Skipped: 8, Errors: 0
2026-05-30 16:49:15.868 | INFO     | extraction:process_pending_candidates:67 - Text extraction: found 0 candidates with status RECEIVED.
2026-05-30 16:49:15.868 | INFO     | extraction:process_pending_candidates:109 - Text extraction complete. Processed: 0, Failed: 0, Skipped: 0
2026-05-30 16:49:16.026 | INFO     | scoring.pipeline:run_scoring_pipeline:17 - Scoring pipeline: 0 candidates with status PROCESSING.
2026-05-30 16:49:16.026 | INFO     | scoring.pipeline:run_scoring_pipeline:89 - Scoring complete. {'scored': 0, 'shortlisted': 0, 'not_selected': 0, 'failed': 0}
2026-05-30 16:49:16.182 | INFO     | scoring.mcq_scorer:process_mcq_responses:73 - Checking MCQ responses for job: Software Engineer
2026-05-30 16:49:16.742 | DEBUG    | intake.google_auth:get_google_credentials:26 - Google credentials loaded and token refreshed. Service account: recruitment-ai-service@recruitment-ai-494910.iam.gserviceaccount.com
2026-05-30 16:49:17.697 | DEBUG    | scoring.mcq_scorer:process_mcq_responses:149 - Already scored: Fatimah Adeel - skipping
2026-05-30 16:49:18.162 | DEBUG    | scoring.mcq_scorer:process_mcq_responses:149 - Already scored: test candidate 2 - skipping
2026-05-30 16:49:18.318 | DEBUG    | scoring.mcq_scorer:process_mcq_responses:149 - Already scored: Fatimah Adeel - skipping
2026-05-30 16:49:18.478 | DEBUG    | scoring.mcq_scorer:process_mcq_responses:149 - Already scored: Sulleman Mir - skipping
2026-05-30 16:49:18.478 | INFO     | scoring.mcq_scorer:process_mcq_responses:73 - Checking MCQ responses for job: Data Analyst
2026-05-30 16:49:19.019 | DEBUG    | intake.google_auth:get_google_credentials:26 - Google credentials loaded and token refreshed. Service account: recruitment-ai-service@recruitment-ai-494910.iam.gserviceaccount.com
2026-05-30 16:49:20.229 | DEBUG    | scoring.mcq_scorer:process_mcq_responses:149 - Already scored: Muhammad Ibrahim Mir - skipping
2026-05-30 16:49:20.401 | DEBUG    | scoring.mcq_scorer:process_mcq_responses:149 - Already scored: Muhammad Ibrahim Mir - skipping
2026-05-30 16:49:20.401 | INFO     | scoring.mcq_scorer:process_mcq_responses:184 - MCQ processing complete: {'processed': 0, 'skipped': 7, 'errors': 0}
2026-05-30 16:49:20.557 | INFO     | notifications:notify_shortlisted_candidates:165 - Notification check: 0 shortlisted candidates.
2026-05-30 16:49:21.487 | INFO     | notifications:notify_shortlisted_candidates:233 - Notifications done: {'sent': 0, 'skipped': 0, 'failed': 0}
2026-05-30 16:49:21.651 | INFO     | notifications:notify_rejected_candidates:344 - Rejection check: 1 rejected candidates.
2026-05-30 16:49:21.811 | INFO     | notifications:notify_rejected_candidates:369 - Rejection notifications done: {'sent': 0, 'skipped': 1, 'failed': 0}
2026-05-30 16:49:21.812 | INFO     | api:background_pipeline:48 - Poller: cycle complete.
INFO:     127.0.0.1:57026 - "GET /api/v1/stats HTTP/1.1" 200 OK
INFO:     127.0.0.1:57026 - "GET /api/v1/jobs HTTP/1.1" 200 OK
INFO:     127.0.0.1:57026 - "GET /api/v1/jobs/69f509c2bc3c3a0a6303fbc8/candidates HTTP/1.1" 200 OK
INFO:     127.0.0.1:57026 - "GET /api/v1/jobs/6a09c1ac706a290bda80c131/candidates HTTP/1.1" 200 OK
INFO:     127.0.0.1:57027 - "GET /api/v1/stats HTTP/1.1" 200 OK
INFO:     127.0.0.1:57027 - "GET /api/v1/jobs HTTP/1.1" 200 OK
INFO:     127.0.0.1:57027 - "GET /api/v1/jobs/69f509c2bc3c3a0a6303fbc8/candidates HTTP/1.1" 200 OK
INFO:     127.0.0.1:57027 - "GET /api/v1/jobs/6a09c1ac706a290bda80c131/candidates HTTP/1.1" 200 OK
INFO:     127.0.0.1:57028 - "GET /api/v1/stats HTTP/1.1" 200 OK
INFO:     127.0.0.1:57028 - "GET /api/v1/jobs HTTP/1.1" 200 OK
INFO:     127.0.0.1:57028 - "GET /api/v1/jobs/69f509c2bc3c3a0a6303fbc8/candidates HTTP/1.1" 200 OK
INFO:     127.0.0.1:57028 - "GET /api/v1/jobs/6a09c1ac706a290bda80c131/candidates HTTP/1.1" 200 OK
INFO:     127.0.0.1:57040 - "GET /api/v1/stats HTTP/1.1" 200 OK
INFO:     127.0.0.1:57040 - "GET /api/v1/jobs HTTP/1.1" 200 OK
INFO:     127.0.0.1:57040 - "GET /api/v1/jobs/69f509c2bc3c3a0a6303fbc8/candidates HTTP/1.1" 200 OK
INFO:     127.0.0.1:57040 - "GET /api/v1/jobs/6a09c1ac706a290bda80c131/candidates HTTP/1.1" 200 OK
INFO:     127.0.0.1:57043 - "GET /api/v1/stats HTTP/1.1" 200 OK
INFO:     127.0.0.1:57043 - "GET /api/v1/jobs HTTP/1.1" 200 OK
INFO:     127.0.0.1:57043 - "GET /api/v1/jobs/69f509c2bc3c3a0a6303fbc8/candidates HTTP/1.1" 200 OK
INFO:     127.0.0.1:57043 - "GET /api/v1/jobs/6a09c1ac706a290bda80c131/candidates HTTP/1.1" 200 OK
2026-05-30 16:54:21.806 | INFO     | api:background_pipeline:41 - Poller: checking for new CVs...
2026-05-30 16:54:22.366 | DEBUG    | intake.google_auth:get_google_credentials:26 - Google credentials loaded and token refreshed. Service account: recruitment-ai-service@recruitment-ai-494910.iam.gserviceaccount.com
2026-05-30 16:54:22.370 | DEBUG    | intake.drive_fetcher:_connect:59 - DriveFetcher: Google API session established.
2026-05-30 16:54:23.260 | DEBUG    | intake.drive_fetcher:_read_sheet_rows:80 - Read 8 rows from Google Sheets.
2026-05-30 16:54:23.260 | INFO     | intake.drive_fetcher:run:44 - DriveFetcher: 8 total form submissions found.
2026-05-30 16:54:23.417 | WARNING  | intake.drive_fetcher:_process_row:101 - No active job found for: ''
2026-05-30 16:54:24.507 | INFO     | intake.drive_fetcher:run:52 - DriveFetcher complete. New: 0, Skipped: 8, Errors: 0
2026-05-30 16:54:24.665 | INFO     | extraction:process_pending_candidates:67 - Text extraction: found 0 candidates with status RECEIVED.
2026-05-30 16:54:24.665 | INFO     | extraction:process_pending_candidates:109 - Text extraction complete. Processed: 0, Failed: 0, Skipped: 0
2026-05-30 16:54:24.822 | INFO     | scoring.pipeline:run_scoring_pipeline:17 - Scoring pipeline: 0 candidates with status PROCESSING.
2026-05-30 16:54:24.830 | INFO     | scoring.pipeline:run_scoring_pipeline:89 - Scoring complete. {'scored': 0, 'shortlisted': 0, 'not_selected': 0, 'failed': 0}
2026-05-30 16:54:24.986 | INFO     | scoring.mcq_scorer:process_mcq_responses:73 - Checking MCQ responses for job: Software Engineer
2026-05-30 16:54:25.521 | DEBUG    | intake.google_auth:get_google_credentials:26 - Google credentials loaded and token refreshed. Service account: recruitment-ai-service@recruitment-ai-494910.iam.gserviceaccount.com
2026-05-30 16:54:26.882 | DEBUG    | scoring.mcq_scorer:process_mcq_responses:149 - Already scored: Fatimah Adeel - skipping
2026-05-30 16:54:27.348 | DEBUG    | scoring.mcq_scorer:process_mcq_responses:149 - Already scored: test candidate 2 - skipping
INFO:     127.0.0.1:57054 - "GET /api/v1/stats HTTP/1.1" 200 OK
INFO:     127.0.0.1:57054 - "GET /api/v1/jobs HTTP/1.1" 200 OK
INFO:     127.0.0.1:57054 - "GET /api/v1/jobs/69f509c2bc3c3a0a6303fbc8/candidates HTTP/1.1" 200 OK
INFO:     127.0.0.1:57054 - "GET /api/v1/jobs/6a09c1ac706a290bda80c131/candidates HTTP/1.1" 200 OK
INFO:     127.0.0.1:57065 - "GET /api/v1/stats HTTP/1.1" 200 OK
INFO:     127.0.0.1:57065 - "GET /api/v1/jobs HTTP/1.1" 200 OK
INFO:     127.0.0.1:57065 - "GET /api/v1/jobs/69f509c2bc3c3a0a6303fbc8/candidates HTTP/1.1" 200 OK
INFO:     127.0.0.1:57065 - "GET /api/v1/jobs/6a09c1ac706a290bda80c131/candidates HTTP/1.1" 200 OK
INFO:     127.0.0.1:57067 - "GET /api/v1/stats HTTP/1.1" 200 OK
INFO:     127.0.0.1:57067 - "GET /api/v1/jobs HTTP/1.1" 200 OK
INFO:     127.0.0.1:57067 - "GET /api/v1/jobs/69f509c2bc3c3a0a6303fbc8/candidates HTTP/1.1" 200 OK
INFO:     127.0.0.1:57067 - "GET /api/v1/jobs/6a09c1ac706a290bda80c131/candidates HTTP/1.1" 200 OK
INFO:     127.0.0.1:57073 - "GET /api/v1/stats HTTP/1.1" 200 OK
INFO:     127.0.0.1:57073 - "GET /api/v1/jobs HTTP/1.1" 200 OK
INFO:     127.0.0.1:57073 - "GET /api/v1/jobs/69f509c2bc3c3a0a6303fbc8/candidates HTTP/1.1" 200 OK
INFO:     127.0.0.1:57073 - "GET /api/v1/jobs/6a09c1ac706a290bda80c131/candidates HTTP/1.1" 200 OK
2026-05-30 16:54:27.504 | DEBUG    | scoring.mcq_scorer:process_mcq_responses:149 - Already scored: Fatimah Adeel - skipping
--- Logging error in Loguru Handler #0 ---
2026-05-30 16:54:27.734 | DEBUG    | scoring.mcq_scorer:process_mcq_responses:149 - Already scored: Sulleman Mir - skipping
--- Logging error in Loguru Handler #0 ---
2026-05-30 16:54:27.757 | INFO     | scoring.mcq_scorer:process_mcq_responses:73 - Checking MCQ responses for job: Data Analyst
--- Logging error in Loguru Handler #0 ---
2026-05-30 16:54:28.329 | DEBUG    | intake.google_auth:get_google_credentials:26 - Google credentials loaded and token refreshed. Service account: recruitment-ai-service@recruitment-ai-494910.iam.gserviceaccount.com
--- Logging error in Loguru Handler #0 ---
2026-05-30 16:54:29.768 | DEBUG    | scoring.mcq_scorer:process_mcq_responses:149 - Already scored: Muhammad Ibrahim Mir - skipping
--- Logging error in Loguru Handler #0 ---
2026-05-30 16:54:29.949 | DEBUG    | scoring.mcq_scorer:process_mcq_responses:149 - Already scored: Muhammad Ibrahim Mir - skipping
--- Logging error in Loguru Handler #0 ---
2026-05-30 16:54:29.971 | INFO     | scoring.mcq_scorer:process_mcq_responses:184 - MCQ processing complete: {'processed': 0, 'skipped': 7, 'errors': 0}
--- Logging error in Loguru Handler #0 ---
2026-05-30 16:54:30.158 | INFO     | notifications:notify_shortlisted_candidates:165 - Notification check: 0 shortlisted candidates.
--- Logging error in Loguru Handler #0 ---
2026-05-30 16:54:31.114 | INFO     | notifications:notify_shortlisted_candidates:233 - Notifications done: {'sent': 0, 'skipped': 0, 'failed': 0}
--- Logging error in Loguru Handler #0 ---
2026-05-30 16:54:31.300 | INFO     | notifications:notify_rejected_candidates:344 - Rejection check: 1 rejected candidates.
--- Logging error in Loguru Handler #0 ---
2026-05-30 16:54:31.482 | INFO     | notifications:notify_rejected_candidates:369 - Rejection notifications done: {'sent': 0, 'skipped': 1, 'failed': 0}
--- Logging error in Loguru Handler #0 ---
2026-05-30 16:54:31.508 | INFO     | api:background_pipeline:48 - Poller: cycle complete.
--- Logging error in Loguru Handler #0 ---
--- Logging error ---
--- Logging error ---
--- Logging error ---
--- Logging error ---
2026-05-30 16:59:31.536 | INFO     | api:background_pipeline:41 - Poller: checking for new CVs...
2026-05-30 16:59:31.619 | ERROR    | intake.google_auth:get_google_credentials:29 - Error loading Google credentials: Could not find a suitable TLS CA certificate bundle, invalid path: /Users/fatoo/recruitment_ai/venv/lib/python3.11/site-packages/certifi/cacert.pem
2026-05-30 16:59:31.619 | WARNING  | intake.drive_fetcher:run:35 - DriveFetcher: Google authentication failed.
2026-05-30 16:59:31.812 | INFO     | extraction:process_pending_candidates:67 - Text extraction: found 0 candidates with status RECEIVED.
2026-05-30 16:59:31.814 | INFO     | extraction:process_pending_candidates:109 - Text extraction complete. Processed: 0, Failed: 0, Skipped: 0
2026-05-30 16:59:31.997 | INFO     | scoring.pipeline:run_scoring_pipeline:17 - Scoring pipeline: 0 candidates with status PROCESSING.
2026-05-30 16:59:31.998 | INFO     | scoring.pipeline:run_scoring_pipeline:89 - Scoring complete. {'scored': 0, 'shortlisted': 0, 'not_selected': 0, 'failed': 0}
2026-05-30 16:59:32.154 | INFO     | scoring.mcq_scorer:process_mcq_responses:73 - Checking MCQ responses for job: Software Engineer
2026-05-30 16:59:32.240 | ERROR    | intake.google_auth:get_google_credentials:29 - Error loading Google credentials: Could not find a suitable TLS CA certificate bundle, invalid path: /Users/fatoo/recruitment_ai/venv/lib/python3.11/site-packages/certifi/cacert.pem
2026-05-30 16:59:32.241 | ERROR    | scoring.mcq_scorer:process_mcq_responses:96 - Error reading MCQ sheet: 'NoneType' object has no attribute 'get'
2026-05-30 16:59:32.241 | INFO     | scoring.mcq_scorer:process_mcq_responses:73 - Checking MCQ responses for job: Data Analyst
2026-05-30 16:59:32.300 | ERROR    | intake.google_auth:get_google_credentials:29 - Error loading Google credentials: Could not find a suitable TLS CA certificate bundle, invalid path: /Users/fatoo/recruitment_ai/venv/lib/python3.11/site-packages/certifi/cacert.pem
2026-05-30 16:59:32.300 | ERROR    | scoring.mcq_scorer:process_mcq_responses:96 - Error reading MCQ sheet: 'NoneType' object has no attribute 'get'
2026-05-30 16:59:32.300 | INFO     | scoring.mcq_scorer:process_mcq_responses:184 - MCQ processing complete: {'processed': 0, 'skipped': 0, 'errors': 2}
2026-05-30 16:59:32.456 | INFO     | notifications:notify_shortlisted_candidates:165 - Notification check: 0 shortlisted candidates.
2026-05-30 16:59:33.523 | INFO     | notifications:notify_shortlisted_candidates:233 - Notifications done: {'sent': 0, 'skipped': 0, 'failed': 0}
INFO:     127.0.0.1:57079 - "GET /api/v1/stats HTTP/1.1" 200 OK
2026-05-30 16:59:33.688 | INFO     | notifications:notify_rejected_candidates:344 - Rejection check: 1 rejected candidates.
2026-05-30 16:59:33.843 | INFO     | notifications:notify_rejected_candidates:369 - Rejection notifications done: {'sent': 0, 'skipped': 1, 'failed': 0}
2026-05-30 16:59:33.843 | INFO     | api:background_pipeline:48 - Poller: cycle complete.
INFO:     127.0.0.1:57079 - "GET /api/v1/jobs HTTP/1.1" 200 OK
INFO:     127.0.0.1:57079 - "GET /api/v1/jobs/69f509c2bc3c3a0a6303fbc8/candidates HTTP/1.1" 200 OK
INFO:     127.0.0.1:57079 - "GET /api/v1/jobs/6a09c1ac706a290bda80c131/candidates HTTP/1.1" 200 OK
INFO:     127.0.0.1:57099 - "GET /api/v1/stats HTTP/1.1" 200 OK
INFO:     127.0.0.1:57099 - "GET /api/v1/jobs HTTP/1.1" 200 OK
INFO:     127.0.0.1:57099 - "GET /api/v1/jobs/69f509c2bc3c3a0a6303fbc8/candidates HTTP/1.1" 200 OK
INFO:     127.0.0.1:57099 - "GET /api/v1/jobs/6a09c1ac706a290bda80c131/candidates HTTP/1.1" 200 OK
INFO:     127.0.0.1:57101 - "GET /api/v1/stats HTTP/1.1" 200 OK
INFO:     127.0.0.1:57101 - "GET /api/v1/jobs HTTP/1.1" 200 OK
INFO:     127.0.0.1:57101 - "GET /api/v1/jobs/69f509c2bc3c3a0a6303fbc8/candidates HTTP/1.1" 200 OK
INFO:     127.0.0.1:57101 - "GET /api/v1/jobs/6a09c1ac706a290bda80c131/candidates HTTP/1.1" 200 OK
INFO:     127.0.0.1:57103 - "GET /api/v1/stats HTTP/1.1" 200 OK
INFO:     127.0.0.1:57103 - "GET /api/v1/jobs HTTP/1.1" 200 OK
INFO:     127.0.0.1:57103 - "GET /api/v1/jobs/69f509c2bc3c3a0a6303fbc8/candidates HTTP/1.1" 200 OK
INFO:     127.0.0.1:57103 - "GET /api/v1/jobs/6a09c1ac706a290bda80c131/candidates HTTP/1.1" 200 OK
INFO:     127.0.0.1:57106 - "GET /api/v1/stats HTTP/1.1" 200 OK
INFO:     127.0.0.1:57106 - "GET /api/v1/jobs HTTP/1.1" 200 OK
INFO:     127.0.0.1:57106 - "GET /api/v1/jobs/69f509c2bc3c3a0a6303fbc8/candidates HTTP/1.1" 200 OK
INFO:     127.0.0.1:57106 - "GET /api/v1/jobs/6a09c1ac706a290bda80c131/candidates HTTP/1.1" 200 OK
2026-05-30 17:04:33.839 | INFO     | api:background_pipeline:41 - Poller: checking for new CVs...
2026-05-30 17:04:33.964 | ERROR    | intake.google_auth:get_google_credentials:29 - Error loading Google credentials: Could not find a suitable TLS CA certificate bundle, invalid path: /Users/fatoo/recruitment_ai/venv/lib/python3.11/site-packages/certifi/cacert.pem
2026-05-30 17:04:33.965 | WARNING  | intake.drive_fetcher:run:35 - DriveFetcher: Google authentication failed.
2026-05-30 17:04:34.132 | INFO     | extraction:process_pending_candidates:67 - Text extraction: found 0 candidates with status RECEIVED.
2026-05-30 17:04:34.132 | INFO     | extraction:process_pending_candidates:109 - Text extraction complete. Processed: 0, Failed: 0, Skipped: 0
2026-05-30 17:04:34.288 | INFO     | scoring.pipeline:run_scoring_pipeline:17 - Scoring pipeline: 0 candidates with status PROCESSING.
2026-05-30 17:04:34.288 | INFO     | scoring.pipeline:run_scoring_pipeline:89 - Scoring complete. {'scored': 0, 'shortlisted': 0, 'not_selected': 0, 'failed': 0}
2026-05-30 17:04:34.457 | INFO     | scoring.mcq_scorer:process_mcq_responses:73 - Checking MCQ responses for job: Software Engineer
2026-05-30 17:04:34.546 | ERROR    | intake.google_auth:get_google_credentials:29 - Error loading Google credentials: Could not find a suitable TLS CA certificate bundle, invalid path: /Users/fatoo/recruitment_ai/venv/lib/python3.11/site-packages/certifi/cacert.pem
2026-05-30 17:04:34.546 | ERROR    | scoring.mcq_scorer:process_mcq_responses:96 - Error reading MCQ sheet: 'NoneType' object has no attribute 'get'
2026-05-30 17:04:34.546 | INFO     | scoring.mcq_scorer:process_mcq_responses:73 - Checking MCQ responses for job: Data Analyst
2026-05-30 17:04:34.627 | ERROR    | intake.google_auth:get_google_credentials:29 - Error loading Google credentials: Could not find a suitable TLS CA certificate bundle, invalid path: /Users/fatoo/recruitment_ai/venv/lib/python3.11/site-packages/certifi/cacert.pem
2026-05-30 17:04:34.627 | ERROR    | scoring.mcq_scorer:process_mcq_responses:96 - Error reading MCQ sheet: 'NoneType' object has no attribute 'get'
2026-05-30 17:04:34.627 | INFO     | scoring.mcq_scorer:process_mcq_responses:184 - MCQ processing complete: {'processed': 0, 'skipped': 0, 'errors': 2}
2026-05-30 17:04:34.785 | INFO     | notifications:notify_shortlisted_candidates:165 - Notification check: 0 shortlisted candidates.
2026-05-30 17:04:35.728 | INFO     | notifications:notify_shortlisted_candidates:233 - Notifications done: {'sent': 0, 'skipped': 0, 'failed': 0}
2026-05-30 17:04:35.885 | INFO     | notifications:notify_rejected_candidates:344 - Rejection check: 1 rejected candidates.
2026-05-30 17:04:36.042 | INFO     | notifications:notify_rejected_candidates:369 - Rejection notifications done: {'sent': 0, 'skipped': 1, 'failed': 0}
2026-05-30 17:04:36.042 | INFO     | api:background_pipeline:48 - Poller: cycle complete.
INFO:     127.0.0.1:57110 - "GET /api/v1/stats HTTP/1.1" 200 OK
INFO:     127.0.0.1:57110 - "GET /api/v1/jobs HTTP/1.1" 200 OK
INFO:     127.0.0.1:57110 - "GET /api/v1/jobs/69f509c2bc3c3a0a6303fbc8/candidates HTTP/1.1" 200 OK
INFO:     127.0.0.1:57110 - "GET /api/v1/jobs/6a09c1ac706a290bda80c131/candidates HTTP/1.1" 200 OK
INFO:     127.0.0.1:57111 - "GET /api/v1/stats HTTP/1.1" 200 OK
INFO:     127.0.0.1:57111 - "GET /api/v1/jobs HTTP/1.1" 200 OK
INFO:     127.0.0.1:57111 - "GET /api/v1/jobs/69f509c2bc3c3a0a6303fbc8/candidates HTTP/1.1" 200 OK
INFO:     127.0.0.1:57111 - "GET /api/v1/jobs/6a09c1ac706a290bda80c131/candidates HTTP/1.1" 200 OK
INFO:     127.0.0.1:57114 - "GET /api/v1/stats HTTP/1.1" 200 OK
INFO:     127.0.0.1:57114 - "GET /api/v1/jobs HTTP/1.1" 200 OK
INFO:     127.0.0.1:57114 - "GET /api/v1/jobs/69f509c2bc3c3a0a6303fbc8/candidates HTTP/1.1" 200 OK
INFO:     127.0.0.1:57114 - "GET /api/v1/jobs/6a09c1ac706a290bda80c131/candidates HTTP/1.1" 200 OK
INFO:     127.0.0.1:57116 - "GET /api/v1/stats HTTP/1.1" 200 OK
INFO:     127.0.0.1:57116 - "GET /api/v1/jobs HTTP/1.1" 200 OK
INFO:     127.0.0.1:57116 - "GET /api/v1/jobs/69f509c2bc3c3a0a6303fbc8/candidates HTTP/1.1" 200 OK
INFO:     127.0.0.1:57116 - "GET /api/v1/jobs/6a09c1ac706a290bda80c131/candidates HTTP/1.1" 200 OK
INFO:     127.0.0.1:57118 - "GET /api/v1/stats HTTP/1.1" 200 OK
INFO:     127.0.0.1:57118 - "GET /api/v1/jobs HTTP/1.1" 200 OK
INFO:     127.0.0.1:57118 - "GET /api/v1/jobs/69f509c2bc3c3a0a6303fbc8/candidates HTTP/1.1" 200 OK
INFO:     127.0.0.1:57118 - "GET /api/v1/jobs/6a09c1ac706a290bda80c131/candidates HTTP/1.1" 200 OK
2026-05-30 17:09:35.316 | INFO     | api:background_pipeline:41 - Poller: checking for new CVs...
2026-05-30 17:09:35.385 | ERROR    | intake.google_auth:get_google_credentials:29 - Error loading Google credentials: Could not find a suitable TLS CA certificate bundle, invalid path: /Users/fatoo/recruitment_ai/venv/lib/python3.11/site-packages/certifi/cacert.pem
2026-05-30 17:09:35.388 | WARNING  | intake.drive_fetcher:run:35 - DriveFetcher: Google authentication failed.
2026-05-30 17:09:35.546 | INFO     | extraction:process_pending_candidates:67 - Text extraction: found 0 candidates with status RECEIVED.
2026-05-30 17:09:35.546 | INFO     | extraction:process_pending_candidates:109 - Text extraction complete. Processed: 0, Failed: 0, Skipped: 0
2026-05-30 17:09:35.702 | INFO     | scoring.pipeline:run_scoring_pipeline:17 - Scoring pipeline: 0 candidates with status PROCESSING.
2026-05-30 17:09:35.702 | INFO     | scoring.pipeline:run_scoring_pipeline:89 - Scoring complete. {'scored': 0, 'shortlisted': 0, 'not_selected': 0, 'failed': 0}
2026-05-30 17:09:35.857 | INFO     | scoring.mcq_scorer:process_mcq_responses:73 - Checking MCQ responses for job: Software Engineer
2026-05-30 17:09:35.931 | ERROR    | intake.google_auth:get_google_credentials:29 - Error loading Google credentials: Could not find a suitable TLS CA certificate bundle, invalid path: /Users/fatoo/recruitment_ai/venv/lib/python3.11/site-packages/certifi/cacert.pem
2026-05-30 17:09:35.931 | ERROR    | scoring.mcq_scorer:process_mcq_responses:96 - Error reading MCQ sheet: 'NoneType' object has no attribute 'get'
2026-05-30 17:09:35.932 | INFO     | scoring.mcq_scorer:process_mcq_responses:73 - Checking MCQ responses for job: Data Analyst
2026-05-30 17:09:35.999 | ERROR    | intake.google_auth:get_google_credentials:29 - Error loading Google credentials: Could not find a suitable TLS CA certificate bundle, invalid path: /Users/fatoo/recruitment_ai/venv/lib/python3.11/site-packages/certifi/cacert.pem
2026-05-30 17:09:35.999 | ERROR    | scoring.mcq_scorer:process_mcq_responses:96 - Error reading MCQ sheet: 'NoneType' object has no attribute 'get'
2026-05-30 17:09:35.999 | INFO     | scoring.mcq_scorer:process_mcq_responses:184 - MCQ processing complete: {'processed': 0, 'skipped': 0, 'errors': 2}
2026-05-30 17:09:36.155 | INFO     | notifications:notify_shortlisted_candidates:165 - Notification check: 0 shortlisted candidates.
2026-05-30 17:09:37.095 | INFO     | notifications:notify_shortlisted_candidates:233 - Notifications done: {'sent': 0, 'skipped': 0, 'failed': 0}
2026-05-30 17:09:37.264 | INFO     | notifications:notify_rejected_candidates:344 - Rejection check: 1 rejected candidates.
2026-05-30 17:09:37.474 | INFO     | notifications:notify_rejected_candidates:369 - Rejection notifications done: {'sent': 0, 'skipped': 1, 'failed': 0}
2026-05-30 17:09:37.474 | INFO     | api:background_pipeline:48 - Poller: cycle complete.
INFO:     127.0.0.1:57129 - "GET /api/v1/stats HTTP/1.1" 200 OK
INFO:     127.0.0.1:57129 - "GET /api/v1/jobs HTTP/1.1" 200 OK
INFO:     127.0.0.1:57129 - "GET /api/v1/jobs/69f509c2bc3c3a0a6303fbc8/candidates HTTP/1.1" 200 OK
INFO:     127.0.0.1:57129 - "GET /api/v1/jobs/6a09c1ac706a290bda80c131/candidates HTTP/1.1" 200 OK
INFO:     127.0.0.1:57131 - "GET /api/v1/stats HTTP/1.1" 200 OK
INFO:     127.0.0.1:57131 - "GET /api/v1/jobs HTTP/1.1" 200 OK
INFO:     127.0.0.1:57131 - "GET /api/v1/jobs/69f509c2bc3c3a0a6303fbc8/candidates HTTP/1.1" 200 OK
INFO:     127.0.0.1:57131 - "GET /api/v1/jobs/6a09c1ac706a290bda80c131/candidates HTTP/1.1" 200 OK
INFO:     127.0.0.1:57139 - "GET /api/v1/stats HTTP/1.1" 200 OK
INFO:     127.0.0.1:57139 - "GET /api/v1/jobs HTTP/1.1" 200 OK
INFO:     127.0.0.1:57139 - "GET /api/v1/jobs/69f509c2bc3c3a0a6303fbc8/candidates HTTP/1.1" 200 OK
INFO:     127.0.0.1:57139 - "GET /api/v1/jobs/6a09c1ac706a290bda80c131/candidates HTTP/1.1" 200 OK
INFO:     127.0.0.1:57140 - "GET /api/v1/stats HTTP/1.1" 200 OK
INFO:     127.0.0.1:57140 - "GET /api/v1/jobs HTTP/1.1" 200 OK
INFO:     127.0.0.1:57140 - "GET /api/v1/jobs/69f509c2bc3c3a0a6303fbc8/candidates HTTP/1.1" 200 OK
INFO:     127.0.0.1:57140 - "GET /api/v1/jobs/6a09c1ac706a290bda80c131/candidates HTTP/1.1" 200 OK
INFO:     127.0.0.1:57146 - "GET /api/v1/stats HTTP/1.1" 200 OK
INFO:     127.0.0.1:57146 - "GET /api/v1/jobs HTTP/1.1" 200 OK
INFO:     127.0.0.1:57146 - "GET /api/v1/jobs/69f509c2bc3c3a0a6303fbc8/candidates HTTP/1.1" 200 OK
INFO:     127.0.0.1:57146 - "GET /api/v1/jobs/6a09c1ac706a290bda80c131/candidates HTTP/1.1" 200 OK
2026-05-30 17:14:37.470 | INFO     | api:background_pipeline:41 - Poller: checking for new CVs...
2026-05-30 17:14:37.543 | ERROR    | intake.google_auth:get_google_credentials:29 - Error loading Google credentials: Could not find a suitable TLS CA certificate bundle, invalid path: /Users/fatoo/recruitment_ai/venv/lib/python3.11/site-packages/certifi/cacert.pem
2026-05-30 17:14:37.544 | WARNING  | intake.drive_fetcher:run:35 - DriveFetcher: Google authentication failed.
2026-05-30 17:14:37.702 | INFO     | extraction:process_pending_candidates:67 - Text extraction: found 0 candidates with status RECEIVED.
2026-05-30 17:14:37.702 | INFO     | extraction:process_pending_candidates:109 - Text extraction complete. Processed: 0, Failed: 0, Skipped: 0
2026-05-30 17:14:37.858 | INFO     | scoring.pipeline:run_scoring_pipeline:17 - Scoring pipeline: 0 candidates with status PROCESSING.
2026-05-30 17:14:37.858 | INFO     | scoring.pipeline:run_scoring_pipeline:89 - Scoring complete. {'scored': 0, 'shortlisted': 0, 'not_selected': 0, 'failed': 0}
2026-05-30 17:14:38.014 | INFO     | scoring.mcq_scorer:process_mcq_responses:73 - Checking MCQ responses for job: Software Engineer
2026-05-30 17:14:38.082 | ERROR    | intake.google_auth:get_google_credentials:29 - Error loading Google credentials: Could not find a suitable TLS CA certificate bundle, invalid path: /Users/fatoo/recruitment_ai/venv/lib/python3.11/site-packages/certifi/cacert.pem
2026-05-30 17:14:38.083 | ERROR    | scoring.mcq_scorer:process_mcq_responses:96 - Error reading MCQ sheet: 'NoneType' object has no attribute 'get'
2026-05-30 17:14:38.083 | INFO     | scoring.mcq_scorer:process_mcq_responses:73 - Checking MCQ responses for job: Data Analyst
2026-05-30 17:14:38.138 | ERROR    | intake.google_auth:get_google_credentials:29 - Error loading Google credentials: Could not find a suitable TLS CA certificate bundle, invalid path: /Users/fatoo/recruitment_ai/venv/lib/python3.11/site-packages/certifi/cacert.pem
2026-05-30 17:14:38.138 | ERROR    | scoring.mcq_scorer:process_mcq_responses:96 - Error reading MCQ sheet: 'NoneType' object has no attribute 'get'
2026-05-30 17:14:38.138 | INFO     | scoring.mcq_scorer:process_mcq_responses:184 - MCQ processing complete: {'processed': 0, 'skipped': 0, 'errors': 2}
2026-05-30 17:14:38.294 | INFO     | notifications:notify_shortlisted_candidates:165 - Notification check: 0 shortlisted candidates.
2026-05-30 17:14:39.228 | INFO     | notifications:notify_shortlisted_candidates:233 - Notifications done: {'sent': 0, 'skipped': 0, 'failed': 0}
2026-05-30 17:14:39.384 | INFO     | notifications:notify_rejected_candidates:344 - Rejection check: 1 rejected candidates.
2026-05-30 17:14:39.548 | INFO     | notifications:notify_rejected_candidates:369 - Rejection notifications done: {'sent': 0, 'skipped': 1, 'failed': 0}
2026-05-30 17:14:39.548 | INFO     | api:background_pipeline:48 - Poller: cycle complete.
INFO:     127.0.0.1:57147 - "GET /api/v1/stats HTTP/1.1" 200 OK
INFO:     127.0.0.1:57147 - "GET /api/v1/jobs HTTP/1.1" 200 OK
INFO:     127.0.0.1:57147 - "GET /api/v1/jobs/69f509c2bc3c3a0a6303fbc8/candidates HTTP/1.1" 200 OK
INFO:     127.0.0.1:57147 - "GET /api/v1/jobs/6a09c1ac706a290bda80c131/candidates HTTP/1.1" 200 OK
INFO:     127.0.0.1:57156 - "GET /api/v1/stats HTTP/1.1" 200 OK
INFO:     127.0.0.1:57156 - "GET /api/v1/jobs HTTP/1.1" 200 OK
INFO:     127.0.0.1:57156 - "GET /api/v1/jobs/69f509c2bc3c3a0a6303fbc8/candidates HTTP/1.1" 200 OK
INFO:     127.0.0.1:57156 - "GET /api/v1/jobs/6a09c1ac706a290bda80c131/candidates HTTP/1.1" 200 OK
INFO:     127.0.0.1:57169 - "GET /api/v1/stats HTTP/1.1" 200 OK
INFO:     127.0.0.1:57169 - "GET /api/v1/jobs HTTP/1.1" 200 OK
INFO:     127.0.0.1:57169 - "GET /api/v1/jobs/69f509c2bc3c3a0a6303fbc8/candidates HTTP/1.1" 200 OK
INFO:     127.0.0.1:57169 - "GET /api/v1/jobs/6a09c1ac706a290bda80c131/candidates HTTP/1.1" 200 OK
INFO:     127.0.0.1:57171 - "GET /api/v1/stats HTTP/1.1" 200 OK
INFO:     127.0.0.1:57171 - "GET /api/v1/jobs HTTP/1.1" 200 OK
INFO:     127.0.0.1:57171 - "GET /api/v1/jobs/69f509c2bc3c3a0a6303fbc8/candidates HTTP/1.1" 200 OK
INFO:     127.0.0.1:57171 - "GET /api/v1/jobs/6a09c1ac706a290bda80c131/candidates HTTP/1.1" 200 OK
